OBJECTID,municipality,scenario,period,cdd,csdi,cwd,fd,prcptot,r10mm,r20mm,r95p,r95ptot,r99p,r99ptot,rx1day,rx5day,sdii,tn10p,tn90p,tnlt2,tnn,tnx,tx10p,tx90p,txd_tnd,txge30,txgt50p,txn,txx,wsdi
1.0,Dr Beyers Naude,ssp126,far-term_2081-2100,2.7227247,-0.49053672,-0.114869796,-1.5303481624758228,-21.981274,-0.47434450487921964,0.0812394016957287,1.2191381,1.8508683,2.4284034,1.2659123,0.3075741,0.83983815,0.025695947228389256,-1.5316476,14.808953,-4.352432301740814,0.4095532,0.5098186,-0.40691528,12.587474,1.9221307,21.907951,9.675176,0.8172214,1.6497961,9.024466
1.0,Dr Beyers Naude,ssp126,mid-term_2041-2060,2.5690007,-0.48484525,0.003162029,-1.2729013539651837,-7.714369,-0.016099824028155404,0.15560110382338832,4.410319,1.6713382,2.079309,0.707123,-0.055395167,1.1099232,0.07085772488036186,-1.4791142,14.394203,-3.998868471953579,0.26062948,0.46932545,0.11710591,11.359843,1.7464392,18.437258,8.369388,0.7386272,1.4673674,7.5171304
1.0,Dr Beyers Naude,ssp126,near-term_2021-2040,1.2617136,0.17967604,0.090981066,-0.7960396518375243,-2.937762,0.09507038873780196,0.13214365701487762,3.755537,1.403513,1.8757974,0.64297086,-0.057861857,0.7930559,0.05406191420461815,-0.15702404,11.320713,-2.532113152804642,0.09325883,0.20519058,1.3652313,8.857842,1.1978222,12.661407,5.4777102,0.33007568,0.93453085,4.747534
1.0,Dr Beyers Naude,ssp245,far-term_2081-2100,3.9340465,-0.9994681,-0.12206843,-2.5611218568665377,-21.094831,-0.40421532554791223,0.06506159014557669,1.4123152,1.6878983,2.1252487,1.0537919,0.30274343,0.46497774,0.037219107448440605,-4.874232,24.757587,-7.835493230174082,1.3885336,2.061201,-3.4254236,19.017178,4.374089,37.664482,16.227043,1.7194124,2.438037,16.157156
1.0,Dr Beyers Naude,ssp245,mid-term_2041-2060,2.9331343,-0.62688583,-0.07196699,-1.9331237911025145,-14.475302,-0.24732576121153965,0.14185996907161522,3.9394758,2.0744305,4.5646033,1.6775085,0.80680823,1.5430511,0.09194054596440605,-2.6647935,16.307962,-5.8353965183752425,0.8677498,1.3255548,-1.2835462,13.452846,2.3771887,23.516806,10.79505,0.95675,1.5785458,9.461585
1.0,Dr Beyers Naude,ssp245,near-term_2021-2040,1.316288,0.222315,-0.042582724,-0.9782551155451487,-7.0968966,-0.192429611262198,0.07826067829147335,4.6643996,1.8159287,4.500264,1.4706461,0.99483204,0.45258787,0.07428724479562991,0.19840582,9.495142,-2.9925964572941055,0.36788148,0.65415555,1.096082,8.550813,1.1003722,11.269878,5.4581227,0.52274966,0.7441812,4.665288
1.0,Dr Beyers Naude,ssp370,far-term_2081-2100,7.779527,-1.281571,-0.28093368,-3.4153127014829145,-38.891212,-1.038529835226364,0.020228763397856363,0.68890274,2.571764,3.8681982,1.9853071,0.511915,-1.135272,0.029104720253064806,-7.417282,39.742165,-10.429754996776271,2.1172757,2.7898238,-5.2805953,27.609669,9.129306,58.0567,22.157068,2.4474552,3.8298113,32.878757
1.0,Dr Beyers Naude,ssp370,mid-term_2041-2060,3.0776796,-0.73706746,-0.09353157,-2.2351708575112834,-12.103578,-0.2243641017437212,0.14374500079987199,4.7989373,2.1929152,3.4410565,1.1911011,0.31950873,0.7903517,0.07054629931899993,-3.2102594,19.722553,-6.4344240275091344,0.7921959,0.98380405,-0.95873797,14.40636,2.8086202,24.26226,10.989698,1.0437753,1.7902701,10.483841
1.0,Dr Beyers Naude,ssp370,near-term_2021-2040,2.043301,-0.16230386,0.03815933,-1.3125349237051365,-3.9513416,0.12518796992481174,0.204159334506479,6.647783,2.2064986,3.6625679,1.111624,0.36685586,2.192486,0.11276162453488137,-0.4791135,11.544093,-3.5617880937029893,0.26714057,0.2911784,1.5500275,8.616362,1.1775326,11.140629,5.093009,0.3852724,0.94505626,4.545129
1.0,Dr Beyers Naude,ssp585,far-term_2081-2100,8.584045,-1.2954062,-0.20869462,-3.7419729206963246,-44.597286,-1.102746227270303,0.016530688423185724,-1.4906532,2.6081598,2.9208722,2.0275435,-0.17732908,-1.3669789,0.020776079391264725,-8.290958,46.70651,-11.488442940038686,2.893165,3.9232001,-6.9150968,33.83345,12.891067,75.69442,27.66569,3.250912,4.4578195,48.683773
1.0,Dr Beyers Naude,ssp585,mid-term_2041-2060,3.4514725,-0.8951644,-0.07110592,-2.343046930672911,-16.790966,-0.3112568655681756,0.1552844878152829,3.4012792,1.9986117,4.24473,1.5517778,0.754792,1.8618699,0.07220138257221562,-3.829168,20.608017,-6.982009060368522,1.1114857,1.7427287,-2.181079,16.204567,3.3901303,30.390589,13.208736,1.271497,2.1432714,13.077086
1.0,Dr Beyers Naude,ssp585,near-term_2021-2040,1.91971,-0.1525043,0.06861039,-1.2403873562048253,-1.5369035,0.18073908174692047,0.2398842851810378,7.8501325,2.5190825,5.245842,1.5959256,1.4066471,2.7555919,0.1286467083466845,-0.44608527,10.924631,-3.7203807390817474,0.5133948,0.8025045,0.6601887,9.528144,1.4021302,13.683923,6.6994,0.6427342,0.97158617,5.37045
2.0,Makana,ssp126,far-term_2081-2100,0.84348744,-0.61401516,-0.05418976,-0.1158712121212121,-25.805277,-0.7380847953216376,0.004943609022556157,0.972421,1.1919693,3.0198886,0.87154675,0.17012088,-0.50204974,-0.03716986264274006,-1.8647448,18.302687,-0.7162499999999999,0.2728458,1.0938848,1.024354,12.191782,2.1313636,22.473854,7.926964,0.2757465,1.9692827,5.1653714
2.0,Makana,ssp126,mid-term_2041-2060,1.3384889,-0.77609843,-2.2967657e-05,-0.09462121212121209,-12.467209,0.010248538011695452,0.19911027568922327,3.1720707,0.9305474,1.5562948,0.3682278,-0.7583154,-0.6368701,0.022026296574890154,-1.7681032,18.137592,-0.7166666666666667,0.30690363,1.0273765,1.3133283,11.236025,2.0192804,19.431767,6.9066796,0.25065836,1.7167568,5.071512
2.0,Makana,ssp126,near-term_2021-2040,-0.08817768,-0.2844318,0.13997738,-0.0021212121212121266,-3.026759,0.06691520467836269,0.1591102756892225,3.1849034,0.84421664,1.1814495,0.32598796,-0.2054456,0.17478053,0.00018710493389573202,-0.407475,14.864353,-0.34375000000000006,-0.057243157,0.8894736,2.6833572,9.180508,1.4705305,13.989685,4.4328156,-0.10415888,1.3870493,3.2798455
2.0,Makana,ssp245,far-term_2081-2100,1.3626556,-1.2655303,-0.08696707,-0.17045454545454541,-24.237482,-0.5525689223057627,-0.104699248120301,-2.892044,0.28738213,-0.05182044,0.24577475,-0.47353554,-2.9802272,-0.0510508430711735,-4.430545,23.126045,-1.1795454545454545,1.2512177,1.851903,-3.1540885,16.59055,3.1178231,36.382256,14.767947,1.5707203,2.2246418,8.714285
2.0,Makana,ssp245,mid-term_2041-2060,0.8701938,-0.8454546,-0.050856113,-0.13333333333333328,-14.437205,-0.2382832080200501,0.185380116959064,6.5984244,1.7758545,7.7013426,1.6310862,1.7584171,3.528262,0.07805980532196018,-2.2136,15.2397585,-0.8882575757575758,0.74578524,1.1927986,-0.9839503,11.850281,1.6878788,21.619839,9.443502,0.9341571,1.443758,4.903321
2.0,Makana,ssp245,near-term_2021-2040,0.055989265,-0.08588523,-0.043355703,-0.057097288676236035,-8.863643,-0.5576681286549704,0.01702694235588953,5.803167,1.4199991,7.616658,1.500076,0.94878197,0.9532197,0.016792807813975703,0.49807343,8.710804,-0.42928628389154705,0.25689563,0.60327625,1.3562926,7.4808345,0.7628322,9.764873,4.371126,0.49170732,0.75533676,2.3453636
2.0,Makana,ssp370,far-term_2081-2100,2.3424823,-1.3899411,-0.16620676,-0.24406565656565657,-47.63293,-1.3084795321637432,-0.14273182957393482,-2.5658875,0.99387425,1.9124098,0.821214,-0.60694885,-3.9746711,-0.044711840420683956,-7.2802677,41.598667,-1.6541666666666666,1.9570665,3.1560414,-4.3953605,24.485733,8.105346,61.64774,19.543972,1.7836488,3.9373207,20.90967
2.0,Makana,ssp370,mid-term_2041-2060,1.5280062,-1.0941077,-0.26445246,-0.19545454545454546,-16.170599,-0.4404970760233929,0.22612781954887207,7.128473,1.8858738,5.723598,1.240489,0.86594135,0.07851919,0.031046458634590213,-3.4226282,22.606432,-1.1949074074074073,0.6720021,1.4835418,0.12587643,13.650948,2.7701597,25.846811,9.296718,0.5411153,2.0713303,6.536059
2.0,Makana,ssp370,near-term_2021-2040,0.812218,-0.5042929,0.04212634,-0.1042508417508417,-7.7147727,0.01081871345029306,0.16165413533834547,4.798804,1.1907622,3.4770463,0.72573334,-0.2175738,0.44551468,0.06502367712752877,-0.6321246,14.305936,-0.7060185185185186,0.07049575,0.9534648,2.700965,8.974841,1.4252524,12.700984,4.2809596,-0.032232285,1.4264876,3.1832812
2.0,Makana,ssp585,far-term_2081-2100,2.5106704,-1.4253788,-0.14926879,-0.25151515151515147,-55.226368,-1.7168546365914787,-0.23525480367585624,-4.777817,1.0938717,3.7313511,1.3688122,-0.4321537,-4.111853,-0.13786809393213417,-8.122024,44.62215,-1.686742424242424,2.6788144,3.5027053,-6.7890854,29.246296,9.98144,78.07136,25.50576,2.896112,4.099066,30.762844
2.0,Makana,ssp585,mid-term_2041-2060,1.0412267,-1.0837121,0.09041357,-0.17916666666666667,-19.042215,-0.3783625730994151,0.0933166248955722,2.833622,1.111103,4.9102983,1.0620235,0.55725735,0.4502697,-0.012582471122962216,-3.5844145,19.590885,-1.143640350877193,0.95314926,1.5207525,-1.9742314,14.231296,2.433094,28.880222,11.777635,1.1104633,1.9061489,6.902924
2.0,Makana,ssp585,near-term_2021-2040,0.50908375,-0.54322165,-0.033792257,-0.11760366826156295,-9.810089,-0.0017752715121120606,0.09133249791144538,2.948082,0.9497468,5.3540244,1.1145914,0.5948722,1.3452848,0.039028063717804574,-0.06544288,10.351122,-0.6097886762360446,0.46398,0.7495165,0.80757827,8.635502,1.0557218,12.642945,5.7574344,0.533562,1.0468565,2.9660192
3.0,Ndlambe,ssp126,far-term_2081-2100,0.7581272,-0.47333348,-0.08255434,-0.002424242424242426,-28.691446,-0.9697765246449451,-0.012374686716791464,0.18019104,1.0019665,3.765976,0.9785735,-0.13117981,-1.232048,-0.08929584762425218,-1.7324934,22.360332,0.00856060606060606,0.17039378,1.6957588,2.4522183,13.350946,3.095606,22.81361,7.423528,-0.21940453,2.2719269,5.5407267
3.0,Ndlambe,ssp126,mid-term_2041-2060,0.98812866,-0.4800001,0.011612098,0.003409090909090908,-15.936971,-0.1722765246449439,0.19679197994987474,3.0830486,1.0070444,1.7308451,0.4256538,-0.9377505,-1.3895925,-0.038379410616870814,-1.6249012,22.100666,0.025227272727272737,0.16381693,1.6509546,2.6843882,12.577667,3.0447729,20.386114,6.5337424,-0.23500983,2.1229732,5.6275687
3.0,Ndlambe,ssp126,near-term_2021-2040,0.27396202,-0.20333342,0.15327866,0.01840909090909091,-2.4327393,0.07605680868838742,0.30095864661654126,7.3447723,1.4306902,2.989104,0.598407,-0.2436587,-0.077067055,-0.014831502910282643,-0.15738647,18.648409,0.0677272727272727,-0.19475555,1.505879,4.1354012,10.47304,2.2897725,16.267778,4.133509,-0.5376517,1.8280602,3.7670424
3.0,Ndlambe,ssp245,far-term_2081-2100,1.2387644,-1.2007576,-0.097911835,-0.0053030303030303025,-31.312113,-0.7090225563909769,-0.10066833751044246,-2.2770946,0.57178813,1.4620985,0.58696955,-0.5312004,-3.1583989,-0.07552005584679566,-4.6788683,23.329699,-0.0568181818181818,1.2205306,1.7238725,-3.5176556,16.471592,3.4038677,29.989075,15.297164,1.5026547,1.96654,8.053467
3.0,Ndlambe,ssp245,mid-term_2041-2060,0.78320885,-0.8310607,-0.110610165,-0.0015151515151515156,-18.39976,-0.4193400167084362,0.2398078529657477,7.8824334,1.9553972,8.837436,1.7623763,1.2892227,2.938825,0.04692316504580951,-2.3430173,15.131415,-0.036363636363636355,0.7113226,1.1061617,-1.2623024,11.6059065,1.8318183,17.085049,9.734181,0.96366054,1.2697996,4.4507933
3.0,Ndlambe,ssp245,near-term_2021-2040,0.08396212,0.02898717,-0.04588763,0.005303030303030305,-10.501282,-0.5389431913116116,0.10179197994987454,6.9499993,1.558761,7.993763,1.4939283,0.6805255,0.8051351,-0.005661638171771936,0.36122546,8.615004,0.012878787878787887,0.26579633,0.5642535,1.1787348,7.3368526,0.85427076,7.737842,4.41893,0.50481004,0.73011017,2.045405
3.0,Ndlambe,ssp370,far-term_2081-2100,1.6795305,-1.3305556,-0.23926544,0.0038720538720538734,-55.467945,-1.4939431913116124,-0.08233082706766896,-2.1459224,1.2392362,0.93116635,0.6736916,-1.1619555,-5.2109985,-0.10073358924665143,-6.983678,43.660248,-0.06153198653198653,1.580017,3.5387352,-3.7938554,25.156862,9.383754,58.24667,19.554234,1.2761034,4.0729537,20.773281
3.0,Ndlambe,ssp370,mid-term_2041-2060,1.1435655,-0.975926,-0.25417757,-0.0026094276094276096,-21.784891,-0.7720133667502077,0.1238095238095241,4.9050827,1.5420622,6.2741113,1.3391038,0.35817084,-1.092954,-0.021555896409045577,-2.9609947,25.569687,-0.03560606060606059,0.39041328,2.0024903,1.2153629,14.707958,3.7819028,26.307775,9.04893,-0.0057074227,2.3973057,6.992724
3.0,Ndlambe,ssp370,near-term_2021-2040,0.45146242,-0.28148153,-0.027861437,0.024242424242424242,-8.59259,-0.025522138680032686,0.24661654135338384,7.5039954,1.5361875,5.57025,1.0465215,-0.2367007,0.70467633,0.03342526573856445,-0.119551025,17.33764,0.05143097643097644,-0.171364,1.5107397,4.0573716,10.188747,2.198569,14.848519,4.0260606,-0.48324203,1.8711153,3.392725
3.0,Ndlambe,ssp585,far-term_2081-2100,2.676859,-1.3871213,-0.25187984,-0.008333333333333333,-62.711323,-1.795530492898914,-0.1617794486215535,-3.641009,1.3711777,5.135549,1.6202987,-0.62481946,-4.462065,-0.1517290564544623,-8.283293,45.37869,-0.07196969696969696,2.591177,3.2502716,-7.226189,29.43681,10.437121,68.46914,26.799908,2.8546722,3.6060028,30.509523
3.0,Ndlambe,ssp585,mid-term_2041-2060,0.6578083,-1.0651516,0.055262726,-0.006060606060606058,-22.091654,-0.5748955722639923,0.17949039264828773,6.1886573,1.6661123,6.8564277,1.3512565,0.5802994,0.6601817,-0.02365436508953363,-3.7618918,19.646868,-0.043939393939393924,0.9110711,1.4066919,-2.3061,14.052753,2.627831,23.398405,12.106734,1.1104876,1.6609102,6.3611107
3.0,Ndlambe,ssp585,near-term_2021-2040,0.49193764,-0.45390758,-0.106641926,-0.0053030303030303025,-13.351155,-0.14235588972431104,0.15488721804511307,4.2593865,1.1859633,7.0081162,1.3753251,0.6035182,0.6389796,0.002881967000163558,-0.1569643,10.334347,-0.03712121212121212,0.4014225,0.6850796,0.6376203,8.54745,1.1539873,9.682019,5.8631425,0.53262013,0.9527664,2.574603
4.0,Mbhashe,ssp126,far-term_2081-2100,0.53050005,-0.7994545,-0.045311928,-0.027772727272727272,-12.578064,-0.8121892230576477,0.17196741854636705,6.7892075,1.1531948,5.4000335,0.73133135,0.46439743,1.6297958,-0.0532113117932127,-3.046815,27.235441,-0.2444545454545454,0.47760797,1.5226002,1.2651684,15.416903,3.494904,20.9879,9.168035,0.043315124,1.9471786,7.0031075
4.0,Mbhashe,ssp126,mid-term_2041-2060,0.4974987,-0.8834545,0.139188,-0.02477272727272727,-10.216736,-0.6266892230576453,0.021967418546366524,2.895842,0.50664294,5.6411486,0.6834199,-0.13846664,1.6034272,-0.04479374737682438,-3.0435495,26.612572,-0.25945454545454544,0.48974118,1.4637661,1.4143095,14.545122,3.2789042,19.086899,8.481999,-0.0012332916,1.8110435,6.7036343
4.0,Mbhashe,ssp126,near-term_2021-2040,-0.14550018,-0.2959545,0.24518757,-0.01427272727272727,8.841113,-0.005689223057645876,0.1229674185463665,8.479256,0.8348789,5.3820357,0.5968565,0.48916703,4.10408,0.012833584725403746,-1.6630123,22.26315,-0.1964545454545454,0.14221135,1.213126,3.032091,11.609838,2.3174043,14.274397,5.532401,-0.30628318,1.4411132,4.366266
4.0,Mbhashe,ssp245,far-term_2081-2100,0.7304748,-1.2377273,0.17423515,-0.03772727272727273,1.230957,-0.3537844611528868,0.10363408521303334,7.0559797,0.6822647,6.5169554,0.7143234,0.55913085,0.23668365,-0.03275633997012815,-5.4820776,30.564583,-0.3413636363636363,1.4764794,1.7715591,-4.1779356,21.711159,5.040407,32.006317,17.845646,1.6212933,2.0173652,14.592331
4.0,Mbhashe,ssp245,mid-term_2041-2060,0.09761772,-0.7545454,-0.063383676,-0.015909090909090907,-5.560071,-0.4171177944862173,0.20077694235589014,10.353908,1.3445385,8.082315,0.9653269,0.88050616,2.460205,0.00553038157075818,-3.060513,19.75153,-0.23954545454545456,0.8490362,1.1211116,-1.6062425,14.776316,2.3135407,17.623852,11.48458,1.0037477,1.2800621,6.9908023
4.0,Mbhashe,ssp245,near-term_2021-2040,0.57800066,0.013660383,-0.16081257,-0.01272727272727272,-1.4535278,-0.5386892230576457,0.25146741854636706,13.148176,1.5941803,9.838587,1.1953605,1.7076248,3.8067994,0.03526229616374508,-0.14469776,11.311069,-0.14452153110047844,0.34118548,0.6072216,0.6547333,9.165743,0.91188467,7.9002395,6.1199403,0.5900568,0.69022065,2.7976441
4.0,Mbhashe,ssp370,far-term_2081-2100,0.7431568,-1.3587879,0.16308232,-0.04171717171717172,-15.026624,-0.9772681704260663,0.24538847117794518,13.772832,1.7828926,10.228318,1.2604305,0.99629134,0.97384185,-0.016925974719073443,-7.980619,53.634354,-0.42101010101010095,2.2519085,3.40633,-4.8113103,31.28154,13.159348,62.578396,22.49401,1.5481272,4.0806265,32.75723
4.0,Mbhashe,ssp370,mid-term_2041-2060,1.5705258,-1.0743434,-0.2442852,-0.03782828282828283,-6.5885987,-0.6641102756892252,0.26802005012531344,14.427788,1.8492367,11.501672,1.3842695,1.4518028,2.6980453,0.04633364040276007,-4.478542,32.44494,-0.34767676767676764,0.8490838,1.8258069,0.013990974,18.120808,4.7121263,26.077843,11.443405,0.24683304,2.238446,9.964452
4.0,Mbhashe,ssp370,near-term_2021-2040,0.8636845,-0.43601003,-0.02428627,-0.030606060606060602,-2.5139282,-0.43463659147870004,0.18644110275689343,10.612383,1.2754734,8.341227,1.0152619,1.799797,4.5625105,0.05719618859891309,-1.6692317,21.753119,-0.29267676767676765,0.3050499,1.1472504,2.8736193,11.847655,2.2915711,13.883397,5.689176,-0.27383804,1.5546868,4.5750084
4.0,Mbhashe,ssp585,far-term_2081-2100,0.58809584,-1.3490909,0.39471167,-0.041363636363636366,-6.779639,-1.079974937343362,0.11315789473684212,12.879286,1.5685794,15.7481,1.8794353,2.8694062,4.51192,-0.059244288988969454,-8.771426,55.544243,-0.4227272727272727,3.0657947,3.5356395,-7.6272078,37.543045,15.768994,77.84203,29.550547,3.0036907,3.921595,48.83604
4.0,Mbhashe,ssp585,mid-term_2041-2060,0.9361908,-0.9936363,-0.011002541,-0.035909090909090904,-4.5173707,-0.467117794486218,0.2741102756892239,10.412602,1.2642429,6.8572373,0.81125057,1.0552139,3.8908553,0.004442001043616628,-4.611859,26.478743,-0.34038277511961723,1.2206,1.5567135,-2.9390602,18.839893,3.9954786,25.82196,14.686989,1.2835019,1.7856414,10.911279
4.0,Mbhashe,ssp585,near-term_2021-2040,0.29047507,-0.20090905,0.020425797,-0.02136363636363636,-2.8887818,-0.28711779448621966,0.18553884711779478,10.259306,1.2763016,8.547637,1.027025,0.9759415,5.0580263,0.022793888717753497,-1.0437084,13.629867,-0.24442583732057416,0.6627894,0.7510319,0.18098068,10.645334,1.3924402,10.287943,7.4095526,0.61942214,0.8677551,3.5046113
5.0,Mnquma,ssp126,far-term_2081-2100,0.7812889,-0.6290454,-0.11832447,-0.0643181818181818,-13.888159,-0.6227130325814535,0.1670125313283206,6.672885,1.2440128,5.0538473,0.7328254,0.6460106,1.6882324,-0.03449767508047472,-2.7462425,24.81831,-0.3519545454545454,0.45215687,1.3494008,1.0462214,14.694518,2.9096818,19.370804,9.0192995,0.15315476,1.9142578,6.209173
5.0,Mnquma,ssp126,mid-term_2041-2060,0.94328845,-0.71604544,0.117675684,-0.0718181818181818,-9.833545,-0.5732130325814524,0.09551253132832063,3.8911102,0.6453934,4.592201,0.595809,0.07345657,1.6149918,-0.033455876748455536,-2.7725105,24.24273,-0.40945454545454546,0.4809992,1.2957604,1.2065405,13.740749,2.8141818,17.350805,8.309344,0.12296505,1.7242569,5.892857
5.0,Mnquma,ssp126,near-term_2021-2040,-0.14720993,-0.09954546,0.17617568,-0.0463181818181818,7.8682494,0.09878696741854753,0.1415125313283207,8.574051,0.9184799,6.0459633,0.72623855,0.77878726,3.5689132,0.025973545785454456,-1.3864111,20.136465,-0.23995454545454548,0.12514615,1.0507561,2.7673283,10.928866,1.9261818,13.111804,5.3983088,-0.20732918,1.3471076,3.7449622
5.0,Mnquma,ssp245,far-term_2081-2100,0.64005053,-1.0954546,0.036842536,-0.0977272727272727,-0.914563,-0.3671177944862144,0.12691729323308304,7.638919,0.83350295,7.190421,0.8331598,0.60187453,-0.15529633,-0.021355442534035162,-5.2580185,29.159582,-0.5504545454545454,1.44763,1.7716072,-3.953906,20.817638,4.568493,29.943853,17.191957,1.6224865,2.0549636,13.116265
5.0,Mnquma,ssp245,mid-term_2041-2060,0.14338608,-0.62590903,-0.013633537,-0.061363636363636356,-5.6701417,-0.31092731829573667,0.21120300751879634,10.55422,1.4628792,8.655812,1.0971233,1.1857865,2.6897857,0.0312989762299706,-2.8644705,18.900126,-0.3981818181818181,0.82145464,1.1319447,-1.4814062,14.287915,2.1431818,16.697487,11.030859,0.9953316,1.3042717,6.335564
5.0,Mnquma,ssp245,near-term_2021-2040,0.75128824,0.13916269,-0.16882506,-0.03499999999999999,-1.4927368,-0.34471303258144986,0.20301253132832092,13.325574,1.6998295,12.106335,1.5368278,2.3287346,4.059874,0.05708314761099551,0.0022455216,10.80443,-0.21559808612440184,0.30183408,0.60296667,0.8158699,8.799344,0.8049362,7.572894,5.7670097,0.583556,0.702047,2.3791227
5.0,Mnquma,ssp370,far-term_2081-2100,0.8652889,-1.2678788,0.034386255,-0.11848484848484846,-19.08966,-1.0683709273182949,0.2434335839598994,11.900919,1.7991222,8.457686,1.1604376,0.89695966,0.4668991,-0.020130066804052403,-7.9388847,51.585175,-0.7432323232323232,2.2763796,3.2802835,-4.8006735,29.852781,11.824848,57.352085,21.836435,1.6767896,4.0307107,29.14239
5.0,Mnquma,ssp370,mid-term_2041-2060,1.6873928,-0.9817677,-0.124560736,-0.10292929292929291,-5.888379,-0.5962656641603992,0.32132832080200463,14.871219,2.0098515,9.8930645,1.2580999,1.6081474,2.4149308,0.06813040738281728,-4.3352585,30.365381,-0.5748989898989898,0.8655192,1.6308979,-0.13653469,17.094782,4.022071,23.574305,11.00598,0.36381227,2.146974,8.899056
5.0,Mnquma,ssp370,near-term_2021-2040,0.7768688,-0.34621215,0.03175459,-0.0879292929292929,-3.3987305,-0.3615288220551342,0.21080200501253116,10.514114,1.3664036,6.646974,0.82995605,1.550174,3.6992784,0.061635688146611224,-1.5714457,19.822556,-0.4232323232323233,0.3158361,0.98077357,2.6837087,11.030106,1.8381817,12.497085,5.426898,-0.16815205,1.4626129,3.9585004
5.0,Mnquma,ssp585,far-term_2081-2100,0.86957514,-1.2690909,0.25493726,-0.11772727272727271,-12.4980955,-1.138070175438596,0.06501253132832101,10.425128,1.5053151,15.999231,2.0879984,2.941684,3.7415543,-0.07563285925945955,-8.628432,53.477604,-0.7568181818181818,3.0217962,3.5211437,-7.41503,35.971424,14.476364,71.86839,28.605936,3.0134027,3.9505296,43.75271
5.0,Mnquma,ssp585,mid-term_2041-2060,1.2667179,-0.8772727,-0.010776329,-0.09409090909090907,-5.8231077,-0.4523558897243113,0.2607268170426066,9.918841,1.256324,6.3968706,0.78379583,1.4243004,3.8286254,0.014114544720475663,-4.459616,25.254396,-0.5536602870813396,1.1833762,1.5427059,-2.733876,17.995918,3.5365074,24.187849,14.088028,1.2596124,1.7971795,9.678898
5.0,Mnquma,ssp585,near-term_2021-2040,0.33385962,-0.16078953,-0.07696724,-0.06952153110047846,-3.119983,-0.22330827067669076,0.23596491228070154,9.875394,1.3033104,9.203466,1.146904,1.4143044,5.1402297,0.04100999784868993,-0.9073027,13.153966,-0.36196172248803826,0.6495346,0.7708656,0.33363953,10.313497,1.2461005,9.872486,7.1118155,0.6266758,0.89114225,3.2312782
6.0,Inxuba Yethemba,ssp126,far-term_2081-2100,4.4145555,-0.40109628,-0.015343974,-5.198235294117647,-13.3586645,-0.12302668435795325,0.29809560666371804,7.0750475,2.373998,4.8759193,1.4181178,0.43773124,0.5161714,0.13213846087102588,-0.675888,12.789079,-9.799050802139035,0.4144769,0.2557794,-0.6917224,13.626629,1.7129419,24.712797,10.371863,0.8563199,1.6019325,12.532545
6.0,Inxuba Yethemba,ssp126,mid-term_2041-2060,4.6511736,-0.3609492,-0.00034399593,-4.519705882352942,0.3821411,0.18947331564204623,0.3363309007813651,9.1980295,2.189286,5.8921123,1.4904096,1.1737825,2.3768003,0.1477483918852742,-0.5900554,12.303267,-8.898021390374334,0.2670391,0.23067912,-0.16712631,12.070072,1.5338242,19.93353,8.888893,0.79187727,1.2528958,10.483164
6.0,Inxuba Yethemba,ssp126,near-term_2021-2040,3.0476437,0.37449193,0.1631854,-2.8502941176470578,-0.9801079,-0.04876197847560045,0.1788309007813653,4.17849,1.1286507,2.9784744,0.7768967,0.17058732,0.38026765,0.07102903232867414,0.50784403,9.32778,-5.445668449197861,0.0790827,-0.120407216,1.2004797,9.191833,1.0216184,13.521323,5.697746,0.3393204,0.80359894,7.589201
6.0,Inxuba Yethemba,ssp245,far-term_2081-2100,5.8349543,-0.907754,-0.030974444,-9.603877005347595,-11.914266,-0.2227185611086536,0.336702049240749,8.880009,2.707222,5.9335866,1.6822438,0.71020263,1.0424502,0.15772049271906935,-3.9690583,23.903465,-19.77125668449198,1.3942573,2.0862222,-3.3690443,21.738026,4.858373,43.933014,17.252377,1.7235706,2.668739,24.789799
6.0,Inxuba Yethemba,ssp245,mid-term_2041-2060,4.186496,-0.41737968,0.12518813,-6.911497326203209,-8.011936,-0.12243844906383572,0.3235367831343062,9.896034,2.7887938,7.6972275,2.0509005,1.4671574,2.6051838,0.19152827491450322,-1.7134877,15.48522,-13.934090909090909,0.77809924,1.3694915,-1.1259583,15.106578,2.406966,27.07226,11.409346,0.8538383,1.7216285,14.083201
6.0,Inxuba Yethemba,ssp245,near-term_2021-2040,2.5842605,0.58494216,0.0027440016,-3.3507810301153937,-4.2487597,-0.2506737431814828,0.1778014890166593,6.8788147,1.8834133,6.209031,1.5905956,1.1803172,0.7215931,0.13593331792335087,0.9126423,8.839664,-6.786096256684491,0.33086243,0.60861254,1.237058,9.159873,1.0186768,12.43767,5.770851,0.38922563,0.707923,6.5949945
6.0,Inxuba Yethemba,ssp370,far-term_2081-2100,10.769872,-1.2805407,-0.005344054,-13.427287581699346,-26.833199,-0.7639245171752909,0.375858764558455,11.108011,3.890591,9.370662,2.7929084,1.3991265,0.9852984,0.24153313612473692,-6.6819296,37.854454,-27.84396910279263,2.0960684,2.8486874,-5.458377,32.045223,10.177926,69.262505,23.921833,2.5831845,4.409481,50.015575
6.0,Inxuba Yethemba,ssp370,mid-term_2041-2060,5.3197184,-0.59344923,0.029640393,-7.847058823529412,2.742331,0.3274067521745548,0.4448990122364735,14.646893,3.444258,9.698969,2.3650053,1.7158638,2.2112002,0.24407438536400056,-2.3546143,17.712084,-14.755407011289364,0.7177679,0.90759826,-1.0979313,16.042667,2.6810303,27.96054,12.0335655,1.0896214,1.8538762,15.514106
6.0,Inxuba Yethemba,ssp370,near-term_2021-2040,3.4463437,0.045439634,0.07964031,-4.034803921568629,-0.7206852,0.2588309007813655,0.239326256818517,6.650934,1.6215671,4.382066,1.0920225,0.49667236,0.66325694,0.15194748767971547,0.19288333,10.032734,-7.06145276292335,0.31554732,0.12899052,1.1551913,9.54011,1.119919,13.476389,5.9454765,0.41236266,0.95582783,7.3149233
6.0,Inxuba Yethemba,ssp585,far-term_2081-2100,12.98033,-1.3213904,-0.069349766,-14.854010695187169,-33.369255,-0.8007297655904465,0.35476927613150516,9.014284,3.882104,7.436271,2.497951,1.1210208,0.9641032,0.2403990084366642,-7.639964,45.540676,-31.58449197860963,2.8070219,4.2948194,-6.8255744,38.89084,14.633436,89.45676,28.97308,3.357348,5.308495,69.51051
6.0,Inxuba Yethemba,ssp585,mid-term_2041-2060,6.20176,-0.77032083,0.09297522,-8.38161412890515,-9.693031,-0.13154209052041815,0.336421937195931,8.674558,2.4819832,5.9997544,1.5965618,0.85324997,1.7336594,0.17844137875001068,-2.9388635,20.193153,-16.900028145229385,1.0666069,1.8329375,-2.169314,18.608011,3.7789333,36.112064,14.239449,1.1837434,2.3452053,19.847626
6.0,Inxuba Yethemba,ssp585,near-term_2021-2040,2.4251504,0.10283565,0.045356188,-4.327758232479595,0.90660363,0.29268760135633287,0.3288589119858469,7.8897758,1.917964,5.5859942,1.374592,0.6414448,1.4327743,0.18309091685386605,0.27704957,10.351165,-8.584674922600618,0.4811984,0.8206023,0.70651656,10.525152,1.4122643,15.991782,7.1819425,0.56751144,0.9623815,8.036562
7.0,Dr AB Xuma,ssp126,far-term_2081-2100,1.9468282,-0.6951515,0.02033933,-0.9902272727272724,-3.8392131,-0.3440309106098631,0.37222222222222195,9.2907715,1.5511036,3.2363987,0.53041106,-0.088897705,0.8625323,0.003338709471914688,-2.1143267,18.10577,-3.4105303030303022,0.56709224,0.6592922,-0.33281994,13.537217,2.0241268,21.24463,9.51695,0.61998206,1.4372381,7.301003
7.0,Dr AB Xuma,ssp126,mid-term_2041-2060,1.4959946,-0.7534849,0.017006874,-0.9835606060606056,-0.8607381,-0.1648642439431948,0.07055555555555608,4.065702,0.5803547,3.2592602,0.494274,-0.0827713,1.5482088,0.012579983003561187,-1.9858738,17.596746,-3.2255303030303017,0.4813913,0.61220104,-0.074564934,12.417508,1.8649602,18.795462,8.707221,0.57516414,1.2861074,6.4869676
7.0,Dr AB Xuma,ssp126,near-term_2021-2040,1.1709938,-0.009318233,0.26783943,-0.669393939393939,7.9133096,0.10263575605680941,0.13305555555555607,4.1882224,0.4503212,1.9857813,0.26654974,-0.3693606,2.211539,0.013361128154781632,-0.5517165,13.429914,-2.1221969696969682,0.17574857,0.32893625,1.4081163,9.492647,1.2116268,12.67046,5.654218,0.25381598,0.77850723,4.4510026
7.0,Dr AB Xuma,ssp245,far-term_2081-2100,0.673851,-1.2257576,0.21156995,-1.267424242424242,9.051738,-0.07823725981621028,0.25714285714285756,8.946681,0.9645462,6.1786666,0.8178938,0.4015007,0.57386273,0.010644212788913698,-4.9163995,28.023209,-4.773484848484847,1.5003111,1.937631,-3.7961586,21.47514,4.7036686,40.830738,17.19252,1.7270616,2.277607,17.651169
7.0,Dr AB Xuma,ssp245,mid-term_2041-2060,0.29528046,-0.6431818,0.013157845,-0.9371212121212119,-0.70426434,-0.009189640768589413,0.31031746031746116,9.458882,1.453228,3.5863044,0.5434232,0.01264445,1.5144743,0.027700085706476568,-2.6057546,18.066856,-3.5416666666666656,0.89290535,1.2524319,-1.3136898,14.63202,2.1893542,23.776672,11.110569,0.9904124,1.421084,8.7320385
7.0,Dr AB Xuma,ssp245,near-term_2021-2040,2.4618225,0.0020333927,-0.20132668,-0.47763157894736824,-3.6421509,-0.3915309106098614,0.20138888888888914,9.254872,1.5315279,6.971495,1.1174111,0.730601,2.1506157,0.028333065342744785,0.17691104,10.345728,-1.903708133971291,0.33303338,0.64034015,0.8827937,8.887577,0.9072036,10.8127985,5.8574815,0.50300056,0.70980453,3.3956556
7.0,Dr AB Xuma,ssp370,far-term_2081-2100,1.9730988,-1.4762627,0.0045949616,-1.8486531986531984,-7.1766562,-0.3641186299081056,0.40204678362573176,15.701291,2.3286655,9.3523245,1.4286485,0.55338544,1.0891762,0.06894080933271685,-7.845053,47.71652,-6.987289562289561,2.7382874,3.0614128,-5.459582,30.259912,11.067553,66.45545,22.649689,2.204711,3.9081357,35.232433
7.0,Dr AB Xuma,ssp370,mid-term_2041-2060,2.48187,-1.1012627,-0.12259849,-1.4643939393939391,2.515035,-0.04482038429407235,0.38450292397660846,12.089353,1.7233149,7.2831707,1.0844885,0.38072586,1.1098493,0.1201710737218938,-4.26615,25.397648,-5.1224747474747465,1.2110984,1.2099438,-1.2230988,16.064068,3.2425528,26.09991,11.431909,0.84971744,1.6657091,10.343547
7.0,Dr AB Xuma,ssp370,near-term_2021-2040,2.1967838,-0.51978123,-0.09716066,-1.2143939393939391,0.7372233,-0.07464494569758055,0.23274853801169634,9.016948,1.3374157,7.4367156,1.133376,1.2765986,3.0741768,0.09070640825018561,-1.3915144,15.213355,-3.5724747474747462,0.67513055,0.46642685,1.4080547,9.636708,1.3444045,11.990645,5.6929336,0.2344389,0.88078433,4.2361393
7.0,Dr AB Xuma,ssp585,far-term_2081-2100,1.3484573,-1.4666667,0.31157017,-1.8136363636363633,2.8526,-0.44807852965748296,0.5523809523809519,19.07915,2.6875565,14.443784,2.2196214,2.4228146,4.0050316,0.019975787129999034,-8.351207,52.295757,-6.987878787878787,3.2167852,4.01132,-7.1332793,37.105362,14.726475,89.954704,28.349844,3.1398165,4.642733,52.869335
7.0,Dr AB Xuma,ssp585,mid-term_2041-2060,1.7079798,-1.0689393,0.106808186,-1.3383971291866026,1.9426676,-0.052840434419384984,0.31190476190476213,10.138677,1.4219843,6.2734065,0.92450255,0.9836337,3.748511,0.04652459103492065,-4.277005,24.727615,-4.855223285486443,1.3718709,1.7311891,-2.6218462,18.573996,3.8114436,33.41854,14.178618,1.2263867,2.060365,13.028864
7.0,Dr AB Xuma,ssp585,near-term_2021-2040,0.55003864,-0.08038274,0.14887159,-0.9022328548644336,4.579264,0.23208020050124745,0.3158730158730159,10.154332,1.4052429,6.1977506,0.91104525,0.5693843,3.7950935,0.07491852127148135,-0.8746217,12.759355,-2.888556618819775,0.7853774,0.81777257,0.38169003,10.403893,1.341866,14.093342,7.1773095,0.5717462,0.89179486,4.392356
8.0,Elundini,ssp126,far-term_2081-2100,1.9723358,-0.71247476,-0.21625635,-6.407929292929293,3.9470825,0.22200431634642154,0.35719507101086073,10.498312,1.3644615,4.068646,0.56918883,-0.09496922,0.5401607,0.06050255931430401,-2.159507,18.215414,-11.802146464646464,0.5654484,0.58266383,-0.8578539,14.223648,2.4512293,12.899909,10.724587,0.6728974,1.4346526,11.514871
8.0,Elundini,ssp126,mid-term_2041-2060,0.7273369,-0.73053026,-0.042645454,-5.869873737373739,7.3358154,0.3783932052353099,0.1844172932330831,7.1378164,0.7229711,4.2923284,0.56514466,-0.19235294,1.1319978,0.06451522101674673,-1.908967,17.25917,-10.6029797979798,0.49908844,0.5390308,-0.67069274,12.95648,2.085396,11.556576,9.809805,0.5899856,1.2980363,9.317502
8.0,Elundini,ssp126,near-term_2021-2040,1.0851152,-0.0021968682,-0.020978715,-3.5662626262626294,10.271173,0.30255987190197764,0.12386173767752748,5.3266125,0.47020775,1.2151538,0.11566925,-0.8327376,0.78205746,0.04417197049444758,-0.46116945,12.72393,-6.4352020202020235,0.16106214,0.25088024,0.90791744,9.767722,1.4015071,7.676854,6.3897624,0.24276416,0.82980454,6.3631163
8.0,Elundini,ssp245,far-term_2081-2100,1.3499018,-1.4851009,0.30503982,-10.321464646464648,22.48312,0.7244778613199657,0.4931077694235587,16.746243,1.6509713,6.3583074,0.7216845,0.41055912,1.0171462,0.11556426926066138,-5.09834,30.245077,-20.02676767676768,1.5383103,2.0746663,-4.3112454,23.750763,6.0779104,27.499216,19.340464,1.7793101,2.4334881,27.348314
8.0,Elundini,ssp245,mid-term_2041-2060,0.8940841,-0.860101,-0.16480128,-7.3729797979797995,4.759359,0.2522556390977443,0.3301448064605961,11.609853,1.4909763,4.0737066,0.5275203,-0.13930257,0.5233548,0.0795154878966257,-2.7745829,19.153568,-14.158838383838381,0.9692851,1.267757,-1.7708006,15.831056,2.814992,15.234276,12.522064,1.0300175,1.5364304,13.391075
8.0,Elundini,ssp245,near-term_2021-2040,1.9065026,-0.15138227,-0.31903425,-3.8834396597554512,-1.4853584,-0.08216235032024481,0.19802840434419394,7.7399163,1.0689385,4.8314433,0.70831156,0.18670315,0.7115233,0.05599422470900864,0.1261391,10.947852,-7.438543328017015,0.42875645,0.6329884,0.57698864,9.481026,1.2203615,6.7710533,6.698144,0.46314874,0.769807,5.613353
8.0,Elundini,ssp370,far-term_2081-2100,3.0842671,-1.8178451,0.075995445,-14.809595959595962,3.2119343,0.2543581175160116,0.6025898078529663,22.710348,2.681079,12.596053,1.6633049,1.3387012,1.5341983,0.1573605364996228,-7.8752084,50.816475,-29.384090909090915,2.8313956,3.2149787,-6.0332074,34.1566,13.410643,48.325806,25.611382,2.379244,4.0832043,52.8394
8.0,Elundini,ssp370,mid-term_2041-2060,3.2535641,-1.3227834,-0.08131504,-9.880583613916949,8.642212,0.3216095795043168,0.43270676691729365,14.674594,1.7401886,9.052828,1.2362825,0.79759514,1.0374404,0.1292218274174385,-4.277077,26.622324,-18.3192760942761,1.2459104,1.1996042,-1.8099194,17.558002,4.100149,16.289076,13.2145815,0.986977,1.6814736,15.938165
8.0,Elundini,ssp370,near-term_2021-2040,2.1076593,-0.57093155,-0.27985308,-6.115768799102134,4.44005,0.09734057365636338,0.28913951545530514,8.815453,1.0408089,6.1696587,0.8436783,0.52613425,1.5128446,0.07080540522125507,-1.4719933,15.774315,-10.830695847362515,0.70091176,0.4564243,0.9014368,10.35139,1.7220628,7.150186,6.705836,0.28132454,0.77528447,6.3394
8.0,Elundini,ssp585,far-term_2081-2100,3.1655126,-1.8277777,0.4172095,-15.572222222222226,21.284294,0.8324143692564748,0.907922584238374,30.373539,3.5578249,18.003996,2.4623299,2.5089273,5.1106863,0.19694389416135413,-8.438623,55.961365,-31.398232323232328,3.3903182,4.2950783,-7.5088377,41.64053,17.466255,67.25827,31.231768,3.3048298,5.12343,78.334724
8.0,Elundini,ssp585,mid-term_2041-2060,2.7385263,-1.3729798,0.2362566,-9.875930356193518,14.47857,0.7244778613199665,0.43040935672514635,15.223497,1.7383965,6.7389393,0.8769548,0.93783784,3.160703,0.13552256788436778,-4.4433722,26.624567,-18.765563530037216,1.4714311,1.8393763,-3.165898,20.198708,4.924575,22.156563,15.977305,1.2305088,2.2013822,20.420174
8.0,Elundini,ssp585,near-term_2021-2040,-0.09956614,-0.33709458,-0.04469575,-5.672022860180754,10.081835,0.5146895015316066,0.40077972709551674,11.801589,1.4029189,4.6477566,0.6054647,-0.0062713623,2.8199904,0.10043424150077761,-1.0054785,13.47241,-10.354691653375866,0.81320715,0.82962745,-0.007990096,11.104542,1.7011695,8.759276,8.101284,0.50467676,0.9295771,7.215678
9.0,Senqu,ssp126,far-term_2081-2100,2.9716682,-0.47257578,-0.19264214,-12.131401515151515,2.932536,0.4511246867167908,0.6598041979949879,16.069485,2.1733258,6.7497687,0.9559847,0.0359958,0.65170413,0.1567516954363041,-1.3584183,15.2715845,-16.052556818181824,0.4528872,0.38750473,-1.2301551,14.401284,2.3626425,13.641185,11.255246,0.78022474,1.6097542,15.662416
9.0,Senqu,ssp126,mid-term_2041-2060,2.6620882,-0.4817425,0.024024725,-10.873693181818185,11.139516,0.7442496867167921,0.4112625313283213,11.236505,1.2356306,4.4699063,0.5449374,0.07657814,2.0836728,0.16557110324100885,-1.1542085,14.321726,-14.465681818181826,0.3827435,0.302915,-0.86561227,12.89335,1.906601,11.515976,10.137522,0.6932821,1.3786551,12.50847
9.0,Senqu,ssp126,near-term_2021-2040,2.1164615,0.3892992,0.005274693,-6.058693181818183,8.993154,0.2719580200501239,0.2777208646616544,7.9304733,0.93163806,3.008868,0.3713579,-0.536609,1.4255873,0.08314273042590752,0.23291945,10.268717,-7.71380681818182,0.018701136,-0.00078463554,0.7134602,9.51611,1.3361843,7.292644,6.405653,0.32637924,0.84433585,9.053206
9.0,Senqu,ssp245,far-term_2081-2100,4.345319,-1.2857955,0.4267234,-21.41685606060606,21.590647,1.1195175438596479,0.7851712614870511,21.420168,2.3743777,8.918394,1.1031785,0.91191196,2.3931549,0.22720217987431668,-4.4683456,27.6702,-32.01041666666667,1.4142749,2.1023014,-4.2872086,24.304987,6.10948,28.097984,19.775152,1.8190176,2.744931,35.036915
9.0,Senqu,ssp245,mid-term_2041-2060,2.5897653,-0.6007576,-0.09014209,-15.111553030303034,6.5770874,0.43737468671679053,0.47584586466165407,14.121351,1.7757306,7.2150464,0.94991785,0.48593235,2.452708,0.16758222344422058,-2.2003386,17.320082,-21.908901515151516,0.8905266,1.2308389,-1.8293409,16.262825,2.9397826,15.956279,12.859558,1.0319324,1.7689285,18.263514
9.0,Senqu,ssp245,near-term_2021-2040,2.6872928,0.34579337,-0.2207671,-7.249461722488042,-1.9429373,0.040083020050125505,0.2677208646616545,7.590819,1.1060077,4.251537,0.66232216,-0.14364052,-0.15431786,0.09676491885549487,0.6400819,9.7609005,-10.584519537480068,0.33620894,0.57761526,0.6246733,9.521103,1.261944,7.017203,6.7106586,0.3969444,0.8476958,7.925898
9.0,Senqu,ssp370,far-term_2081-2100,7.519434,-1.6881313,0.023234844,-32.058438552188555,0.10284933,0.4595238095238085,0.8339598997493733,26.99002,3.4264548,14.553625,1.9690111,1.8144608,2.7777665,0.3112448892081235,-7.3907294,47.232796,-49.9584595959596,2.7535431,3.2613719,-6.20189,35.667328,13.457944,48.633614,26.705442,2.590083,4.446619,66.44985
9.0,Senqu,ssp370,mid-term_2041-2060,4.5953107,-1.0703073,0.052182436,-20.21260521885522,18.101196,0.8737781954887215,0.6940476190476196,20.218525,2.3577952,11.378826,1.4669976,1.3583355,3.1848915,0.2567447241026908,-3.6628265,23.457878,-28.176052188552195,1.3093675,1.0747973,-2.0018892,17.741886,3.9537768,15.996117,13.668091,1.0533537,1.7432585,21.009579
9.0,Senqu,ssp370,near-term_2021-2040,2.5657036,-0.34831652,-0.03531742,-11.535290404040403,6.589096,0.1481203007518793,0.381328320802005,10.755616,1.3496449,6.656158,0.899312,0.80119926,1.7433224,0.11417485942383143,-0.9495678,13.405029,-15.114941077441088,0.7294557,0.2911873,0.6021487,10.257823,1.6787769,6.805606,6.9261518,0.38697654,0.7867225,8.980642
9.0,Senqu,ssp585,far-term_2081-2100,9.127262,-1.7320076,0.36680254,-34.04867424242425,12.020645,0.7996762740183806,1.133782372598162,35.66414,4.6079106,21.425762,3.0058155,3.1729767,5.9047456,0.38320862883302426,-8.019848,52.736355,-54.09602272727273,3.1521528,4.428173,-7.510446,43.36238,17.389782,66.959496,32.02152,3.466878,5.645165,93.98097
9.0,Senqu,ssp585,mid-term_2041-2060,5.4133754,-1.1172348,0.27454028,-19.73763955342903,14.175389,0.9032477025898071,0.694496658312448,19.78843,2.4263148,9.150993,1.20534,1.3740333,4.4574304,0.24321023366429673,-3.793336,24.248981,-29.21060606060607,1.3124546,1.8008599,-3.1424031,20.588257,5.033104,22.637968,16.328419,1.2427579,2.4629924,26.347244
9.0,Senqu,ssp585,near-term_2021-2040,1.2096056,-0.15779507,0.12969907,-10.508981259968103,8.711452,0.52626357560568,0.4500522138680039,11.307467,1.4186426,4.662296,0.61442053,0.20670097,3.3712635,0.14913011208200477,-0.45211434,11.985206,-14.665061802232858,0.6598608,0.7596398,-0.03063043,11.278118,1.757207,9.070106,8.129635,0.48272806,1.0661403,10.046648
10.0,Ngquza Hill,ssp126,far-term_2081-2100,0.22751236,-0.9927272,-0.2593403,-0.019204545454545453,-12.532532,-0.7378665413533785,-0.15230889724310792,-1.991848,0.014295578,4.43494,0.5348521,0.23448372,1.0157318,-0.04633024669060082,-3.5985882,31.686073,-0.11045454545454546,0.46864712,1.6732926,1.3531842,17.51086,4.5505056,14.66654,10.189716,-0.030665636,1.9664483,9.704386
10.0,Ngquza Hill,ssp126,mid-term_2041-2060,0.0031352043,-1.0464772,0.2887845,-0.015454545454545453,-11.075653,-0.7797415413533804,-0.309808897243109,-3.6506119,-0.22560596,1.8508639,0.22787154,-0.28071404,-0.4043312,-0.046831505976252075,-3.5399096,30.66436,-0.10295454545454545,0.44912648,1.6534357,1.3590643,16.584484,4.2917557,13.669666,9.505925,-0.10918856,1.9068389,8.957018
10.0,Ngquza Hill,ssp126,near-term_2021-2040,-0.04686308,-0.59147716,0.16190934,-0.012329545454545452,5.158554,-0.06349154135337898,-0.2554338972431085,-1.869915,-0.2792182,4.091065,0.40641707,0.16093636,2.240055,-0.0007648604721353092,-2.021985,25.356136,-0.07795454545454547,0.14252073,1.3234735,3.049643,13.450108,3.0855055,10.06279,6.3828907,-0.40761113,1.5479932,5.9024124
10.0,Ngquza Hill,ssp245,far-term_2081-2100,0.5514107,-1.5715909,0.19949865,-0.019886363636363636,6.8441925,-0.3097117794486204,-0.039035087719298645,2.3285828,0.03743887,4.045872,0.37315112,0.23360729,-0.5083046,0.02198651115223882,-6.20692,36.29722,-0.14204545454545453,1.4648724,1.8356934,-4.6935205,25.082825,6.575269,21.94022,20.124697,1.6068771,1.9985032,20.904762
10.0,Ngquza Hill,ssp245,mid-term_2041-2060,-0.21704149,-1.0954545,-0.10228658,-0.015340909090909093,-7.44664,-0.7037593984962411,-0.06343984962406135,3.6027832,0.4524083,5.32262,0.55942327,0.71185017,0.3813324,0.011461509387305835,-3.7785323,23.120407,-0.11477272727272726,0.9315616,1.1386838,-2.113145,17.089247,3.0714712,11.214892,13.037267,1.0073225,1.2383943,10.122024
10.0,Ngquza Hill,ssp245,near-term_2021-2040,0.1650114,-0.28382185,-0.24871588,-0.008522727272727272,-5.5454865,-0.7366165413533787,-0.04418389724310856,4.695919,0.5535693,9.95702,1.0523398,1.0435743,1.488657,0.02628517165660771,-0.63190293,13.035532,-0.08238636363636363,0.39658487,0.6551347,0.23655033,10.377949,1.2038112,4.673415,7.3070183,0.5726173,0.6777854,3.8762844
10.0,Ngquza Hill,ssp370,far-term_2081-2100,0.62543917,-1.6852273,0.38088942,-0.020454545454545454,-12.157883,-1.2558270676691698,0.12907268170425956,13.071331,1.3723812,12.962589,1.3585117,1.5551643,-0.36289215,-0.014048383033654854,-8.317837,60.665016,-0.16837121212121212,2.2788959,3.6035647,-5.1463647,35.857174,16.528353,50.936607,24.742062,1.5066617,4.0672107,44.803474
10.0,Ngquza Hill,ssp370,mid-term_2041-2060,0.90175486,-1.4227272,0.12957382,-0.01976010101010101,-13.455368,-1.091353383458645,-0.11040100250626628,3.6932983,0.627923,10.648445,1.2004728,1.3224859,0.45518112,-0.027977389858537594,-5.054218,37.95526,-0.138510101010101,0.82749313,2.05259,-0.22460914,21.090021,6.3401585,18.70258,13.0565605,0.20707107,2.28237,13.791666
10.0,Ngquza Hill,ssp370,near-term_2021-2040,1.2135978,-0.8345328,-0.079636574,-0.019065656565656567,-7.3540497,-0.4505639097744325,-0.13869047619047592,-1.7535133,-0.08062458,5.770327,0.6464923,0.7822552,1.1216068,-0.010694610552800743,-2.2380142,25.94711,-0.11906565656565656,0.28136623,1.3754807,2.8524404,14.099416,3.2346025,9.805361,6.849986,-0.31751347,1.551332,6.645833
10.0,Ngquza Hill,ssp585,far-term_2081-2100,-0.38430357,-1.6801137,0.7191422,-0.020454545454545454,11.486816,-0.4216165413533801,0.23894110275689195,20.582874,1.7825489,17.98311,1.7900391,3.3109798,4.9447117,0.040341632122287585,-9.0940895,63.03219,-0.1693181818181818,3.2166743,3.7053018,-8.01554,42.726616,19.361813,63.4808,32.105698,3.0656776,3.9643998,69.48096
10.0,Ngquza Hill,ssp585,mid-term_2041-2060,0.06926632,-1.4011364,0.22628403,-0.01875,0.79655457,-0.2519736842105207,0.053226817042605123,4.4177933,0.38954115,5.447557,0.54087466,-0.18298054,0.023395538,0.013004692396573425,-5.3768334,31.357716,-0.14375,1.3154371,1.6375813,-3.5140784,21.61852,5.37814,17.249968,16.65172,1.2785113,1.7361369,15.8375
10.0,Ngquza Hill,ssp585,near-term_2021-2040,-0.29918385,-0.50708723,-0.09038162,-0.01818181818181818,-3.9902802,-0.5841165413533798,0.028226817042605656,6.380131,0.7041793,6.008805,0.63746566,0.23997593,3.5395908,0.012601720212833012,-1.6738682,15.848223,-0.10625,0.646733,0.76434803,-0.17974639,12.054656,1.6458434,6.0546656,8.68043,0.59428287,0.82578087,5.1089287
11.0,Port St Johns,ssp126,far-term_2081-2100,0.52421284,-1.0618181,-0.19967794,-0.002272727272727273,-13.055908,-0.7790977443609037,-0.14327380952380997,-2.2902374,0.0048913956,3.233057,0.4296447,-0.025131226,0.27947998,-0.07238999199985408,-3.5645294,31.327797,-0.038181818181818185,0.50850797,1.667798,1.343193,17.050991,4.366191,19.337753,9.862364,-0.022985458,1.9359016,8.826629
11.0,Port St Johns,ssp126,mid-term_2041-2060,0.037961006,-1.1580682,0.2853217,-0.002272727272727273,-11.792419,-0.7940977443609007,-0.3732738095238104,-4.6680984,-0.32737732,2.971506,0.36894047,-0.5843315,-0.3252182,-0.07510938365999342,-3.4809954,30.364819,-0.02818181818181818,0.497252,1.6379156,1.3773355,16.129982,4.06244,17.860254,9.2462845,-0.08155489,1.8872395,8.331892
11.0,Port St Johns,ssp126,near-term_2021-2040,0.17421246,-0.64306825,0.28532267,-0.002272727272727273,5.4272156,0.009652255639096552,-0.28077380952380926,-1.7158966,-0.23736286,2.4907455,0.2744906,-0.15667915,2.1842194,-0.025597860529245064,-2.040628,25.22134,-0.024431818181818183,0.1947968,1.3407583,3.0622492,13.108757,2.98744,13.45525,6.1587715,-0.38669205,1.5234394,5.4687343
11.0,Port St Johns,ssp245,far-term_2081-2100,0.64736843,-1.5943182,0.07431126,-0.002272727272727273,6.4708557,-0.16647869674184967,-0.05952380952380931,1.4168625,-0.044124603,4.074917,0.4046408,-0.060661316,-0.80783844,0.0010213205917186663,-6.10869,35.226982,-0.04090909090909091,1.4885614,1.812417,-4.5484133,24.160908,6.1865435,29.228348,19.558191,1.6057911,1.9865341,18.823685
11.0,Port St Johns,ssp245,mid-term_2041-2060,0.05808258,-1.1374999,-0.034022808,-0.002272727272727273,-6.0382385,-0.7283834586466202,-0.059523809523808424,3.4929276,0.4474764,5.346874,0.58180845,0.49449158,0.49467087,0.003352638194549229,-3.6884189,22.520748,-0.031818181818181815,0.9153657,1.1325245,-1.9756737,16.494972,2.8351674,15.452749,12.670195,1.0044451,1.2327023,9.08139
11.0,Port St Johns,ssp245,near-term_2021-2040,0.02171421,-0.35592103,-0.25092745,-0.0011363636363636365,-4.5636597,-0.6465977443609034,0.010476190476190084,6.1952515,0.7321825,9.324213,1.0211459,0.86483,1.9194107,0.018576322724805028,-0.5729499,12.722544,-0.022727272727272724,0.39196992,0.6678467,0.36757326,10.128446,1.1096091,6.649641,7.028797,0.58303404,0.659008,3.4903507
11.0,Port St Johns,ssp370,far-term_2081-2100,0.86046314,-1.6818182,0.3974948,-0.002272727272727273,-12.2256775,-1.1733082706766922,0.023370927318294932,9.195854,1.0414133,11.339367,1.2520858,1.2546406,-0.4711647,-0.03769458767334921,-8.295923,59.67537,-0.04318181818181818,2.3007865,3.567214,-5.0421343,34.642647,15.833275,61.98053,24.15697,1.4988217,4.0343876,41.533573
11.0,Port St Johns,ssp370,mid-term_2041-2060,1.3525696,-1.4234848,-0.009084702,-0.002272727272727273,-12.958801,-0.9219924812030129,-0.15689223057644108,2.659439,0.5308628,9.719198,1.1207596,1.1509819,0.6975403,-0.04623717366320568,-5.029849,37.27742,-0.04040404040404041,0.84544826,2.0352697,-0.12758064,20.321823,6.072163,24.497196,12.638174,0.19933271,2.2786102,12.734962
11.0,Port St Johns,ssp370,near-term_2021-2040,1.2670412,-0.90404034,-0.115664005,-0.002272727272727273,-6.434143,-0.4140977443609035,-0.1529448621553886,0.70098114,0.17757416,6.699259,0.77294147,0.78092194,1.8297653,-0.01928996143649986,-2.2030067,25.650475,-0.036237373737373735,0.33459687,1.3771267,2.8944345,13.601197,3.02494,13.027752,6.5468426,-0.29768324,1.559969,6.1974626
11.0,Port St Johns,ssp585,far-term_2081-2100,0.2878437,-1.6897727,0.53740644,-0.002272727272727273,9.370178,-0.567669172932332,0.1821428571428565,17.627129,1.5895853,14.973839,1.5432678,2.9633636,4.3804054,-0.0006432223276613414,-9.069944,61.704887,-0.04318181818181818,3.20883,3.6527243,-7.9144845,41.320038,18.470394,77.3573,31.382044,3.051496,3.9130821,63.545673
11.0,Port St Johns,ssp585,mid-term_2041-2060,0.30569935,-1.4318182,0.12788296,-0.002272727272727273,-0.21328735,-0.3474310776942371,-0.005952380952381375,4.5734253,0.4482231,6.01375,0.6149069,-0.13726997,0.8212242,-0.00011607874416741382,-5.2878404,30.372887,-0.03977272727272727,1.3081543,1.6262579,-3.3563635,20.853458,5.042823,23.164116,16.147108,1.2903552,1.7453556,14.27782
11.0,Port St Johns,ssp585,near-term_2021-2040,-0.05501175,-0.5717105,-0.06616497,-0.002272727272727273,-3.3250427,-0.567669172932332,0.021428571428571352,6.7022705,0.77049255,7.3852234,0.79616106,0.37433434,3.5763893,0.009332454469280549,-1.5513153,15.37808,-0.03295454545454546,0.6691921,0.76558304,-0.091499805,11.657231,1.613098,8.631161,8.372576,0.5912876,0.83101845,4.5599623
12.0,Nyandeni,ssp126,far-term_2081-2100,0.76029205,-1.0149091,-0.1572094,-0.09986363636363638,-8.791211,-0.617372180451131,-0.04465538847117782,0.67709047,0.27030754,1.7179066,0.26200575,-0.19741288,0.36914062,-0.06269971005634929,-3.3682418,27.820826,-0.615909090909091,0.5931611,1.403003,0.84524363,15.783103,3.6095672,16.801914,9.678912,0.17759915,1.7470913,8.186367
12.0,Nyandeni,ssp126,mid-term_2041-2060,0.57079124,-1.098409,0.09679069,-0.09236363636363636,-8.240003,-0.5333721804511307,-0.17965538847117815,-1.5307556,-0.07639332,1.7336609,0.22776933,-0.88394547,0.26883394,-0.055031267306288004,-3.2719474,27.012413,-0.6124090909090909,0.57847565,1.3654594,0.8883011,14.79116,3.335067,15.367415,9.016066,0.11043682,1.6839504,7.4574184
12.0,Nyandeni,ssp126,near-term_2021-2040,0.18829155,-0.60490906,0.11929035,-0.06736363636363636,7.3999267,0.1386278195488721,-0.04265538847117778,2.0855515,0.14012662,1.2539574,0.1292276,-0.42092666,2.423694,-0.013723032739599007,-1.9004276,22.153818,-0.45690909090909093,0.27244523,1.0907776,2.5448318,11.845847,2.394067,11.170916,5.9703345,-0.18722649,1.2835872,5.062682
12.0,Nyandeni,ssp245,far-term_2081-2100,0.6339096,-1.51,0.08533802,-0.12363636363636366,8.984985,-0.0988721804511293,0.032130325814536675,2.8905106,0.084973335,2.6669972,0.25754824,-0.18022232,-0.68357545,-0.01556749070914254,-5.7648673,33.110413,-0.8331818181818184,1.5325176,1.8595737,-4.2874155,23.110107,5.583684,27.438374,18.692696,1.6348655,2.049439,18.017344
12.0,Nyandeni,ssp245,mid-term_2041-2060,-0.044659805,-1.0559092,-0.067518994,-0.09181818181818184,-3.949463,-0.49887218045113146,0.04260651629072729,5.034169,0.6480732,2.8317745,0.3375803,0.030991364,0.6238724,0.0010281373082795752,-3.4041305,21.176752,-0.6481818181818184,0.95189995,1.1667271,-1.7536147,15.679605,2.5199761,14.826506,12.099093,1.0069983,1.2754291,8.68163
12.0,Nyandeni,ssp245,near-term_2021-2040,0.93279266,-0.24392346,-0.29320908,-0.05681818181818184,-3.7905517,-0.47037218045112683,0.13334461152882202,7.2644196,0.95415974,5.9649687,0.7401202,0.5914711,1.8178284,0.011845309547156546,-0.3746546,12.08481,-0.3723923444976079,0.41641915,0.6650444,0.4979164,9.694501,1.0462892,6.4102607,6.6004944,0.5797327,0.6589214,3.4896991
12.0,Nyandeni,ssp370,far-term_2081-2100,0.9120823,-1.6592425,0.10629044,-0.14914141414141419,-8.944837,-0.7257142857142881,0.17521303258145382,11.297737,1.3362707,9.1339655,1.0950079,0.95236206,-0.035435487,-0.029194765269144794,-8.258963,56.79761,-1.0686868686868687,2.5121713,3.3986008,-5.1872296,33.093803,14.262956,55.12019,23.733458,1.7143348,3.9362156,38.818848
12.0,Nyandeni,ssp370,mid-term_2041-2060,1.9062932,-1.384798,-0.28634128,-0.1258080808080808,-8.788098,-0.5962406015037593,-0.0026817042606514184,5.409224,0.7983076,7.9072084,1.0008112,0.7535423,0.7510773,-0.00904498221440626,-4.9768434,34.258644,-0.8292424242424243,0.9881257,1.8211758,-0.45886326,18.895773,5.144067,21.26408,12.316167,0.40269527,2.0768,11.496074
12.0,Nyandeni,ssp370,near-term_2021-2040,2.057345,-0.7503536,-0.26476175,-0.10803030303030306,-4.3783937,-0.3899248120300761,0.054686716791979964,4.6942964,0.6205179,5.690756,0.7274662,0.75888443,2.4577117,0.005021046865491208,-2.16011,22.993473,-0.6014646464646465,0.46175978,1.134798,2.4051824,12.263956,2.5007336,10.801304,6.3359733,-0.14215717,1.3487583,5.468851
12.0,Nyandeni,ssp585,far-term_2081-2100,0.18057823,-1.6295456,0.3791477,-0.1495454545454546,9.771167,-0.4883959899749414,0.29117794486215576,16.428616,1.7079935,13.2370405,1.5289078,2.4730453,4.124797,-0.009700530944071417,-8.907393,59.204807,-1.0863636363636364,3.2893033,3.7417343,-7.673118,39.67899,17.221338,70.80378,30.35783,3.0677502,4.0886593,58.885914
12.0,Nyandeni,ssp585,mid-term_2041-2060,0.66105425,-1.3572727,0.021529388,-0.12590909090909091,1.487146,-0.20982456140350933,0.16498746867167968,7.2833786,0.80039155,4.211217,0.460337,0.020448303,1.6270767,-0.0030182846184160896,-4.993324,28.734655,-0.842464114832536,1.3472527,1.683881,-3.140497,19.974155,4.6073446,21.968945,15.414752,1.2750413,1.820863,13.722583
12.0,Nyandeni,ssp585,near-term_2021-2040,0.047719575,-0.45799044,-0.080375865,-0.09090909090909093,-0.3529419,-0.20553884711779916,0.15498746867167945,8.597418,1.0432062,4.849803,0.57414305,0.085897826,3.3053498,0.014781527979494946,-1.3418287,14.678281,-0.5519138755980861,0.7551502,0.79387665,0.06606655,11.170554,1.521244,8.454233,7.904718,0.58358496,0.8551342,4.348772
13.0,Mhlontlo,ssp126,far-term_2081-2100,1.1731453,-1.0122727,-0.21714878,-0.4581060606060607,-1.8599447,-0.27440476190476204,0.13697577276524683,2.1749294,0.32483482,2.258485,0.3306037,-0.13243294,0.40483347,-0.021719592047757235,-2.9493525,22.988386,-2.2318939393939394,0.6216446,0.95482635,-0.13836129,14.923909,2.8757536,19.862444,10.212353,0.4860023,1.4949557,8.922556
13.0,Mhlontlo,ssp126,mid-term_2041-2060,0.894811,-1.0622727,0.06951777,-0.43727272727272726,-0.5835571,-0.2252380952380951,-0.015524227234753182,1.3275732,0.10747051,1.7958317,0.23774314,-0.64221257,0.41825357,-0.014298614493141256,-2.834079,22.067461,-2.160227272727273,0.5738267,0.9365985,-0.081329025,13.796489,2.5849202,18.174944,9.406919,0.40650812,1.4186172,7.6330824
13.0,Mhlontlo,ssp126,near-term_2021-2040,0.7023099,-0.5289393,0.09201781,-0.31810606060606056,8.436829,0.08892857142856887,-0.0013575605680862246,1.4892197,0.012815475,1.156674,0.11635915,-0.8199418,1.3121618,0.005301192072264982,-1.3630689,17.081133,-1.5377272727272728,0.28020832,0.6320445,1.5638117,10.791621,1.7690868,12.657445,6.324179,0.088705696,0.9592285,5.3058896
13.0,Mhlontlo,ssp245,far-term_2081-2100,0.36842474,-1.5818182,0.19669978,-0.5750000000000001,16.530497,0.20317460317460365,0.18157894736842137,6.021576,0.35263315,3.411771,0.35335517,0.05673917,-0.32520804,0.019681711767436088,-5.569358,32.556423,-3.0606060606060606,1.5655876,1.9787725,-4.268758,23.510855,5.788836,38.00227,18.913012,1.693779,2.1878383,21.511402
13.0,Mhlontlo,ssp245,mid-term_2041-2060,-0.06253052,-1.0492424,-0.10647424,-0.4378787878787879,0.17679851,-0.1626984126984136,0.15062656641604022,6.6369452,0.8546359,1.7225393,0.20357442,-0.16896756,0.3428421,0.006389749375917297,-3.2337868,20.743265,-2.286363636363636,1.011215,1.2339611,-1.7033526,15.834171,2.687799,21.56934,12.2201,1.0136019,1.3686905,10.529407
13.0,Mhlontlo,ssp245,near-term_2021-2040,1.0123138,-0.3114833,-0.3954824,-0.27121212121212124,-2.8139038,-0.3244047619047639,0.1436424394319138,6.813642,0.967515,5.9132543,0.83417845,0.457929,1.0631561,0.023791814964509328,-0.22474639,11.868912,-1.3413476874003187,0.44111466,0.6775424,0.5435896,9.63231,1.1194799,9.780145,6.696776,0.54538184,0.6906598,4.094904
13.0,Mhlontlo,ssp370,far-term_2081-2100,0.7502925,-1.885606,0.12280718,-0.7254208754208754,-2.305664,-0.1399749373433584,0.3631161236424396,11.478465,1.3364137,8.841963,1.1509036,1.0056673,0.26698813,0.012963600968973902,-8.2645855,55.01628,-4.058838383838384,2.7994797,3.2428234,-5.6909423,33.387375,13.79992,66.166985,24.54448,2.111544,3.8355942,43.441708
13.0,Mhlontlo,ssp370,mid-term_2041-2060,2.0397682,-1.5457913,-0.22894669,-0.5976430976430976,-2.2699993,-0.22593984962405855,0.2271512113617383,7.0246506,0.9635763,7.6019454,1.0705189,0.6023534,0.021993002,0.022899824254642098,-4.899565,31.013617,-3.098653198653199,1.1548307,1.5106405,-1.3197829,18.14383,4.508253,24.989204,12.791837,0.75837964,1.7764143,12.333376
13.0,Mhlontlo,ssp370,near-term_2021-2040,2.267835,-0.8513469,-0.3649117,-0.5078282828282829,-1.9664713,-0.23295739348370978,0.16136173767752707,4.397349,0.5937297,3.7803338,0.54926604,0.29329935,1.2113495,0.011314243049399172,-2.0921361,19.644083,-2.1718013468013466,0.60994256,0.77445793,1.4653565,11.181664,1.9971424,12.155868,6.6315804,0.115979515,0.99005634,5.566708
13.0,Mhlontlo,ssp585,far-term_2081-2100,-0.05538686,-1.8454546,0.49749374,-0.7409090909090907,19.038635,0.28015873015873066,0.5498329156223902,20.236227,2.249915,14.102859,1.8417007,2.289407,4.2752075,0.05438210479403427,-8.776689,58.707882,-4.103787878787879,3.4421778,4.022822,-7.544627,40.349606,17.362041,88.72616,30.41726,3.1681232,4.5244026,65.39131
13.0,Mhlontlo,ssp585,mid-term_2041-2060,0.38984933,-1.4931818,0.19035117,-0.5976874003189793,8.380432,0.20952380952380878,0.2871345029239765,8.605245,0.9412988,3.8940704,0.48134288,0.22641055,1.4002329,0.028257047872562186,-4.8909225,28.53952,-3.096371610845295,1.4544216,1.7949919,-3.1434162,20.208092,4.774043,31.092981,15.57977,1.2513914,1.9667715,16.087343
13.0,Mhlontlo,ssp585,near-term_2021-2040,-0.26888022,-0.52687407,-0.11917242,-0.42799043062200964,4.869283,0.11746031746031704,0.26015037593985024,8.556247,1.0549278,3.6294072,0.48351002,-0.2100188,2.5741603,0.04060045029977951,-1.3034137,14.559944,-1.9540271132376394,0.8210102,0.8387807,0.07559172,11.225365,1.5450956,12.744337,8.009274,0.5691115,0.8887431,5.266709
14.0,King Sabata Dalindyebo,ssp126,far-term_2081-2100,0.9703903,-0.9317614,-0.12920928,-0.21306818181818188,-7.4729767,-0.6099404761904772,0.15562030075188027,3.8167934,0.69372654,3.112904,0.4617126,-0.20266628,0.734951,-0.05630293529484076,-3.0930538,24.653778,-1.0432954545454547,0.61701286,1.1920204,0.5292871,14.803413,2.9877243,18.43164,9.43595,0.2968855,1.6464443,7.26037
14.0,King Sabata Dalindyebo,ssp126,mid-term_2041-2060,0.7472639,-0.94051135,0.02329135,-0.20306818181818187,-6.2203064,-0.44494047619047894,-0.020629699248120192,0.39460945,0.11842036,4.0074763,0.5464529,-0.70920944,0.83875847,-0.04554104156873651,-2.989551,24.00654,-1.0314204545454546,0.59679204,1.1357031,0.670074,13.781309,2.7202244,16.647263,8.7722,0.24285984,1.541585,6.9116855
14.0,King Sabata Dalindyebo,ssp126,near-term_2021-2040,0.7147646,-0.45613635,0.16891575,-0.15306818181818188,8.218369,0.006309523809520989,0.07687030075188006,4.2896023,0.41345334,2.7981067,0.33176035,-0.4661808,2.7593727,-0.006873092174804363,-1.6279602,19.545607,-0.7389204545454547,0.2648158,0.88069296,2.2279992,10.87945,1.9102242,11.898514,5.709711,-0.04507184,1.1080961,4.559054
14.0,King Sabata Dalindyebo,ssp245,far-term_2081-2100,0.6750622,-1.3767046,0.1699872,-0.2517045454545455,7.545395,-0.1482142857142872,0.10050125313283254,4.5868015,0.32792878,4.525462,0.51851964,0.034960747,-0.3694439,-0.028048852789048784,-5.4188285,30.748722,-1.350568181818182,1.5283206,1.8642054,-4.0535145,22.04415,5.0536785,31.967136,17.807755,1.6527061,2.100854,16.595583
14.0,King Sabata Dalindyebo,ssp245,mid-term_2041-2060,0.11196613,-0.84772724,-0.105608225,-0.1789772727272728,-3.4799042,-0.36428571428571743,0.14633458646616615,5.7995586,0.82359886,3.7378635,0.4918568,-0.093857765,0.8841381,-0.0040578833691713445,-3.0750332,19.788616,-1.0250000000000004,0.9176939,1.1792893,-1.5270817,14.964115,2.2738037,17.820845,11.484019,0.9983995,1.3034573,7.97782
14.0,King Sabata Dalindyebo,ssp245,near-term_2021-2040,1.2266417,-0.09626198,-0.23295975,-0.10284090909090915,-3.2126923,-0.5618154761904783,0.19812030075188025,8.376507,1.200273,6.821306,0.94380105,0.72892475,2.276455,0.00976076139341786,-0.14384413,11.33514,-0.560944976076555,0.3997411,0.6422305,0.65688896,9.253445,0.9544624,7.9740715,6.1764927,0.5577779,0.66037464,3.3143487
14.0,King Sabata Dalindyebo,ssp370,far-term_2081-2100,0.9198313,-1.5490531,0.10983658,-0.32209595959595966,-8.219894,-0.5663220551378476,0.2790413533834598,11.617334,1.4917932,10.051337,1.3111378,0.5763464,0.51807785,-0.01105192238955377,-8.138825,53.292114,-1.8462121212121214,2.6021843,3.264202,-5.2266846,31.483116,12.757515,58.75178,23.001783,1.835794,3.918438,35.434566
14.0,King Sabata Dalindyebo,ssp370,mid-term_2041-2060,1.8731213,-1.2754419,-0.19016314,-0.2825126262626263,-4.572403,-0.43474310776942726,0.22114661654135348,9.979736,1.3828993,9.359872,1.2600145,0.45615864,1.001339,0.033027343814491905,-4.795333,31.080551,-1.4323232323232324,1.0792363,1.6128578,-0.64386153,17.58379,4.2818213,23.160809,11.752421,0.52115154,1.9487505,10.632483
14.0,King Sabata Dalindyebo,ssp370,near-term_2021-2040,1.8152251,-0.6476642,-0.1895051,-0.25681818181818183,-2.0462494,-0.3906641604010037,0.17509398496240625,7.3303013,0.9910097,7.5325804,1.0262561,1.1036043,3.3561,0.04008328824126295,-1.9479128,20.233887,-1.0962121212121214,0.5373041,0.9117117,2.1116247,11.1369705,2.0269604,11.3712225,5.934659,-0.051700354,1.2108812,4.8074822
14.0,King Sabata Dalindyebo,ssp585,far-term_2081-2100,0.53339624,-1.5232955,0.33665347,-0.3193181818181819,4.959839,-0.6821428571428587,0.27609649122807034,14.40501,1.7209277,13.637477,1.7711012,2.23592,3.775486,-0.02517912734175387,-8.710717,56.099293,-1.8471590909090911,3.261048,3.7757406,-7.4606266,38.023575,15.913576,76.57141,29.303616,3.0512464,4.202009,53.12425
14.0,King Sabata Dalindyebo,ssp585,mid-term_2041-2060,1.0054197,-1.2,0.053320885,-0.259061004784689,0.33514404,-0.3160714285714308,0.20704887218045132,8.139719,1.0115714,7.1183023,0.9159851,0.49521446,2.7166576,0.0024051053733662453,-4.687655,26.872402,-1.395005980861244,1.3451723,1.6740861,-2.905524,19.130419,4.0929127,25.944017,14.703566,1.2560937,1.8659296,12.551629
14.0,King Sabata Dalindyebo,ssp585,near-term_2021-2040,0.102443695,-0.27332538,-0.0032274723,-0.1914473684210527,1.0896301,-0.0666666666666682,0.24454887218045218,9.185497,1.1745038,6.5467668,0.8476877,0.19733715,3.5194607,0.02722357384053309,-1.1300564,13.792773,-0.935556220095694,0.78273994,0.7862816,0.22668123,10.722201,1.4298444,10.424821,7.4958687,0.5783651,0.8632307,4.0813913
15.0,Matatiele,ssp126,far-term_2081-2100,1.6782091,-0.46207795,-0.10862323,-6.81051948051948,9.901637,0.4490458288578597,0.359168456856427,10.039263,1.1437541,4.0260224,0.50494665,0.22496197,1.4071028,0.08253848983669661,-2.2341743,18.623894,-13.324772727272725,0.48593313,0.5465998,-1.128723,14.617779,2.6532555,13.110709,11.551856,0.7483734,1.4199333,13.40836
15.0,Matatiele,ssp126,mid-term_2041-2060,0.117135726,-0.47029215,0.19030558,-6.251590909090909,12.0161915,0.533331543143574,0.2191684568564269,8.428926,0.8156899,4.136094,0.5158856,0.09586171,1.2334927,0.08742760876467834,-2.02613,17.60649,-12.152987012987012,0.479433,0.505194,-0.9611289,13.41783,2.2668266,11.720709,10.55565,0.65274084,1.2834135,10.730917
15.0,Matatiele,ssp126,near-term_2021-2040,0.37106487,0.13220783,0.120304786,-3.838733766233766,14.355172,0.5111886860007147,0.12345417114214108,5.8976703,0.50958794,1.901535,0.21013403,-0.22522981,1.0657899,0.08665572952008306,-0.4037722,12.785868,-7.316915584415582,0.09434877,0.18923704,0.7210703,10.2197895,1.5214696,7.633566,7.027799,0.28263125,0.8486094,7.6737733
15.0,Matatiele,ssp245,far-term_2081-2100,0.354296,-1.5743506,0.4646075,-10.653571428571428,31.501072,1.3125492302184025,0.5445936269244542,18.975527,1.8035325,6.6526575,0.72954977,0.7996028,2.7292268,0.15301494847967487,-5.3345447,32.262283,-22.72694805194805,1.5719808,2.0956004,-4.6829524,25.018515,6.749744,29.204697,20.778715,1.8695009,2.5368793,31.85007
15.0,Matatiele,ssp245,mid-term_2041-2060,0.7947742,-0.80162334,-0.19015448,-7.703896103896104,9.53213,0.4938417472252067,0.3595596133190118,11.741898,1.3687093,5.4541154,0.68704695,0.7945197,1.5237808,0.09984734849871366,-2.9730113,20.284943,-16.05551948051948,0.95079494,1.2464316,-2.1267598,16.644821,3.1764696,15.991779,13.525229,1.1091293,1.5811316,16.334282
15.0,Matatiele,ssp245,near-term_2021-2040,1.2857083,0.10616883,-0.12576635,-4.301913875598086,1.4088571,0.15618868600071625,0.18702559971356994,6.25566,0.80828065,4.7380013,0.6663448,0.45564705,0.29255894,0.05781570568428483,-0.005913053,11.460912,-8.603417634996582,0.4363515,0.6155044,0.37356228,9.910659,1.3153869,6.996172,7.324796,0.4822906,0.80217636,6.833298
15.0,Matatiele,ssp370,far-term_2081-2100,3.02757,-1.9208875,0.09915774,-14.566630591630593,9.898542,0.6480307912638728,0.6143752237737202,23.180532,2.5962865,12.32321,1.5593014,1.6779088,2.656147,0.18698592092929062,-7.9849687,53.332115,-32.04354256854257,2.8144414,3.2026699,-6.374871,36.26304,14.705041,52.627495,27.35465,2.5206683,4.155528,61.89522
15.0,Matatiele,ssp370,mid-term_2041-2060,3.1820788,-1.3689033,-0.008360045,-10.125360750360752,9.037676,0.47960973863229384,0.4376834944504118,14.515933,1.7484,8.274195,1.1141517,1.2058021,1.4351273,0.1472886932867549,-4.3374906,27.562458,-20.290764790764793,1.1629279,1.1546715,-2.1404006,18.433264,4.5288506,17.099718,14.288791,1.0471641,1.7337701,18.917843
15.0,Matatiele,ssp370,near-term_2021-2040,2.2531323,-0.5712843,-0.23279667,-6.281313131313131,5.20037,0.3574292875044754,0.28580379520229154,9.553347,1.1399572,4.634556,0.5997761,0.48338073,0.99770355,0.07836990007015933,-1.5135031,16.114197,-11.918145743145743,0.5551945,0.3660976,0.5858523,10.789039,1.9308345,7.3509083,7.342162,0.3392798,0.82401115,7.544033
15.0,Matatiele,ssp585,far-term_2081-2100,2.5127983,-1.9279221,0.6584853,-15.25487012987013,35.435894,1.7186716791979961,1.0847296813462228,35.416786,3.8292215,18.127329,2.2962859,3.143152,6.357913,0.27702108271474163,-8.585631,59.14958,-34.22532467532467,3.5005324,4.354249,-7.77205,44.14586,18.825495,73.42262,33.02962,3.4734876,5.2209406,91.1302
15.0,Matatiele,ssp585,mid-term_2041-2060,2.1631389,-1.4006493,0.37787232,-10.349777853725223,22.584812,1.3016648764769079,0.4704439670605084,17.439203,1.8761556,7.3901978,0.9085528,1.0318205,3.462551,0.1678393601010834,-4.708672,28.394497,-21.226555023923446,1.523983,1.8185316,-3.5137064,21.230469,5.534108,23.323513,17.144026,1.3149045,2.1819186,24.396187
15.0,Matatiele,ssp585,near-term_2021-2040,0.3080368,-0.24835953,-0.110562734,-5.9866541353383464,13.365758,0.7118689581095597,0.3425528105979234,10.668359,1.1860107,3.7646883,0.46458977,0.0346835,2.4428313,0.11473888296173003,-1.180827,14.148396,-11.992549555707447,0.7501113,0.8280005,-0.24846241,11.533376,1.8820233,8.938535,8.793405,0.53609926,0.92120254,8.741425
16.0,Letsemeng,ssp126,far-term_2081-2100,5.9855757,1.4298052,-0.2372555,-4.879837662337662,-24.793013,-0.798913354815611,0.14949964196204799,2.0415115,1.8362077,2.5964983,1.0022373,0.6366979,1.2224104,0.027775639932315115,0.023462908,14.098377,-8.09478896103896,0.15818395,0.4249641,-1.3479464,18.318762,2.2728443,29.468039,13.413382,0.9379261,1.9143486,35.40043
16.0,Letsemeng,ssp126,mid-term_2041-2060,6.3421845,2.0155191,-0.08493396,-4.230551948051947,-6.28435,-0.08105621195846828,0.2721782133906193,7.3408527,2.152308,2.878864,0.8368296,0.6306587,2.7435749,0.09895450260624473,0.33939102,12.9509,-7.295146103896104,0.10677433,0.23683412,-0.8122416,15.757422,1.8085587,24.162146,11.584792,0.8581017,1.6039445,29.522045
16.0,Letsemeng,ssp126,near-term_2021-2040,5.738613,3.031948,-0.07743434,-1.8121590909090906,-6.918359,-0.3855204976727538,0.1971782133906194,6.514207,2.0346885,3.3044672,0.9310743,0.8220731,2.519874,0.07762095621205413,1.5748609,9.736178,-3.237646103896104,-0.13933241,-0.13302994,0.5908852,11.685796,1.1332015,16.547508,7.764513,0.37371677,1.0466712,20.417534
16.0,Letsemeng,ssp245,far-term_2081-2100,13.065578,-0.7761364,0.07189451,-10.514935064935063,-14.044196,-0.4107500895094889,0.2700948800572861,7.0708976,2.3844748,5.590643,1.5375159,0.69861,2.5505936,0.16291465269658037,-4.041868,27.537085,-19.069967532467533,1.3167508,2.4696844,-4.3055944,30.407185,6.707775,53.15399,21.953184,1.9082519,3.1780388,70.41748
16.0,Letsemeng,ssp245,mid-term_2041-2060,9.440236,1.0199674,-0.26841208,-6.976623376623378,-16.495703,-0.4398317221625492,0.18267991407089154,6.228526,2.4515045,4.914378,1.5058266,1.1512562,2.659764,0.1375310074544658,-1.2057791,17.002155,-12.700000000000001,0.7774165,1.2947795,-1.985316,20.492188,3.1174386,33.88358,14.842816,1.1507956,1.9827284,41.381714
16.0,Letsemeng,ssp245,near-term_2021-2040,5.0054,3.4399347,-0.21404123,-3.0681134654818862,-15.126546,-0.6123062119584678,0.21039249910490512,4.2718177,1.9425491,2.2624032,0.85766697,0.61661804,1.1477201,0.0479185279380567,1.9118991,9.443425,-5.539636021872864,0.11541278,0.51264125,0.4713119,12.09026,1.2036265,17.344482,8.149465,0.396204,1.0739708,20.476234
16.0,Letsemeng,ssp370,far-term_2081-2100,24.210312,-1.5034091,-0.11240578,-14.040710678210681,-27.723036,-0.9916577157178662,0.24027031865377727,6.0696907,2.7668889,7.4047804,2.2718196,1.3777378,2.5999906,0.22099221126411855,-6.483197,43.41235,-26.36044372294372,2.115323,3.1686034,-6.6689463,45.031906,13.301277,86.48913,30.638363,3.1690302,5.0395517,126.521164
16.0,Letsemeng,ssp370,mid-term_2041-2060,9.168019,0.66663045,0.13778217,-7.291504329004328,-0.672178,-0.17436448263516016,0.40361618331543136,12.010217,3.0491683,7.0034156,1.7786939,1.4754341,3.8197606,0.1720516199124276,-1.8331193,19.247057,-12.853102453102455,0.50467986,0.85038674,-2.36038,22.286457,3.3473086,36.641106,16.442108,1.2003767,2.3644147,44.771168
16.0,Letsemeng,ssp370,near-term_2021-2040,4.6977205,2.1547256,0.062406268,-3.128012265512266,-7.184071,-0.19504117436448315,0.24271392767633368,6.095891,1.7407647,3.0285618,0.8138845,0.6758317,1.5591505,0.07059796577770124,1.2079271,10.390509,-4.641792929292927,0.023858342,0.0030107498,0.31960636,12.708925,1.296515,19.21572,8.82616,0.47413287,1.2142211,21.020178
16.0,Letsemeng,ssp585,far-term_2081-2100,27.701462,-1.9685066,-0.29800364,-16.281006493506492,-27.573828,-0.6818385248836382,0.3035982814178303,8.255612,3.6737206,6.5627837,2.1635187,1.120943,3.423757,0.337819059445557,-7.8045483,52.599087,-31.325324675324673,3.1656668,5.002602,-7.8221483,53.459118,18.243576,108.20534,35.202114,4.049743,6.1998577,162.3676
16.0,Letsemeng,ssp585,mid-term_2041-2060,11.087515,0.3754868,-0.24290201,-8.727597402597402,-10.400803,-0.14901539563193758,0.3840404582885785,10.023267,3.0791712,6.686481,1.9036071,1.4641093,4.182894,0.22008275110148137,-2.6993172,23.235062,-16.18226247436774,0.9860538,1.9859585,-3.200639,25.774988,5.2324677,44.174725,18.77309,1.5190734,2.637038,57.425762
16.0,Letsemeng,ssp585,near-term_2021-2040,3.606901,2.4378076,-0.01841201,-3.946394395078605,-9.248339,-0.26466165413533843,0.11414249910490507,1.4892962,0.8215078,2.106603,0.6808379,0.59649986,1.2723258,0.055474858786881596,1.0515362,11.593662,-7.34776144907724,0.38915664,0.7813206,0.09353883,14.113604,1.7637475,20.748995,9.683709,0.5771063,1.2458305,23.52576
17.0,Kopanong,ssp126,far-term_2081-2100,5.420148,0.9241004,-0.16132402,-5.472414772727274,-18.829912,-0.45000913742690113,0.2213716583124478,4.780881,1.8557445,3.556248,1.0133973,0.5970065,1.664421,0.07963094814224925,0.010514696,13.559588,-8.53119318181818,0.118886106,0.36541343,-1.391517,17.200182,2.2467256,29.234808,12.815073,0.89213157,1.9006821,30.917727
17.0,Kopanong,ssp126,mid-term_2041-2060,5.7410865,1.2367046,0.006488661,-4.754289772727277,-1.7699445,0.14447002923976612,0.2823091583124479,8.060368,1.8239249,3.774327,0.85431576,0.6868508,3.0483215,0.12068752929937805,0.27682218,12.547143,-7.704526515151518,0.068187416,0.15192437,-0.9048937,14.872782,1.818913,23.841787,11.191546,0.8179522,1.5553893,25.419153
17.0,Kopanong,ssp126,near-term_2021-2040,3.633899,2.3630588,-0.018927893,-1.7175189393939398,-5.0510993,-0.3518841374269009,0.17355915831244795,5.1262455,1.413482,3.8521795,0.8959434,0.6908516,2.4867568,0.04053442522251786,1.5581833,9.287399,-3.0084848484848483,-0.22109956,-0.13764684,0.6022628,11.014094,1.2630796,16.126888,7.2733355,0.32555977,1.0264658,18.274853
17.0,Kopanong,ssp245,far-term_2081-2100,10.8902645,-0.94214016,0.05437537,-12.143655303030306,-7.9752655,-0.10623433583959903,0.34777046783625715,9.65042,2.3259697,5.8371964,1.2847205,0.9702058,2.7993007,0.19001520153796173,-3.8396044,26.401505,-20.771496212121214,1.2251881,2.2977247,-4.392366,28.4016,6.4457483,52.22648,21.286694,1.8551463,3.124434,62.031837
17.0,Kopanong,ssp245,mid-term_2041-2060,7.0086164,0.41846597,-0.20584267,-8.113446969696971,-12.879513,-0.38391290726817107,0.2682069757727652,8.279124,2.377107,6.4119506,1.569963,1.5300975,3.4498317,0.13535791115187987,-1.1548705,16.324736,-13.763541666666663,0.65925467,1.2234174,-2.0589337,19.303461,3.1173694,33.178677,14.25007,1.0854485,1.9977736,36.103363
17.0,Kopanong,ssp245,near-term_2021-2040,3.9053562,2.9147031,-0.14757387,-3.012968500797449,-11.895096,-0.5762591374269006,0.22876749164578128,5.741672,1.8240827,3.798651,1.0625721,0.6611015,1.1025863,0.06591246948840175,2.0532207,8.889835,-5.450946969696968,0.04548219,0.44607052,0.5633649,11.137309,1.2135715,16.279943,7.4928284,0.38510564,1.0210735,17.096476
17.0,Kopanong,ssp370,far-term_2081-2100,19.200657,-1.6647307,-0.08064947,-17.312079124579128,-22.589552,-0.7592470760233919,0.30250104427736013,9.980983,2.9077957,9.4013605,2.2846308,1.5745355,2.9711714,0.2723324410023034,-6.478606,43.057137,-30.218160774410766,2.0309575,3.0572424,-6.6832047,42.678253,13.374619,84.57713,29.969616,2.9907625,5.1053195,113.87049
17.0,Kopanong,ssp370,mid-term_2041-2060,6.5794964,0.120570354,0.066938125,-8.891593013468016,3.0909016,-0.029422514619883582,0.49296157059314955,15.175723,3.1735463,9.042364,1.9242357,1.7715167,4.354361,0.1966148497844149,-1.9035864,19.110527,-14.44397095959596,0.49240303,0.84232455,-2.322734,20.891306,3.4588783,35.515675,15.745264,1.1505071,2.2758,38.47096
17.0,Kopanong,ssp370,near-term_2021-2040,4.0526323,1.8645517,0.14467937,-3.3595328282828305,-4.744146,-0.20157163742690076,0.24625104427736,6.698343,1.5565196,4.1392803,0.9140584,0.7682857,1.6625942,0.07238237720963954,1.0553051,10.394084,-5.05820707070707,0.044953186,0.026560148,0.22973251,11.918135,1.4314477,18.40792,8.316584,0.4021194,1.1825203,18.047924
17.0,Kopanong,ssp585,far-term_2081-2100,23.952862,-1.967803,-0.20217209,-19.96666666666667,-22.765581,-0.3755795739348376,0.3948934837092731,11.656152,3.564981,9.868737,2.5234077,1.6767743,3.9666343,0.3473880855962037,-7.6501145,51.37506,-35.643087121212126,2.9222515,4.769202,-7.8093247,50.787605,17.809036,105.40633,34.58197,3.8950474,6.1949816,147.04424
17.0,Kopanong,ssp585,mid-term_2041-2060,8.972209,0.032859765,-0.08431504,-10.375313995215311,-5.614038,0.018468045112781734,0.4539212614870511,12.961769,3.0071628,9.433373,2.1319664,1.9014333,4.4255724,0.2581612643208859,-2.6070309,22.467295,-17.83561602870813,0.9407293,1.898136,-3.2502468,24.056864,5.1343055,43.21048,17.925951,1.425827,2.631263,49.364174
17.0,Kopanong,ssp585,near-term_2021-2040,1.5358986,1.9967304,0.05903818,-4.356160287081342,-6.785315,-0.14571846282372616,0.16294903926482884,3.2125406,0.9727022,2.9384477,0.72929215,0.7103358,1.6960808,0.07246299565380547,1.1770004,10.868076,-7.620673843700157,0.30111465,0.7151277,0.091671705,13.121328,1.6933213,19.89137,9.100227,0.52087027,1.2073978,20.111101
18.0,Mohokare,ssp126,far-term_2081-2100,3.996496,0.51077664,-0.14984818,-7.165492424242426,-7.346105,0.05316781537176215,0.4440152464494571,10.793336,2.0136075,5.5453043,0.9996857,0.3267716,1.1987505,0.12908486413568476,-0.27150813,13.702185,-9.916212121212125,0.15299825,0.2634813,-1.5386301,16.01679,2.3379514,28.235132,12.470058,0.8575332,1.8271704,25.182364
18.0,Mohokare,ssp126,mid-term_2041-2060,4.6956587,0.6747349,0.0009848675,-6.207992424242423,6.0544815,0.443792815371762,0.33172357978279027,10.206722,1.4069134,5.496812,0.8830197,0.55038166,2.5877378,0.14464102816593094,-0.0011205673,12.742925,-8.990587121212123,0.077872194,0.12060547,-1.0814048,13.958604,1.8527431,23.480133,11.059709,0.79352,1.5518417,20.595081
18.0,Mohokare,ssp126,near-term_2021-2040,3.247535,1.9251516,-0.06422317,-2.3307007575757615,0.8987859,-0.1295405179615714,0.19297357978279053,6.37102,1.0627309,5.3559103,0.89613956,0.333014,1.8796886,0.052228993214914476,1.3701911,9.166894,-3.466212121212125,-0.24818985,-0.14075358,0.5543789,10.336467,1.3589933,15.353465,7.0409303,0.34066176,0.9769147,15.294862
18.0,Mohokare,ssp245,far-term_2081-2100,8.981468,-1.0433712,0.19847493,-14.9719696969697,8.923923,0.7447055137844614,0.6281223893065998,18.119886,2.6273372,9.147539,1.4334375,1.0921259,2.5953493,0.2560530410716903,-3.8007529,26.14502,-23.555871212121218,1.143904,2.08671,-4.541971,26.652956,6.3664074,51.828796,21.089138,1.845338,3.0197287,52.991966
18.0,Mohokare,ssp245,mid-term_2041-2060,4.556663,0.20397727,-0.14815183,-10.189583333333333,-3.5211208,-0.023746867167920776,0.3459795321637429,10.902908,1.8646196,8.183277,1.3965056,1.1214633,3.0709639,0.13946946196838397,-1.3126069,16.092926,-15.541287878787884,0.6263723,1.0947946,-2.1719959,17.982346,3.162819,31.99621,13.885543,1.0575231,2.0032527,29.79013
18.0,Mohokare,ssp245,near-term_2021-2040,3.464204,2.0979066,-0.23651469,-3.726584928229667,-7.248591,-0.35704051796157127,0.2377652464494574,6.514857,1.2832091,4.1599474,0.79271185,-0.13456519,-0.006718,0.0759725803938102,1.864373,8.758676,-5.933771929824562,0.042756636,0.43413162,0.50738597,10.206183,1.3167576,15.081647,7.1004148,0.38974032,0.9601345,13.527841
18.0,Mohokare,ssp370,far-term_2081-2100,13.298192,-1.7267466,0.04696111,-22.86035353535354,-8.748767,0.055503341687551146,0.5400898078529658,18.80555,3.0110898,13.555892,2.338046,2.2247458,2.9365673,0.3168614874007572,-6.797763,45.124504,-37.03695286195287,2.323523,3.1149795,-6.7171574,40.338825,13.912419,83.933395,29.458633,2.8660233,4.9991283,98.90514
18.0,Mohokare,ssp370,mid-term_2041-2060,5.3946853,-0.55521876,0.050470233,-12.983501683501686,12.78727,0.4686612364243941,0.560923141186299,19.33435,2.7573202,13.405224,2.147229,2.1358664,4.086029,0.23011884948558917,-2.5554602,20.71553,-19.046906565656567,0.82865685,0.8727579,-2.3691692,19.593204,3.7969098,33.848675,15.306,1.0908351,2.0631711,32.36834
18.0,Mohokare,ssp370,near-term_2021-2040,3.5955637,0.8176979,0.06823329,-5.983270202020204,0.24082184,-0.08945279866332607,0.19995822890559736,6.501276,0.9926787,6.0619063,0.99501073,0.7444865,1.3764458,0.060717361352403985,0.3141974,11.419911,-8.410795454545456,0.33385846,0.0724918,0.17143162,11.10512,1.6029284,16.665108,7.8524795,0.38106838,1.0554816,14.516719
18.0,Mohokare,ssp585,far-term_2081-2100,18.523726,-1.8931817,-0.014421423,-25.174242424242426,-2.4259136,0.3911340852130312,0.8261382623224729,27.117746,4.543429,19.067303,3.3651156,2.9736505,5.504888,0.44155084879976464,-7.6506104,51.56333,-41.59810606060606,2.8836994,4.4699764,-7.8121033,48.240803,17.679296,105.782,34.316246,3.7754598,6.1303926,130.92426
18.0,Mohokare,ssp585,mid-term_2041-2060,7.816982,-0.41837123,0.101847924,-13.229545454545457,6.802709,0.5212928153717625,0.6424081035923143,19.91345,3.0488362,12.152908,1.9810619,2.2369697,4.451004,0.27383489462726224,-2.830533,22.721905,-20.910835326953748,0.9866134,1.7440435,-3.3981838,22.541574,5.1829844,42.19271,17.592443,1.3093253,2.6500082,40.851643
18.0,Mohokare,ssp585,near-term_2021-2040,0.50924045,1.4014455,0.18002324,-5.789842503987242,-0.9607315,0.09649122807017463,0.27851921470342533,6.321499,1.1008818,4.2747636,0.76974523,0.76150304,2.2820199,0.0877812569788216,0.93275124,10.686706,-9.00026913875598,0.32714716,0.62692577,-0.050637085,12.146796,1.7269039,18.901888,8.713098,0.46290246,1.1734987,16.07406
19.0,Masilonyana,ssp126,far-term_2081-2100,6.118683,-0.2712879,0.089289136,-8.335353535353534,-10.719648,-0.16175090504037767,0.2572382344750764,5.511627,1.3042321,2.811529,0.56462455,0.451135,2.5748723,0.06134966054522511,-1.2774446,15.32978,-11.089015151515156,0.18644772,0.4399143,-1.8444633,18.010265,2.4417171,33.252056,14.203145,1.0576122,1.9475166,36.337093
19.0,Masilonyana,ssp126,mid-term_2041-2060,4.714236,0.0956565,0.11817805,-7.6192424242424215,1.1194186,0.06574909495962207,0.202793790030632,7.363995,1.2255744,5.011339,0.89010227,0.89399844,3.9876454,0.10235060175386253,-0.81782174,14.12015,-10.054570707070708,0.1791901,0.24449454,-1.438046,15.828181,2.0119948,27.97761,12.505426,0.9814168,1.6880442,29.86838
19.0,Masilonyana,ssp126,near-term_2021-2040,5.5239596,1.142879,0.15373367,-3.8556313131313087,-2.9434443,-0.25091757170704415,0.11168267891952101,3.7801006,0.78870744,1.8264836,0.35896617,0.7877098,2.046516,0.005884538517016363,0.5337129,10.516287,-5.310681818181818,-0.14360216,0.034366608,0.1327824,11.897872,1.264495,19.375944,8.582233,0.51236427,1.1288228,22.118088
19.0,Masilonyana,ssp245,far-term_2081-2100,12.058563,-2.0247474,0.15800636,-16.50277777777778,2.3846807,0.2808549150654414,0.3188387635756055,10.235198,1.7127197,7.3167696,1.2741696,1.9324565,2.9933052,0.16045640406053974,-4.892691,30.229935,-25.392676767676768,1.5420069,2.2356865,-5.152893,31.303474,7.3343434,62.243637,24.021845,2.2702422,3.2621622,76.58342
19.0,Masilonyana,ssp245,mid-term_2041-2060,8.944541,-0.59065646,-0.16157076,-11.792171717171714,-9.173594,-0.2823725981620713,0.15058479532163757,5.0496697,1.1740677,4.251393,0.812338,0.9481411,2.2473798,0.07127753612087614,-2.3826377,19.028809,-17.525,0.85496193,1.2664865,-2.687288,21.067743,3.6469698,39.448746,16.365206,1.3585829,2.1339018,44.257587
19.0,Masilonyana,ssp245,near-term_2021-2040,4.4067326,1.1303297,-0.14404413,-5.8266879319510885,-12.981608,-0.6125842383737121,0.046127123363965516,2.9015486,0.93075,0.09267998,0.11635216,0.34536764,0.54136235,0.007377723743016398,0.77878964,10.759818,-8.297567783094099,0.21938409,0.6249301,-0.019295799,12.226106,1.4763719,20.36811,9.144649,0.5081284,1.2387319,21.514427
19.0,Masilonyana,ssp370,far-term_2081-2100,20.108816,-2.6507013,0.22035652,-23.444304152637486,-11.094761,-0.6211222500696185,0.36634642160957925,14.264909,2.7883334,11.403947,2.1496534,2.403905,4.454652,0.19974924175299227,-7.6965113,49.73527,-37.94688552188552,2.5209262,3.1316216,-7.1297703,46.05243,14.912766,98.35888,32.52661,3.3445323,5.232009,134.33224
19.0,Masilonyana,ssp370,mid-term_2041-2060,7.688055,-1.706257,0.1551519,-13.606649831649829,5.0953236,0.3028543581175172,0.3660540239487607,12.708321,2.0932775,6.2477536,1.0586109,1.7501673,3.6014416,0.17220638199649052,-3.5254283,22.389578,-19.269725028058364,0.8054464,0.89445835,-2.9894578,22.478958,3.978816,41.646526,17.721882,1.3220117,2.3599112,46.91001
19.0,Masilonyana,ssp370,near-term_2021-2040,4.4184604,-0.21675079,0.2557371,-6.627328843995508,-1.6021152,-0.12053745474797989,0.11985519353940403,5.3328876,0.91456634,2.4889526,0.3838487,0.72035706,1.7110553,0.05053523082465223,-0.29898793,12.104747,-8.337934904601568,0.26673067,0.039633222,-0.16048473,12.531602,1.533137,21.264124,9.255841,0.57214683,1.3435906,21.675138
19.0,Masilonyana,ssp585,far-term_2081-2100,22.62285,-2.819697,-0.050459437,-25.540151515151514,-6.0175104,0.1768866610971875,0.590267335004177,20.307613,3.716405,12.853275,2.3592718,2.598503,5.8059154,0.3624458959185304,-8.451324,58.3973,-43.10227272727273,3.530284,4.9079537,-8.181166,55.011124,19.017677,123.94496,37.37963,4.2897816,6.55992,173.01949
19.0,Masilonyana,ssp585,mid-term_2041-2060,10.11544,-1.6150053,0.13551924,-15.257270069112174,4.6449246,0.45334168755221405,0.42862712336396536,13.733988,2.2350247,7.719846,1.3165767,1.8367238,4.333575,0.21538846400362022,-4.083311,26.444185,-23.10645933014354,1.299813,1.9549302,-4.02854,26.391428,5.8141947,50.67963,20.543594,1.6713759,2.7615094,60.626106
19.0,Masilonyana,ssp585,near-term_2021-2040,3.766498,0.3649656,0.17467298,-7.430901116427429,0.002661811,0.07556390977443685,0.19688109161793355,5.2812066,0.992941,2.6949947,0.511452,1.2698951,2.6988933,0.05724158509045926,0.0046479967,12.5670185,-10.483705475810739,0.42945,0.7901005,-0.46736813,14.002549,1.9999866,23.44976,10.285187,0.5926926,1.3547317,25.091715
20.0,Tokologo,ssp126,far-term_2081-2100,7.3839374,0.42144892,-0.30824965,-7.222414772727271,-24.251894,-0.7059633458646608,0.08834312343358408,0.2225089,1.1255149,1.5620931,0.64873594,-0.029038906,1.4303753,0.005109249359674994,-0.8332038,15.367261,-10.434488636363636,0.29591793,0.5377064,-1.4814886,19.213501,2.3373363,32.258736,14.400074,0.999113,1.9069233,40.1328
20.0,Tokologo,ssp126,mid-term_2041-2060,6.6415987,0.9067613,-0.1773119,-6.319133522727273,-6.584444,-0.2486195958646613,0.27771812343358393,7.679454,1.9495131,2.8688574,0.72965384,0.5468229,4.055448,0.07011453630963954,-0.3608575,14.023134,-9.40292613636364,0.24461281,0.30254662,-1.0413144,16.707567,1.8848363,26.893429,12.60315,0.9340781,1.6627884,33.52277
20.0,Tokologo,ssp126,near-term_2021-2040,7.5867553,1.8931673,-0.033562064,-3.583821022727273,-8.897188,-0.5383070958646607,0.13631187343358403,4.816766,1.5157155,1.8088737,0.50659686,0.27395904,1.7192187,-0.01113489196690226,0.770674,10.688118,-5.189644886363639,-0.044670314,-0.01585424,0.35796112,12.458804,1.1073363,18.948112,8.721017,0.45537245,1.0979207,23.114216
20.0,Tokologo,ssp245,far-term_2081-2100,12.604827,-1.4596591,-0.059782416,-13.86818181818182,-13.920662,-0.44158834586466056,0.2226660401002507,5.984361,1.9358089,4.1496177,1.052229,0.6030524,1.942512,0.11022964171437138,-4.623045,29.362123,-22.669318181818184,1.5566471,2.4686122,-4.6204433,32.64453,7.013771,60.037052,23.80648,2.1332493,3.2316895,81.40902
20.0,Tokologo,ssp245,mid-term_2041-2060,10.563309,0.15752834,-0.40665746,-9.750142045454545,-19.089172,-0.6098919172932328,0.1275767543859651,3.3372178,1.6169367,1.8258432,0.6490576,0.22843456,1.9538891,0.043606497010693135,-1.9721298,18.533318,-15.705397727272729,0.90397406,1.356558,-2.2632384,21.925875,3.3068109,38.25567,16.359398,1.278908,2.0432138,47.493374
20.0,Tokologo,ssp245,near-term_2021-2040,5.5700336,1.9041193,-0.3541869,-4.982670454545455,-15.964609,-0.6639320958646606,0.17474937343358402,3.1353397,1.479865,-0.9461666,-0.018920854,-0.17495823,0.9747541,0.01768151191856565,1.1295555,10.619219,-7.5478992224880415,0.27678806,0.6686945,0.21112442,12.944313,1.3172946,19.978285,9.306837,0.4295988,1.1623168,23.788078
20.0,Tokologo,ssp370,far-term_2081-2100,25.163818,-2.1594539,-0.11214766,-18.448421717171716,-28.364788,-1.142081766917292,0.15451911027568935,5.8401413,2.4588776,5.000405,1.4293222,1.1363199,2.2994907,0.12647888301668048,-7.0928636,46.243626,-31.554419191919187,2.3417132,3.1703796,-6.8405447,47.848946,13.962318,95.96787,32.191486,3.3928823,5.113378,142.46829
20.0,Tokologo,ssp370,mid-term_2041-2060,9.337994,-0.5703915,0.20199707,-10.411963383838383,-3.1697922,-0.3072133458646612,0.3181704260651631,10.305377,2.4284258,3.4185848,0.81458366,0.82733965,3.1680632,0.11216620006193917,-2.8023164,21.09687,-16.105981691919194,0.63842285,0.9272698,-2.6324751,23.752079,3.597562,41.180546,17.84501,1.2703507,2.344337,51.726807
20.0,Tokologo,ssp370,near-term_2021-2040,5.7064157,0.95252526,-0.04438427,-4.8373106060606075,-8.654755,-0.32053571428571437,0.15287437343358395,3.0625648,0.99726665,-0.37590402,-0.012585744,-0.0382756,1.2973928,0.02926548057301237,0.4332177,11.456613,-6.4716066919191935,0.14992449,0.100372076,0.11899388,13.418591,1.3114508,20.923079,9.550399,0.53541875,1.3368809,24.111528
20.0,Tokologo,ssp585,far-term_2081-2100,26.993519,-2.4561079,-0.32168734,-21.027130681818182,-24.3064,-0.6381657268170419,0.38992794486215554,12.153248,3.868738,7.9422855,2.0984159,1.5432341,4.9412394,0.32439729219910224,-8.239179,56.228607,-37.19659090909091,3.5184517,5.1930246,-7.962201,56.376945,19.004538,119.53621,36.638714,4.225661,6.321948,179.85945
20.0,Tokologo,ssp585,mid-term_2041-2060,13.110481,-0.7286484,-0.26960406,-12.241559509569376,-12.083511,-0.3398026315789461,0.2835291353383459,7.4189124,2.1904237,4.921667,1.2502022,1.0264567,3.6059005,0.15391972802572357,-3.5459929,25.446014,-19.951136363636365,1.2248054,2.0579894,-3.557827,27.633856,5.537971,49.630726,20.482132,1.6482487,2.6860173,66.04412
20.0,Tokologo,ssp585,near-term_2021-2040,5.863159,1.1553603,-0.004127562,-6.136819677033493,-8.257242,-0.3603383458646604,0.08144580200501259,2.0569491,0.8606038,1.7257515,0.52795,0.6684065,1.5603101,0.02412106901193789,0.33482414,12.588514,-9.589630681818186,0.46179593,0.87033176,-0.13147843,14.907307,1.8215461,23.082659,10.553334,0.6356743,1.3012042,27.800964
21.0,Tswelopele,ssp126,far-term_2081-2100,7.877486,-0.62380695,-0.123744726,-8.368238636363635,-18.076862,-0.2874749373433585,0.15778352130325835,2.6640005,1.1690267,1.4441397,0.47179753,-0.48824286,1.798533,0.05335066966993984,-1.5689832,15.9679,-11.508920454545457,0.27672577,0.60113573,-1.7150933,19.165203,2.305987,34.553616,14.732556,1.0527958,1.9348569,41.074623
21.0,Tswelopele,ssp126,mid-term_2041-2060,6.1968603,-0.14349446,0.04969287,-7.6110511363636375,-1.5019836,-0.10778743734335894,0.18465852130325833,7.835204,1.5490242,4.7038884,0.9369681,0.5016973,4.4629526,0.10589737867234406,-1.1188902,14.590434,-10.585482954545459,0.25068957,0.33525944,-1.3215177,16.749847,1.9953619,28.708939,12.938624,1.010526,1.6823635,33.78548
21.0,Tswelopele,ssp126,near-term_2021-2040,7.4831095,0.73713076,-0.057181835,-4.434176136363638,-6.401638,-0.46997493734335816,0.09340852130325805,3.8115149,1.0178586,2.3683598,0.5718128,0.20932007,1.9899964,0.007820517596514032,0.12968004,10.989543,-6.168607954545457,-0.05146414,0.06363821,0.116241336,12.626161,1.1106744,20.667992,9.02824,0.51378536,1.1425695,24.568705
21.0,Tswelopele,ssp245,far-term_2081-2100,11.729789,-2.1443183,-0.12667608,-15.96534090909091,-7.886204,-0.062296365914786156,0.22263471177944877,6.3820944,1.5284466,4.120742,0.8891603,0.8144922,2.1834903,0.12206682010530179,-5.151884,30.913717,-25.20397727272728,1.7127244,2.420596,-4.9933543,33.080154,7.3426437,64.25794,24.686817,2.30013,3.2898831,84.86136
21.0,Tswelopele,ssp245,mid-term_2041-2060,9.808365,-0.93693185,-0.2418549,-11.72784090909091,-14.592918,-0.32985588972431024,0.12561090225563926,4.1539173,1.3530406,2.6994014,0.6748223,0.33414388,2.3551025,0.06218450914006801,-2.6982312,19.608013,-17.835227272727273,1.0027988,1.406584,-2.6067019,22.287666,3.5472937,41.42805,17.068115,1.4043579,2.084292,49.12583
21.0,Tswelopele,ssp245,near-term_2021-2040,5.785923,0.6518241,-0.1624943,-5.953872607655503,-13.346607,-0.543099937343358,0.1515335213032582,3.9751348,1.3162745,0.13751316,0.17741609,-0.19485497,0.8684344,0.02530079392828466,0.38984466,11.291139,-8.84934210526316,0.33178657,0.74481416,-0.048164368,13.075496,1.4322966,21.721758,9.767164,0.49500513,1.2263279,24.659918
21.0,Tswelopele,ssp370,far-term_2081-2100,24.313425,-2.677557,0.015350938,-21.653030303030306,-20.319508,-0.8537907268170435,0.2005795739348371,9.445875,2.5589414,7.656994,1.7845418,1.5871165,3.4366398,0.16861859959986591,-7.701635,49.01842,-35.95037878787879,2.493826,3.2033947,-7.0468545,48.17131,14.670778,100.60188,32.920704,3.4091804,5.2250075,145.42618
21.0,Tswelopele,ssp370,mid-term_2041-2060,8.622959,-1.7723486,0.093311906,-12.506155303030305,1.2073555,0.16791979949874714,0.2861058897243107,10.360722,1.9835571,3.5734222,0.6625808,0.85743356,3.3040266,0.15403406821396792,-3.5972137,22.331432,-18.449684343434345,0.7491009,0.969954,-2.9578266,23.840511,3.799598,43.80467,18.332085,1.3096731,2.3444405,52.77271
21.0,Tswelopele,ssp370,near-term_2021-2040,5.481844,-0.13901523,0.021272182,-6.029071969696971,-4.7153816,-0.1481986215538842,0.13051378446115314,3.7749891,0.83912504,2.169094,0.44038296,0.06304717,1.6098719,0.049559021901987466,-0.34694946,12.20253,-7.881281565656567,0.22281766,0.1367166,-0.052306294,13.432403,1.4096674,22.255009,9.696834,0.59296215,1.3869925,24.869232
21.0,Tswelopele,ssp585,far-term_2081-2100,25.31432,-2.871591,-0.22965217,-24.08693181818182,-16.929932,-0.17211779448621511,0.37977756892230596,14.391568,3.384325,9.87068,2.1572466,1.7608445,5.376829,0.33287851335070906,-8.552689,58.86221,-41.54119318181818,3.7017012,5.1672473,-8.129825,57.079277,19.24758,126.20703,37.570065,4.3373995,6.496375,184.89517
21.0,Tswelopele,ssp585,mid-term_2041-2060,12.318189,-1.7677484,-0.060902834,-14.523504784688996,-5.957062,0.06567982456140342,0.261622807017544,8.836072,1.9123873,4.9688644,1.0353844,0.7788806,3.1658258,0.16174695077379375,-4.230373,26.815231,-22.725568181818186,1.3685802,2.0987267,-3.9434905,28.021086,5.7375,53.20609,21.234379,1.740772,2.7716632,67.39755
21.0,Tswelopele,ssp585,near-term_2021-2040,5.732765,0.028483748,0.07838333,-7.429979066985646,-2.001812,-0.00545112781954793,0.13245614035087716,5.1451044,1.1401092,2.8287077,0.630354,0.69002986,2.7540627,0.058960886766578624,-0.3765794,13.137808,-10.875224282296653,0.5137994,0.9196911,-0.34056556,14.910167,1.8963816,24.846523,10.797806,0.6609374,1.3601575,28.895472
22.0,Matjhabeng,ssp126,far-term_2081-2100,6.549778,-0.45386383,0.1287601,-6.397869318181818,-9.974167,-0.0015726817042618357,0.17235902255639085,3.619935,0.8688748,3.3029714,0.62879777,0.4131875,2.6416373,0.07794428268165543,-1.2638286,15.345423,-9.357670454545454,0.07259703,0.44736862,-2.019782,18.407759,2.2966118,35.121284,14.74445,1.1053786,1.859333,37.680122
22.0,Matjhabeng,ssp126,mid-term_2041-2060,4.690715,0.14394882,0.28376043,-5.9331818181818194,2.8354645,0.18405231829573876,0.12173402255639093,7.011904,1.0859737,5.779377,0.9933044,0.92443395,4.2827964,0.10220496122797007,-0.9616531,14.330717,-9.094545454545454,0.11155763,0.26253843,-1.6415254,16.165565,1.9200493,29.55816,13.093487,1.0600092,1.6026115,31.19032
22.0,Matjhabeng,ssp126,near-term_2021-2040,6.6788397,0.9861363,0.20282245,-2.8988068181818187,-3.1254654,-0.27938518170426185,-0.0020159774436089295,1.9141264,0.45611,2.7368422,0.5537406,0.57140326,2.244915,0.02590613947591991,0.5222461,10.739845,-4.4836079545454535,-0.2537641,-0.029114723,-0.12520623,12.310164,1.2412994,21.120346,9.254841,0.5300176,1.0648422,22.998545
22.0,Matjhabeng,ssp245,far-term_2081-2100,11.957411,-2.3619318,0.14157283,-13.61875,4.3554077,0.3673558897243103,0.3120614035087721,10.880795,1.7238961,8.17785,1.3896736,2.0665016,3.5843277,0.1587908098385492,-5.1265917,31.160646,-23.034090909090914,1.6338663,2.1992602,-5.344469,31.967888,7.4059215,65.8893,24.9783,2.3728185,3.1735854,79.28582
22.0,Matjhabeng,ssp245,mid-term_2041-2060,8.749675,-1.0710227,-0.02063024,-9.779545454545456,-8.722099,-0.12758458646616577,0.10610902255639082,5.671091,1.2168432,4.7322826,0.86390847,0.9602773,2.770846,0.07753987072276869,-2.605576,19.5211,-16.016193181818185,0.8932905,1.3160031,-2.9260933,21.436462,3.5808165,41.72401,17.042095,1.4639109,2.007586,45.63943
22.0,Matjhabeng,ssp245,near-term_2021-2040,6.066965,1.2984152,-0.09998965,-4.254814593301437,-11.23106,-0.3796976817042601,0.037984022556390995,3.240839,0.9356427,2.5280735,0.5496893,0.63944316,0.7353997,0.026208538474294718,0.7243588,10.923157,-7.184599282296649,0.20971704,0.6311796,-0.18359292,12.535944,1.4572452,21.65269,9.49596,0.5493797,1.1463761,22.640882
22.0,Matjhabeng,ssp370,far-term_2081-2100,22.322918,-2.9217803,0.23104632,-18.724084595959596,-8.486893,-0.29486215538847116,0.3666353383458648,13.951906,2.568078,11.150564,2.0386667,2.5516207,5.454654,0.19709453196421822,-7.790053,50.575165,-33.50072601010101,2.5730274,3.104831,-7.2117434,46.811077,14.905154,102.957535,33.288258,3.3979106,5.0805182,137.88373
22.0,Matjhabeng,ssp370,mid-term_2041-2060,8.442657,-1.7794193,0.13071716,-10.874084595959596,3.009735,0.5386904761904763,0.33703007518796974,12.046955,1.9225217,6.380374,1.0679324,1.4210424,3.4397917,0.16420495942589186,-3.5034325,22.577673,-16.846212121212123,0.7575432,0.9256201,-3.237887,22.99665,3.8759868,44.195385,18.41321,1.3389671,2.2209,49.168797
22.0,Matjhabeng,ssp370,near-term_2021-2040,5.1577873,-0.03219697,0.22742796,-4.959501262626263,-1.2327499,0.09790100250626521,0.11499060150375912,5.591427,0.94201195,3.1151106,0.5036138,0.80077744,2.7456527,0.07909828762564519,-0.14996588,11.9776945,-6.867045454545455,0.15223882,0.027979374,-0.28298473,12.837682,1.4235563,22.151981,9.675577,0.6488873,1.2366347,22.828861
22.0,Matjhabeng,ssp585,far-term_2081-2100,23.798481,-3.1133523,0.056156278,-20.398579545454545,-3.966591,0.36110588972431135,0.532299498746867,18.585188,3.1372414,13.720311,2.3839517,2.7957914,6.561689,0.3290727716169213,-8.569504,59.85551,-38.053409090909085,3.7427568,4.8483586,-8.260632,55.833252,19.02826,130.22345,38.274338,4.369113,6.460919,178.02365
22.0,Matjhabeng,ssp585,mid-term_2041-2060,11.008602,-1.7636664,0.11329901,-12.470529306220097,4.5183105,0.6486058897243097,0.33021616541353377,11.848939,1.827227,8.710146,1.4729106,1.8810055,3.851046,0.19256230314149714,-4.1754694,26.88814,-21.076091507177033,1.3590178,1.9440882,-4.2428675,26.933245,5.718361,53.694267,21.342226,1.7291206,2.6754637,62.563232
22.0,Matjhabeng,ssp585,near-term_2021-2040,6.047888,0.24200049,0.32966733,-5.943376196172249,4.003502,0.30277255639097667,0.1828947368421051,7.3639536,1.2200246,4.8522243,0.8676873,1.3825879,3.345487,0.09461917114483909,-0.11752081,12.546835,-9.062410287081338,0.4207312,0.82948184,-0.5378578,14.031132,1.7877841,24.692482,10.614267,0.6060622,1.3019271,26.23913
23.0,Nala,ssp126,far-term_2081-2100,6.622786,-1.0083334,-0.06134796,-6.681780303030302,-16.170517,-0.10703529657477162,0.1808813700918963,2.0643094,0.8704791,0.5049079,0.20500176,-0.44814524,1.8462538,0.10048882126012411,-1.7905482,16.211018,-10.638825757575754,0.22987096,0.6111066,-1.8614384,19.31538,2.3414354,36.162807,15.109941,1.087866,1.901734,41.711006
23.0,Nala,ssp126,mid-term_2041-2060,5.675705,-0.52416664,0.21531837,-6.050530303030303,1.2242126,0.11588137009189747,0.17546470342522968,7.5617013,1.329527,5.584112,1.0231415,0.7077077,4.756977,0.14798152978987567,-1.4319944,14.947753,-10.140492424242424,0.22948678,0.40389505,-1.5205346,16.906513,1.9710187,30.150297,13.415954,1.0908462,1.635191,34.27548
23.0,Nala,ssp126,near-term_2021-2040,7.286123,0.26541674,0.043235462,-3.7355303030303015,-6.1551056,-0.3637019632414355,0.08588137009189611,3.0152867,0.7849501,2.4507205,0.5466914,0.20531654,2.0084355,0.04290394633762137,-0.10640907,11.281039,-5.954659090909087,-0.1335501,0.075476326,-0.07380819,12.859707,1.2193521,22.254057,9.539235,0.5439601,1.1187223,24.994778
23.0,Nala,ssp245,far-term_2081-2100,10.978759,-2.3992424,-0.14997911,-12.46060606060606,-4.5605674,0.05373851294903945,0.2831035923141186,8.060058,1.6524104,5.235698,1.0105822,1.0684923,2.7548943,0.15146614904955236,-5.443241,31.954554,-22.62575757575757,1.8366892,2.4287074,-5.246602,33.5677,7.5311003,67.90181,25.440681,2.3828802,3.2609818,86.84566
23.0,Nala,ssp245,mid-term_2041-2060,9.929951,-1.4431818,-0.13529746,-9.448863636363635,-13.58546,-0.3454678362573092,0.1898496240601503,5.9675765,1.5740987,3.2708225,0.7181472,0.48411942,2.5987346,0.0849977032904512,-3.0905495,20.328266,-16.67083333333333,1.0881042,1.4804465,-2.8616512,22.575113,3.6139355,43.676254,17.657433,1.5011305,2.0290554,50.507576
23.0,Nala,ssp245,near-term_2021-2040,6.896956,0.3241427,-0.15426509,-4.72846889952153,-11.056706,-0.4262019632414364,0.21088137009189634,5.1392784,1.3388804,2.162553,0.496022,0.115571976,0.85407764,0.05818316350112577,0.024555683,11.64746,-8.362101275917064,0.35480693,0.7656841,-0.18442822,13.261182,1.5485247,22.87609,10.056503,0.53749925,1.176745,25.043106
23.0,Nala,ssp370,far-term_2081-2100,24.034609,-2.899537,0.058980465,-16.451641414141413,-16.943762,-0.6163116123642434,0.2775480367585627,10.166623,2.401478,8.078717,1.7185978,1.9101019,4.39563,0.1994197323841457,-7.883581,50.233803,-31.17979797979798,2.6183581,3.2633374,-7.166213,48.52575,14.683844,104.83804,33.522408,3.451212,5.1690426,146.78847
23.0,Nala,ssp370,mid-term_2041-2060,9.88724,-1.9407407,0.20327885,-9.956271043771045,1.1831207,0.3472848788638254,0.3652673350041771,10.630015,1.8476377,4.021877,0.67517465,0.8878682,2.9561985,0.18932734273088045,-3.8363745,22.808764,-17.121927609427612,0.8102001,1.0377918,-3.1514056,24.172586,3.8639355,45.99081,18.864653,1.338223,2.2794526,54.17272
23.0,Nala,ssp370,near-term_2021-2040,5.2933807,-0.32685184,0.054594517,-4.844696969696969,-2.2385712,-0.07815371762740113,0.23281119465329958,6.040632,1.1359054,2.8368979,0.4885018,0.23098564,2.6617534,0.1065928686011756,-0.5158456,12.300257,-7.554797979797974,0.17414574,0.16270702,-0.20859718,13.56085,1.3759725,22.999605,9.957578,0.62382174,1.3019403,25.03708
23.0,Nala,ssp585,far-term_2081-2100,25.719236,-3.0742424,-0.06902758,-17.968181818181815,-12.459091,-0.03157894736842012,0.4854845446950707,17.190744,3.4817517,12.366894,2.422153,2.372763,6.4311614,0.37859638335321844,-8.709879,60.213497,-35.35681818181818,3.912314,5.1635985,-8.223304,57.547253,19.08136,131.83951,38.229115,4.447285,6.4851,187.83258
23.0,Nala,ssp585,mid-term_2041-2060,12.406138,-2.0760565,-0.019820213,-11.485745614035087,-4.8575187,0.29064327485380065,0.2604845446950708,8.575958,1.7068797,5.475479,1.0698702,1.0001999,2.722009,0.18096928283361832,-4.537858,27.469086,-20.633632376395532,1.4638739,2.1451867,-4.1957893,28.456314,5.851655,56.163025,21.890932,1.8106333,2.723402,69.21274
23.0,Nala,ssp585,near-term_2021-2040,7.504949,-0.2762959,0.25954422,-6.0611642743221665,1.7756296,0.20969089390142207,0.23111946532999159,8.253995,1.5515414,5.3777723,1.0281118,0.9585555,3.4736927,0.12548142293624234,-0.70625955,13.32096,-10.084529505582132,0.5421764,0.9746068,-0.41448084,14.870655,1.8436803,25.826254,11.062424,0.67208356,1.3684896,29.371075
24.0,Setsoto,ssp126,far-term_2081-2100,4.0819616,-0.4060715,0.4355383,-7.0540909090909105,4.8356934,0.5586439312567134,0.3423442534908699,10.313306,1.3702252,6.9467382,0.99373245,1.4922377,4.4705453,0.14496642804478213,-1.3347616,15.315607,-10.498701298701295,0.08707847,0.25060108,-2.093363,16.767593,2.3935237,29.400358,13.919791,1.0191733,1.8080351,30.957378
24.0,Setsoto,ssp126,mid-term_2041-2060,2.9844682,-0.032857247,0.4376812,-6.638019480519482,9.449,0.5522153598281415,0.20805853920515568,8.5590925,0.9762267,5.4122553,0.71982914,1.1806842,3.8081708,0.12840687552439864,-1.0278289,14.368146,-10.26727272727273,0.17281604,0.15236118,-1.6930631,14.87727,2.0981665,25.54821,12.440341,0.9425284,1.587731,25.903242
24.0,Setsoto,ssp126,near-term_2021-2040,5.024466,1.1178571,0.4348244,-2.903019480519481,7.0781775,0.1518582169709973,0.13984425349086996,5.8476987,0.70845795,3.0976367,0.41350576,1.1318599,2.906957,0.09644049678085066,0.5788751,10.322229,-4.896915584415585,-0.32620594,-0.10092081,-0.088812284,11.132801,1.2817379,17.162498,8.595898,0.42403957,0.99299896,18.732939
24.0,Setsoto,ssp245,far-term_2081-2100,10.381469,-2.1675327,0.6441096,-14.275000000000002,23.764238,1.1364840673111338,0.5621911922663804,18.863363,2.1023169,12.423329,1.6357533,2.907965,4.635731,0.26400081600050856,-5.027116,31.090155,-24.406168831168834,1.5582821,2.011944,-5.438604,29.6845,7.354341,57.8082,24.306492,2.2776866,3.1208322,67.39975
24.0,Setsoto,ssp245,mid-term_2041-2060,6.4525614,-0.9025974,0.27540207,-10.203896103896104,1.4535697,0.21675617615467044,0.18532044396706052,7.3847494,0.9762813,5.631075,0.7817298,1.0485259,2.574526,0.11797588715797959,-2.5797575,19.341877,-16.91948051948052,0.80293304,1.1441435,-2.9312656,19.773895,3.6977446,35.375,16.254362,1.3615206,1.984914,37.852097
24.0,Setsoto,ssp245,near-term_2021-2040,3.4451764,1.0954373,0.033395495,-4.758749145591254,-7.596732,-0.35421321160043007,-0.035512889366273094,1.8532007,0.4341338,2.1554108,0.38027176,0.9529476,1.0446135,0.04175768503853318,0.63034946,10.568427,-7.895095693779903,0.24442066,0.53591317,-0.226208,11.391733,1.546835,17.898632,8.925,0.5249694,1.0810966,18.142015
24.0,Setsoto,ssp370,far-term_2081-2100,17.070852,-2.7170634,0.53809464,-20.355519480519483,8.179705,0.3786251342642323,0.6531149301825996,24.644283,3.1987798,16.638626,2.3557,3.4324453,6.898168,0.32473580458570367,-7.8331823,52.05115,-36.491955266955266,2.7073555,3.0487669,-7.198416,43.76984,15.430428,92.823814,32.517532,3.2369971,4.959424,120.015816
24.0,Setsoto,ssp370,mid-term_2041-2060,7.8573236,-1.6781747,0.4238092,-12.641233766233768,9.222307,0.8560687432867888,0.46025778732545647,15.810006,2.0343413,9.763225,1.3738099,2.106733,4.9057126,0.20532391000910483,-3.7931747,23.725298,-19.713383838383837,0.90766305,0.7768838,-3.1889925,21.109163,4.262968,37.410316,17.495314,1.2552594,2.1342099,40.658672
24.0,Setsoto,ssp370,near-term_2021-2040,4.335893,-0.5202382,0.36140278,-6.424170274170275,3.1485596,0.2504296455424263,0.20311493018259932,7.2100472,0.895886,4.3696046,0.55328906,0.98980933,3.0579135,0.10770644295651165,-0.6067325,12.579571,-9.279256854256854,0.30313802,-0.040695462,-0.311147,11.701481,1.560587,18.516264,8.977178,0.57373947,1.1495836,18.340418
24.0,Setsoto,ssp585,far-term_2081-2100,19.260038,-2.8214285,0.6655384,-21.844805194805193,19.670088,1.4759398496240586,0.921034729681346,29.820297,3.653075,16.927517,2.2393937,3.1228023,7.353386,0.44323485691799686,-8.524073,60.022327,-40.55194805194805,3.67802,4.6476984,-8.247413,52.973797,19.276318,119.21786,37.845524,4.1957088,6.355869,159.60753
24.0,Setsoto,ssp585,mid-term_2041-2060,8.610042,-1.645352,0.5233613,-13.665686944634313,20.809092,1.3810418904403872,0.5771571786609376,19.054663,2.1837363,9.36758,1.1827216,2.2187555,5.497735,0.27464319839847434,-4.3067465,27.181639,-22.636329460013673,1.3771504,1.7593874,-4.2692175,24.868244,5.975,46.5306,20.545244,1.6192567,2.6386151,52.24427
24.0,Setsoto,ssp585,near-term_2021-2040,3.2855525,-0.13945675,0.5781232,-6.784125085440877,11.260158,0.6912459720730387,0.31967418546365906,10.274813,1.2908332,5.770691,0.7981845,1.7043781,3.4851778,0.14777139066968534,-0.38213184,12.533495,-10.438926862611071,0.51904887,0.64854157,-0.724585,12.928488,1.8599964,20.739935,10.261293,0.5796509,1.2145206,20.81502
25.0,Dihlabeng,ssp126,far-term_2081-2100,4.8409643,-0.23707396,0.68461156,-9.711562500000001,11.956024,0.938317669172934,0.336234335839599,12.72628,1.3395038,8.29606,0.97704875,1.4391096,4.3296638,0.1529646787229061,-1.3437057,15.808081,-12.076534090909096,0.09085071,0.2141819,-2.088043,16.251415,2.344961,22.269264,14.078421,0.9908618,1.7320523,27.506062
25.0,Dihlabeng,ssp126,mid-term_2041-2060,3.7881489,0.26230097,0.84742486,-9.434687499999997,14.7706375,0.578630169172933,0.2906093358395993,11.942656,1.1622117,5.976318,0.6493536,0.7347324,3.6740775,0.12760791066006494,-1.0522486,14.774885,-11.239034090909099,0.14971018,0.07255316,-1.6988025,14.452431,1.9912112,19.371763,12.580328,0.9208602,1.4653945,22.7258
25.0,Dihlabeng,ssp126,near-term_2021-2040,3.7128372,1.359801,0.5658611,-4.432812499999999,12.579918,0.49988016917293177,0.10748433583959915,6.4075108,0.53954625,2.426602,0.22099906,0.5469296,2.7409854,0.08748694277647029,0.6146058,10.606764,-5.864971590909094,-0.3269089,-0.17473793,-0.18908763,10.903712,1.2605861,12.760824,8.779341,0.40515792,0.91744757,17.021523
25.0,Dihlabeng,ssp245,far-term_2081-2100,7.912953,-2.0522728,1.1222895,-21.62727272727273,32.487526,1.399091478696742,0.6865914786967419,23.190193,2.142053,14.0027275,1.5332882,2.6438372,4.9035354,0.26572160575881265,-5.0580115,31.764732,-30.312215909090913,1.6365999,1.9426911,-5.43584,28.85397,7.0826855,47.10109,24.5535,2.2456348,3.0045629,60.490852
25.0,Dihlabeng,ssp245,mid-term_2041-2060,4.426053,-0.7821024,0.395504,-15.002272727272729,8.858902,0.4699248120300754,0.2731986215538848,10.350292,1.0617288,6.6954985,0.7609323,0.6419077,2.9955878,0.13644331366297513,-2.5436332,19.63491,-20.295454545454547,0.81379604,1.0686495,-2.9301126,19.091215,3.4980862,27.231535,16.342598,1.3375,1.8422685,33.341793
25.0,Dihlabeng,ssp245,near-term_2021-2040,2.8337708,1.256833,0.23679888,-7.284554425837317,-3.2779007,-0.10386983082706713,0.07529683583959917,4.4595175,0.6572553,4.2964263,0.60639787,0.94330025,1.3026223,0.047218140621593685,0.57697916,10.720353,-9.710885167464113,0.27718133,0.54196954,-0.17688417,11.081612,1.4793793,13.232775,8.932955,0.55308044,0.96670485,15.890022
25.0,Dihlabeng,ssp370,far-term_2081-2100,12.714021,-2.649053,1.0627035,-31.54861111111111,14.821373,0.8310150375939855,0.673010651629073,28.582798,3.0966089,18.922838,2.2842314,3.1419737,7.6390986,0.34542511415038946,-7.876478,53.250835,-47.35757575757576,2.8168488,2.9551506,-7.115374,42.247036,15.175516,79.51537,32.357193,3.1392474,4.75606,108.553795
25.0,Dihlabeng,ssp370,mid-term_2041-2060,7.884085,-1.600442,0.8215852,-18.581249999999997,8.261856,0.6875939849624046,0.4970238095238096,18.701454,2.1499367,11.495027,1.4191856,1.7512348,4.6491876,0.21502476948730775,-3.9982133,25.11151,-24.19750631313131,0.97804725,0.78436923,-3.1607084,20.510815,4.2960024,29.056347,17.50893,1.2198197,1.9949512,36.523933
25.0,Dihlabeng,ssp370,near-term_2021-2040,3.7518454,-0.31919205,0.47586083,-9.708680555555556,2.7769775,0.37937030075188094,0.2082080200501254,8.297894,0.91780424,5.022638,0.5680725,0.31310368,3.0759397,0.09472067422517305,-0.813151,13.458953,-11.577367424242425,0.3895077,-0.032387972,-0.3227471,11.318427,1.5564195,13.218844,9.029068,0.6614063,0.9452863,15.744768
25.0,Dihlabeng,ssp585,far-term_2081-2100,15.310574,-2.7267046,1.2193139,-34.23011363636363,31.675407,2.0776629072681705,1.0514724310776944,36.683884,3.7369561,19.456306,2.1297514,2.6284797,7.537273,0.4497353264908025,-8.525553,60.55671,-53.50681818181818,3.7941992,4.5294213,-8.15796,51.685616,19.099222,106.17983,37.682556,4.1095634,6.1115527,149.6891
25.0,Dihlabeng,ssp585,mid-term_2041-2060,6.8382535,-1.4907298,0.865147,-20.286782296650717,28.534676,1.6413533834586476,0.7309367167919805,24.308413,2.384027,10.7911,1.122371,2.033283,5.6592193,0.27191500406308955,-4.3622003,28.040709,-27.839294258373208,1.4855003,1.670337,-4.26886,24.149433,5.818615,37.49988,20.653816,1.641268,2.5411773,47.24536
25.0,Dihlabeng,ssp585,near-term_2021-2040,2.688549,-0.054739922,0.77824247,-9.939339114832535,18.945847,1.0886748120300749,0.4246867167919801,15.587924,1.6436586,7.822254,0.905024,1.7784233,3.9624734,0.17888777614320406,-0.47544026,13.006425,-12.48969796650718,0.6026183,0.6249912,-0.67893493,12.488453,1.8180174,15.09091,10.276712,0.55652094,1.0556107,17.95102
26.0,Nketoana,ssp126,far-term_2081-2100,5.5916753,0.1481312,0.6744477,-8.43333333333333,6.9761353,0.8181356168198266,0.1815371762740187,7.664674,0.84295356,6.296454,0.8070539,0.79236877,3.1918309,0.1174196636566478,-0.92424977,15.264615,-10.233257575757577,0.031244755,0.28772375,-2.1520662,16.880476,2.1301742,28.526007,14.554165,1.0374991,1.7500424,29.967682
26.0,Nketoana,ssp126,mid-term_2041-2060,4.051676,0.45896456,0.79250294,-8.17111111111111,12.127095,0.677857839042049,0.20598162071846282,8.884291,0.9362208,6.30063,0.8021939,0.6706607,3.1090648,0.11056418082058331,-0.6099292,14.213916,-9.367424242424246,0.016625669,0.09309006,-1.7627468,14.893128,1.7871184,24.707396,12.938479,1.0065229,1.4575907,24.983473
26.0,Nketoana,ssp126,near-term_2021-2040,4.5527864,1.6475757,0.47028127,-3.825277777777777,8.523302,0.41924672793093937,0.04125939849624061,2.6023626,0.1537874,1.0652404,0.088967055,-0.042142443,1.6484765,0.05308261526264779,0.93019116,10.508819,-4.935757575757578,-0.38990444,-0.16391161,-0.28870222,11.5130625,1.1910075,17.052395,9.165272,0.45431793,0.95586354,18.446045
26.0,Nketoana,ssp245,far-term_2081-2100,9.295313,-2.088889,1.0000559,-21.171212121212122,25.772108,1.2320245057087154,0.4976747424115846,16.622478,1.6476147,11.670719,1.4429731,2.0807354,4.0896444,0.21622850609058877,-4.9824114,31.090485,-28.807828282828282,1.6820296,1.9917793,-5.430931,29.50665,6.728376,57.396614,24.895803,2.3130507,2.982201,64.98276
26.0,Nketoana,ssp245,mid-term_2041-2060,5.3394933,-0.6795456,0.3482045,-14.321212121212122,6.0376587,0.5045112781954882,0.29211918685602917,8.82243,1.056015,5.3597565,0.67922384,0.49398062,2.959264,0.1250288600353994,-2.3137786,19.141375,-18.834595959595966,0.86898506,1.0949415,-2.9596388,19.60828,3.2087853,34.24843,16.657398,1.3758944,1.8150343,36.294098
26.0,Nketoana,ssp245,near-term_2021-2040,3.9119513,1.5547713,0.38444752,-6.468155236576287,-3.6166315,0.12646895015316062,0.007092731829574175,2.5853941,0.4799968,5.3865385,0.85468614,0.90865684,0.9051399,0.0459892490048374,0.9291227,10.418771,-8.571996278575227,0.23577759,0.55468327,-0.18330605,11.457598,1.3244698,17.116428,9.071523,0.5952101,0.99123126,17.537817
26.0,Nketoana,ssp370,far-term_2081-2100,14.959291,-2.8195848,0.9478978,-31.00833333333334,9.546047,0.7963519910888314,0.5379699248120302,21.898611,2.6891558,15.612907,2.1097236,2.5329812,6.8073306,0.300601897511106,-7.797711,52.180107,-45.66032547699214,2.8711362,2.955699,-7.0994616,43.082615,14.590266,92.63502,32.660854,3.171805,4.7217245,114.699036
26.0,Nketoana,ssp370,mid-term_2041-2060,8.588236,-1.5208194,0.7230444,-18.049074074074074,4.915751,0.7089250905040364,0.3327067669172934,13.804824,1.7677919,8.824612,1.1943438,1.4960278,3.5785294,0.18296312739879875,-3.7961545,24.47897,-22.70754769921437,1.035994,0.8669709,-3.2330065,21.113285,3.8763778,36.93008,17.92292,1.2882271,1.9623418,40.057983
26.0,Nketoana,ssp370,near-term_2021-2040,3.9911613,-0.04612785,0.46807322,-9.191975308641975,1.1862725,0.48728766360345255,0.09440267335004199,4.721561,0.57392204,3.2188215,0.40974346,0.07874383,2.4071622,0.077722953518194,-0.56571716,13.240235,-10.592424242424247,0.35970676,-0.0035648346,-0.31251866,11.642935,1.433168,17.385326,9.258415,0.70476365,0.89383996,17.119404
26.0,Nketoana,ssp585,far-term_2081-2100,18.315681,-2.8901515,1.1058756,-33.924242424242415,21.601522,1.4457811194653298,0.7381509328877751,27.12802,3.1148849,16.118698,2.0082417,1.8476565,6.000173,0.37656333634723205,-8.472165,59.678944,-51.93383838383838,3.9410129,4.5762825,-8.13801,52.49447,18.371664,121.94288,38.031876,4.228549,6.162212,156.17928
26.0,Nketoana,ssp585,mid-term_2041-2060,7.5445204,-1.5407495,0.78444755,-19.920667198298776,22.328064,1.5687969924812026,0.49450013923698144,17.454323,1.8425273,10.081169,1.2089566,1.6206701,4.5823035,0.22688017952949469,-4.149598,27.255539,-26.595800106326422,1.5106441,1.7089942,-4.3393817,24.70943,5.4006114,46.090958,20.992233,1.7116683,2.4702349,50.659443
26.0,Nketoana,ssp585,near-term_2021-2040,3.7204492,0.2979399,0.68894494,-8.925332270069113,16.745768,0.9881091617933725,0.4138123085491508,13.498954,1.6006579,8.066911,1.0560822,1.6515903,3.509018,0.15935355477204421,-0.12427637,12.613136,-11.12252791068581,0.5665376,0.6547597,-0.63091606,12.796205,1.622488,19.54641,10.404919,0.5719594,1.0629967,19.782192
27.0,Maluti-a-Phofung,ssp126,far-term_2081-2100,3.3264022,-0.2367272,0.6910814,-9.942772727272724,19.467663,1.0936654135338337,0.4040739348370924,14.172747,1.2436352,7.388112,0.7352176,1.2198025,3.629474,0.13255080896557275,-1.490823,16.681185,-12.974272727272728,0.24207906,0.19314614,-1.8709215,15.446241,2.2627704,18.575027,13.762168,0.97395146,1.5871582,21.470427
27.0,Maluti-a-Phofung,ssp126,mid-term_2041-2060,2.5889015,0.25777286,0.79158056,-9.693772727272721,22.448963,1.092165413533833,0.43557393483709295,15.370725,1.2887299,6.7772255,0.6440654,0.7165413,3.3612442,0.13797449382072707,-1.2632039,15.634662,-12.303772727272726,0.31624365,0.066475675,-1.5677068,13.634645,1.9172703,16.059523,12.292212,0.8667428,1.3288666,17.469374
27.0,Maluti-a-Phofung,ssp126,near-term_2021-2040,0.6639023,1.1362725,0.52358186,-4.982272727272725,20.633154,0.7786654135338325,0.09557393483709235,6.152208,0.33518392,3.5611527,0.3300356,0.71911967,2.8896575,0.08083738234960122,0.32896918,11.310597,-6.712272727272736,-0.17977686,-0.17156944,-0.03390522,10.525578,1.2632704,10.600022,8.518621,0.44384795,0.83609694,13.676216
27.0,Maluti-a-Phofung,ssp245,far-term_2081-2100,4.0442324,-1.9754544,1.5006765,-21.48181818181818,41.66349,1.8366416040100233,0.8157644110275685,27.650133,2.3161976,14.054537,1.365918,2.2515416,4.4847918,0.25031253468713555,-5.1541653,32.921455,-31.394090909090913,1.7868791,1.9294487,-5.1750593,27.3584,6.848756,40.73947,24.057074,2.1357222,2.8334343,49.398922
27.0,Maluti-a-Phofung,ssp245,mid-term_2041-2060,1.7504265,-0.8272727,0.38877162,-14.574999999999994,17.840235,0.7923558897243097,0.5095739348370925,15.5714035,1.4316593,8.983989,0.936831,0.8398514,3.0401855,0.15122595236018074,-2.6448164,20.255964,-20.753636363636367,0.9220007,1.0746418,-2.7172072,18.086195,3.256316,22.878204,15.8895235,1.3103629,1.7029839,26.587744
27.0,Maluti-a-Phofung,ssp245,near-term_2021-2040,1.4174064,0.79590917,0.43408108,-7.480526315789469,3.3721557,0.1121654135338325,0.17207393483709232,8.097891,0.9452324,5.7756805,0.7225703,1.2691311,1.2832139,0.07073179988243901,0.36325264,11.323278,-10.458157894736846,0.40157995,0.60061646,0.016183281,10.573131,1.4331313,10.790431,8.645285,0.55468667,0.8600426,12.393033
27.0,Maluti-a-Phofung,ssp370,far-term_2081-2100,6.9877424,-2.5232828,1.198897,-30.308939393939387,22.12318,1.3209022556390984,0.8453634085213032,32.739384,3.1892853,20.739746,2.2629037,3.4360955,7.070119,0.3478335064780097,-7.9492283,54.795067,-47.88338383838384,3.0440128,2.9111838,-6.873763,39.902466,15.013992,70.15057,31.250622,3.043686,4.48108,90.641716
27.0,Maluti-a-Phofung,ssp370,mid-term_2041-2060,3.803533,-1.640505,0.89363366,-19.012272727272723,8.7196045,0.7572180451127807,0.49325814536340795,18.101566,1.9735256,12.194797,1.4475243,1.9828984,4.0015016,0.20780598498609565,-4.237641,26.92017,-26.194494949494953,1.2032368,0.8250168,-2.8725464,19.604916,4.330104,24.8128,17.02827,1.243932,1.8143775,29.722824
27.0,Maluti-a-Phofung,ssp370,near-term_2021-2040,3.1998527,-0.2266163,0.56784403,-10.556161616161614,2.8788452,0.2972180451127812,0.29273182957393473,8.180364,0.83032227,4.4135695,0.4710265,-0.24686089,2.1018739,0.08491125459912077,-1.1629784,14.847721,-13.34338383838384,0.5693259,0.012643814,-0.14345665,10.816252,1.5506592,10.582245,8.853171,0.71384895,0.7096863,12.14949
27.0,Maluti-a-Phofung,ssp585,far-term_2081-2100,6.8304267,-2.6295455,1.6106771,-32.515,47.56891,2.6766416040100225,1.3367167919799496,46.46849,4.276789,23.94063,2.4436796,3.4071946,8.07284,0.44748339571521567,-8.532758,61.15943,-52.991818181818175,3.9148579,4.4167047,-7.90138,49.24227,19.1195,96.7732,36.621437,3.9116106,5.82051,128.75156
27.0,Maluti-a-Phofung,ssp585,mid-term_2041-2060,3.948996,-1.6306459,0.94829524,-20.26418660287081,35.670982,1.9461654135338342,0.788145363408521,25.965183,2.2674458,13.407135,1.3440248,1.9966755,5.099182,0.2554398803144986,-4.507421,29.267885,-28.92093301435407,1.6118816,1.7186699,-3.9986446,23.028276,5.749354,32.345505,20.052608,1.6487485,2.4053886,37.97774
27.0,Maluti-a-Phofung,ssp585,near-term_2021-2040,1.5880425,-0.17423443,0.84543896,-10.318540669856457,25.06261,1.36235588972431,0.5519548872180448,19.797636,1.9113789,9.982829,1.0892167,2.0105205,3.8683763,0.1865239098589317,-0.78481025,13.84343,-13.715789473684215,0.723657,0.6453266,-0.5002645,11.958358,1.780311,12.715477,10.102103,0.63346165,0.8807831,13.918698
28.0,Phumelela,ssp126,far-term_2081-2100,3.24767,-0.31744313,0.5500824,-9.650776515151511,16.826727,0.9443979741019207,0.22782633667502114,10.144699,0.8985224,5.986094,0.6215125,0.702874,3.1423857,0.10520791826103999,-1.3680605,16.754517,-12.351003787878795,0.29867586,0.22912343,-1.9338478,15.9043,2.2119098,22.982166,14.072354,1.0101697,1.6669712,22.933971
28.0,Phumelela,ssp126,mid-term_2041-2060,2.968502,0.20339024,0.6419572,-9.202026515151509,20.798615,0.8768979741019223,0.3292846700083541,12.075109,1.0573078,8.163594,0.8992925,1.2112046,3.7921488,0.1129194296743381,-1.127164,15.56606,-11.77017045454546,0.28884184,0.06925758,-1.5844404,13.947421,1.8033682,19.729876,12.558946,0.869637,1.359272,18.627392
28.0,Phumelela,ssp126,near-term_2021-2040,1.5760027,0.97922355,0.28987417,-5.04119318181818,18.985907,0.6516896407685883,0.11386800334168745,5.13598,0.29257774,3.877645,0.3964143,0.63448745,3.1496065,0.07169630828601041,0.39017105,11.4064665,-6.546628787878789,-0.15225013,-0.15346718,-0.069422245,10.866344,1.2121183,13.752375,8.78501,0.45544338,0.9465825,14.267742
28.0,Phumelela,ssp245,far-term_2081-2100,3.8397448,-2.0723484,1.3409353,-20.962499999999995,33.73206,1.4212928153717632,0.5809314954051796,21.159094,1.9698619,11.52102,1.2148386,1.7482435,4.223309,0.19259649813751425,-5.222612,33.1618,-30.991856060606068,1.9733317,1.981733,-5.1682873,27.78788,6.718232,47.854965,24.384779,2.1916678,2.8770866,51.394733
28.0,Phumelela,ssp245,mid-term_2041-2060,2.0839903,-0.8799242,0.50145155,-14.243181818181816,15.8654175,0.7085944026733489,0.42517752715121127,13.38268,1.3801321,7.50179,0.84923184,0.9426324,3.9182062,0.13285303426251013,-2.627374,20.4363,-20.189962121212123,1.0434153,1.0898732,-2.7639413,18.411987,3.205622,27.748058,16.192337,1.3053609,1.7333845,27.96508
28.0,Phumelela,ssp245,near-term_2021-2040,2.7701702,0.5827651,0.43612432,-7.337519936204143,3.864751,0.3327313074352558,0.23990967000835414,8.396171,1.0579008,6.141674,0.8365596,1.3279139,2.0255454,0.07283179741738725,0.34317908,11.386702,-10.166716507177037,0.47196084,0.608476,0.00066041946,10.896454,1.3433115,13.725967,8.839929,0.59322554,0.9077215,13.314265
28.0,Phumelela,ssp370,far-term_2081-2100,7.628142,-2.6815867,1.0191835,-29.10542929292929,16.470999,1.179584377610695,0.7020258980785296,26.262648,2.9402626,17.599972,2.1466758,3.0092223,6.489278,0.30794713248633104,-8.013071,55.332085,-47.09621212121212,3.2415404,2.930424,-6.8548584,40.134956,14.808715,79.19515,31.432003,3.0211704,4.500785,92.615944
28.0,Phumelela,ssp370,mid-term_2041-2060,4.0048947,-1.7579756,0.5744465,-19.284595959595958,5.559265,0.5363826232247279,0.3840434419381788,15.225654,1.8594022,11.179739,1.4566036,1.7817224,3.6401556,0.17308519495493702,-4.373917,27.48615,-26.734175084175092,1.4417319,0.90929127,-2.9385452,19.947378,4.235799,30.289366,17.305376,1.2641073,1.8396705,31.457607
28.0,Phumelela,ssp370,near-term_2021-2040,3.049414,-0.4813552,0.46808672,-11.340614478114475,1.4581909,0.1751984126984123,0.18250835421888043,5.261919,0.56963944,2.1830251,0.23064506,-0.33661208,2.0317342,0.06696998294551015,-1.37465,15.401196,-14.095980639730646,0.72886306,0.10140642,-0.12198504,11.02587,1.5395025,13.469921,8.984953,0.73347944,0.70421475,12.647653
28.0,Phumelela,ssp585,far-term_2081-2100,7.7982755,-2.8049242,1.3351817,-30.855871212121205,39.360962,2.2046261487050973,1.0678362573099416,37.355362,3.8520303,22.960617,2.6252043,3.008406,7.6294227,0.3990660105928439,-8.543006,61.28325,-51.45511363636363,4.1646338,4.4638243,-7.838893,49.62941,18.771341,107.94332,36.90457,3.9740317,5.9221997,132.14484
28.0,Phumelela,ssp585,mid-term_2041-2060,4.163551,-1.8764753,0.72883207,-19.934609250398722,30.476645,1.7383563074352555,0.6204156223893066,20.704906,1.9710537,12.88125,1.4200883,1.7395124,4.847753,0.2159846007259032,-4.561436,29.366749,-28.736582934609256,1.739595,1.7480577,-4.070683,23.36667,5.630672,38.34592,20.488625,1.6838696,2.3894417,39.528374
28.0,Phumelela,ssp585,near-term_2021-2040,1.6893463,-0.2067383,0.46395183,-10.014453748006376,22.753113,1.1486737677527161,0.5235902255639099,18.842299,2.0493505,11.841115,1.4272356,2.0315583,4.287626,0.1728837399842377,-0.7519652,13.9937725,-13.490390749601277,0.8058305,0.68406534,-0.50203985,12.263963,1.7237539,16.032528,10.247681,0.6548505,0.91719276,14.590873
29.0,Mantsopa,ssp126,far-term_2081-2100,3.3672533,-0.24880677,0.14506483,-7.244176136363636,0.87555695,0.3346326754385951,0.3671585213032583,9.619985,1.4135678,5.3394737,0.7849549,1.2457211,3.5392528,0.11808628224118856,-1.2372805,15.053396,-10.875426136363636,0.14356995,0.29983068,-1.9650724,16.725197,2.5453858,29.150606,13.5003,1.0173172,1.8508344,30.534384
29.0,Mantsopa,ssp126,mid-term_2041-2060,4.1685014,-0.12599415,0.17818964,-6.693863636363638,7.973686,0.28713267543859744,0.16497102130325852,7.979211,0.90321076,5.517865,0.74550694,1.3300343,3.4350085,0.1306645633455713,-0.9672018,14.041966,-10.354801136363635,0.19756156,0.20266962,-1.5353658,14.662543,2.1435108,25.02623,11.957748,0.90059495,1.6418881,25.173525
29.0,Mantsopa,ssp126,near-term_2021-2040,4.2022552,1.0380682,0.16287732,-3.1401136363636373,4.7601547,-0.047242324561403315,0.19372102130325825,6.28765,0.82971644,3.436711,0.4758864,1.1853495,2.5512753,0.07151203254072092,0.5839311,10.107494,-4.899176136363639,-0.23443562,-0.021776438,0.11740935,10.889536,1.3694483,16.546232,8.006531,0.44764483,1.036891,18.35445
29.0,Mantsopa,ssp245,far-term_2081-2100,10.382867,-1.8761363,0.38969266,-13.535227272727273,18.926178,0.8992011278195482,0.5006109022556393,15.615389,1.764657,10.132002,1.3884526,2.3919277,3.3867755,0.2471740421364157,-4.8160644,29.870417,-23.598579545454545,1.4374086,2.097773,-5.271184,29.281706,7.366283,56.386303,23.398499,2.1730816,3.1748953,66.258156
29.0,Mantsopa,ssp245,mid-term_2041-2060,6.7593555,-0.7647726,0.0015974045,-9.809375000000001,-0.90164185,0.040272556390976044,0.14674185463659134,5.7555466,0.79978824,6.0652227,0.87456006,1.3202331,2.346437,0.09639524727769688,-2.4183195,18.626827,-16.457670454545458,0.7736229,1.1935549,-2.771181,19.50966,3.778738,34.656178,15.642489,1.3096744,2.0859346,37.311386
29.0,Mantsopa,ssp245,near-term_2021-2040,3.0128813,0.9495368,-0.20868587,-4.821830143540669,-9.708305,-0.5675548245614022,0.002471021303258436,1.2908163,0.41889894,0.7167926,0.1747235,0.8301728,0.41768742,0.024661171891209754,0.6716896,10.31693,-8.01580442583732,0.21388677,0.5562699,-0.060677648,11.20117,1.581476,17.464684,8.539444,0.5080881,1.1344042,17.583788
29.0,Mantsopa,ssp370,far-term_2081-2100,16.097368,-2.4466538,0.14310718,-19.639488636363634,3.5224915,0.08366228070175308,0.5976190476190477,22.9045,3.1038787,16.6919,2.4892037,3.2330024,5.4036765,0.2998280455031812,-7.706671,50.572296,-35.30997474747475,2.624064,3.1200256,-7.1731205,43.466927,15.4449,90.77887,31.935144,3.239922,5.0998926,118.759605
29.0,Mantsopa,ssp370,mid-term_2041-2060,7.0861855,-1.5709596,0.30429184,-12.136363636363637,11.425728,0.7017543859649107,0.5324874686716794,17.161297,2.2549908,9.472963,1.3560466,2.0975592,4.106876,0.20082693930876983,-3.6087642,23.092897,-19.44330808080808,0.92992747,0.8175812,-2.9886632,20.856178,4.323372,36.588596,16.952099,1.2550147,2.2058725,39.642937
29.0,Mantsopa,ssp370,near-term_2021-2040,3.6499996,-0.50290394,0.12929177,-6.206849747474747,4.068718,0.18201754385964786,0.154197994987469,6.0076113,0.72081447,4.7276297,0.60830885,1.1639433,2.023232,0.08035158914309437,-0.540918,12.200178,-9.109627525252524,0.32238284,0.059425354,-0.2182393,11.515945,1.6660802,18.199705,8.660304,0.52596664,1.2075243,17.940506
29.0,Mantsopa,ssp585,far-term_2081-2100,19.342388,-2.5809658,0.27183568,-20.975852272727273,13.805946,1.048903508771929,0.9598370927318298,30.225286,3.9608827,18.674526,2.660461,3.292062,6.8937945,0.4676247233430181,-8.405451,58.299217,-38.86846590909091,3.4647775,4.6904364,-8.20192,52.37645,19.248625,116.08714,37.12129,4.1800303,6.4657917,157.29114
29.0,Mantsopa,ssp585,mid-term_2041-2060,8.433165,-1.5900567,0.14445472,-13.003110047846892,17.364868,1.0649749373433586,0.6137061403508773,19.11188,2.2962573,8.598877,1.1212337,2.4314308,5.164883,0.27152885925631554,-4.124685,26.226652,-21.753184808612442,1.2588161,1.8277102,-4.062036,24.570904,6.038636,45.548504,19.829296,1.5682485,2.7055883,51.142338
29.0,Mantsopa,ssp585,near-term_2021-2040,2.6001258,0.021411568,0.2905854,-6.585242224880384,6.284836,0.36646303258145485,0.27561090225563933,8.364984,1.1072226,3.431439,0.47180384,1.3805583,2.697806,0.1060149302027178,-0.23018289,12.210226,-10.327272727272724,0.48373574,0.7182872,-0.6113143,12.942423,2.0124702,20.540834,9.880534,0.5865388,1.2555447,20.554543
30.0,Moqhaka,ssp126,far-term_2081-2100,5.372374,-0.102007665,0.16712713,-5.648068181818182,-10.216802,0.030976921470343477,0.15062447786131994,2.392109,0.61904603,2.847408,0.53321815,0.20948713,2.2522023,0.07552024793568461,-1.2201302,15.900317,-8.987405303030302,0.08180356,0.48737192,-2.1266546,18.610704,2.3016458,36.288494,15.155042,1.1341401,1.8176218,38.536987
30.0,Moqhaka,ssp126,mid-term_2041-2060,4.878002,0.27861753,0.4131689,-5.303068181818181,3.8297322,0.34014358813700857,0.19124947786131988,7.3199363,1.0836617,5.227608,0.8492021,0.90858525,3.9746037,0.10856571427818833,-0.928323,14.704445,-8.758863636363634,0.11184218,0.2977457,-1.7498438,16.376093,1.9139374,30.612663,13.494476,1.0872661,1.5620238,32.22734
30.0,Moqhaka,ssp126,near-term_2021-2040,6.3961234,1.2361174,0.12691848,-2.5782765151515155,-3.6546326,-0.1856897451963233,0.01249947786131996,1.4680735,0.38551077,1.6158801,0.3462209,0.19071229,1.4601927,0.03220416094077431,0.541492,11.174108,-4.649488636363636,-0.29614398,0.012662888,-0.30216694,12.540441,1.2406042,22.282032,9.658242,0.5403864,1.0261345,23.229752
30.0,Moqhaka,ssp245,far-term_2081-2100,10.961181,-2.1422348,0.21733522,-12.92405303030303,6.66688,0.3608082706766916,0.37756892230576433,10.796966,1.5781693,8.803828,1.4344325,1.8927245,3.343881,0.1629596032370174,-5.2580934,32.04807,-22.84734848484848,1.7496045,2.2835257,-5.454953,32.172386,7.240291,68.52341,25.471294,2.3898022,3.118354,79.96066
30.0,Moqhaka,ssp245,mid-term_2041-2060,7.823683,-0.8299243,0.0377717,-9.136742424242424,-7.869715,-0.16042188805346683,0.16387844611528835,6.132269,1.2089891,5.114325,0.9062363,1.040949,2.9387639,0.0731530465158945,-2.6167576,20.140316,-15.963068181818178,0.9758023,1.3645378,-3.0294907,21.483225,3.5582938,43.16362,17.435726,1.4984655,1.9182692,46.04316
30.0,Moqhaka,ssp245,near-term_2021-2040,5.1690392,1.6147826,-0.1034979,-3.8191487240829347,-9.319763,-0.29131474519632433,0.14124947786131992,5.0790553,1.136295,4.375893,0.8493316,0.80954725,0.85384876,0.05161246229695501,0.7086541,11.308798,-7.066437400318978,0.2530187,0.6541125,-0.24712396,12.626923,1.4703792,22.414116,9.698847,0.57339174,1.0748358,23.069342
30.0,Moqhaka,ssp370,far-term_2081-2100,21.0797,-2.7993686,0.30132642,-17.437605218855218,-8.28391,-0.1142752715121141,0.35220342522974096,12.991416,2.2906733,9.689417,1.7026502,2.188431,5.297085,0.20026373327534977,-7.7587943,51.468025,-32.44330808080807,2.7086954,3.111154,-7.2523365,46.865906,14.59491,106.08184,33.701347,3.4089403,5.0011168,137.58304
30.0,Moqhaka,ssp370,mid-term_2041-2060,9.166101,-1.2977483,0.35110736,-10.236216329966332,0.0037638347,0.31182121971595606,0.38465956558061826,11.639548,1.8274487,5.8201027,0.9319249,1.0530046,2.4001112,0.1468971287132829,-3.5388556,23.40775,-16.93844696969697,0.83861446,0.9920492,-3.3446856,23.212751,3.909956,45.84875,18.836994,1.3739624,2.1477334,50.16707
30.0,Moqhaka,ssp370,near-term_2021-2040,4.359743,0.48813128,0.19737895,-4.557281144781144,-0.7534688,0.20480367585630685,0.1557121971595654,5.6207237,0.904022,3.985697,0.65751916,0.55124253,3.0581982,0.0861643990745029,-0.050085068,12.477076,-7.02478956228956,0.14387624,0.0806427,-0.33609295,12.907195,1.4097245,22.687405,9.821621,0.6620171,1.1554848,22.885818
30.0,Moqhaka,ssp585,far-term_2081-2100,23.44055,-2.9954545,0.25582704,-19.161931818181817,-1.1932983,0.5189431913116125,0.581735588972431,20.745602,3.3544745,13.325181,2.170641,2.6720517,6.3726115,0.3482791677332804,-8.610532,60.702354,-36.974621212121214,3.9615865,4.8875465,-8.280872,55.968548,18.770794,134.81778,38.709587,4.4429092,6.3829646,178.87134
30.0,Moqhaka,ssp585,mid-term_2041-2060,9.994321,-1.4413079,0.3544384,-11.710466507177033,3.2530975,0.6780701754385959,0.35435463659147864,10.908631,1.6603892,8.01846,1.3060721,1.6190976,3.0885346,0.17678881040938207,-4.2314944,27.608608,-20.74062001594896,1.4594154,1.967533,-4.4020967,27.158476,5.749382,55.74266,21.84134,1.7593194,2.5902202,63.89098
30.0,Moqhaka,ssp585,near-term_2021-2040,5.675468,0.6651514,0.29828772,-5.449282296650718,5.6302795,0.3905701754385955,0.298997493734336,9.806722,1.5665172,6.421424,1.0806518,1.5444745,3.1842067,0.1178325969768006,-0.1515239,12.915107,-9.077960526315787,0.48655173,0.8644411,-0.54177356,14.018562,1.7063696,25.325552,10.812582,0.6087238,1.2718014,26.83205
31.0,Ngwathe,ssp126,far-term_2081-2100,5.639117,0.04244966,0.45303768,-6.674166666666664,-2.9978094,0.3415712893344478,0.15439988861041506,4.51071,0.695558,3.6296048,0.5387522,0.19519255,2.1581912,0.07964592360634004,-1.108873,15.931809,-9.639898989898988,0.092928804,0.47222096,-2.2163832,18.017378,2.326858,34.99078,15.138969,1.1280807,1.7819723,35.42612
31.0,Ngwathe,ssp126,mid-term_2041-2060,4.4460635,0.17772752,0.54248196,-6.3344444444444425,7.5207996,0.45768240044555913,0.22189988861041504,8.346606,1.0468367,5.369046,0.7724135,0.7387246,3.2758102,0.11165126942498363,-0.7914636,14.604377,-9.233232323232329,0.12646013,0.25016445,-1.8519723,15.830994,1.8746359,29.730497,13.454284,1.0790228,1.5431001,29.670858
31.0,Ngwathe,ssp126,near-term_2021-2040,6.071895,1.5874499,0.21664852,-3.1433333333333335,1.0081109,0.15934906711222474,0.0043998886104149966,1.6409225,0.23996183,1.0506986,0.17182356,-0.07696385,1.292144,0.031176058034558116,0.6671794,11.117853,-4.968232323232328,-0.3028958,0.0017380185,-0.41652572,12.25504,1.2410247,21.554106,9.669582,0.53112,0.9829385,21.685184
31.0,Ngwathe,ssp245,far-term_2081-2100,10.154607,-2.126515,0.5051935,-15.953282828282827,15.064419,0.695182400445559,0.3779448621553885,13.522171,1.6214432,10.253015,1.4716012,1.9168432,3.348548,0.188077404374083,-5.2183895,32.05595,-25.574747474747475,1.8111851,2.2602687,-5.5336123,31.171408,7.0907493,66.77058,25.528618,2.372809,3.0660906,74.52989
31.0,Ngwathe,ssp245,mid-term_2041-2060,6.6440244,-0.7684342,0.15440018,-11.252272727272725,-0.98043483,0.22348927875243774,0.19646338067390717,8.615048,1.3130568,5.183466,0.79120797,0.665429,3.225919,0.09740651391567301,-2.5757642,20.021698,-17.56161616161616,1.0324148,1.3081349,-3.0903578,20.771996,3.405848,41.298374,17.33143,1.4427795,1.9021059,42.58979
31.0,Ngwathe,ssp245,near-term_2021-2040,4.980784,1.4138225,0.108036995,-4.873272195640613,-5.5519276,-0.07148426622110865,0.09578877749930387,5.4806585,1.0347233,4.878082,0.85975474,0.8088824,0.9166963,0.06478252850141203,0.7160478,11.151869,-7.773298777246148,0.30616012,0.6409749,-0.25880834,12.19942,1.4124388,21.272036,9.54053,0.6013335,1.0419583,20.866833
31.0,Ngwathe,ssp370,far-term_2081-2100,18.074635,-2.8584454,0.5377887,-22.15216049382716,-0.13894993,0.40190754664439,0.3865636313004736,16.608078,2.4555235,10.86589,1.6485094,2.0177433,5.6079025,0.2565815012216628,-7.743171,52.050217,-37.741133557800225,2.8996978,3.0557818,-7.239375,45.29194,14.395129,103.831795,33.46519,3.3392065,4.892226,128.54994
31.0,Ngwathe,ssp370,mid-term_2041-2060,9.475216,-1.4352973,0.3743389,-13.506790123456788,0.14812554,0.4282233361180737,0.29065719855193556,11.437962,1.6367003,6.5424356,0.9475233,0.89251685,2.2684038,0.15687525018467843,-3.8130488,24.310457,-20.019219977553306,1.0443671,0.97487473,-3.4033308,22.442873,3.9321668,44.163273,18.697376,1.3714201,2.0695543,46.43944
31.0,Ngwathe,ssp370,near-term_2021-2040,3.6638107,0.16161627,0.2749232,-6.666975308641974,0.07927789,0.344305207463104,0.10439988861041519,5.713963,0.8195665,3.2381537,0.47893837,0.08505419,2.4487517,0.07254171911737374,-0.35788664,13.065247,-8.980331088664427,0.2874714,0.055725522,-0.39081204,12.427079,1.4398828,21.430256,9.728538,0.68853706,1.051036,20.63975
31.0,Ngwathe,ssp585,far-term_2081-2100,21.203285,-3.016414,0.5303255,-24.115151515151513,8.888414,0.9311612364243957,0.6194792536897804,24.615728,3.441419,12.752913,1.8026485,2.2018268,6.031967,0.38877664043437765,-8.5569,60.58819,-42.67828282828284,4.106593,4.8191257,-8.257753,54.682323,18.45812,134.04913,38.729607,4.406518,6.307637,170.4435
31.0,Ngwathe,ssp585,mid-term_2041-2060,8.708843,-1.5910685,0.5014895,-14.80346889952153,10.412197,1.0729601782233358,0.3845586187691454,13.897333,1.7990618,9.042139,1.2829376,1.2945031,3.2748227,0.1988561064793505,-4.3164387,27.796577,-23.5241759702286,1.5714093,1.9131688,-4.4700837,26.24362,5.6304226,53.9347,21.713217,1.7716575,2.5278003,59.045082
31.0,Ngwathe,ssp585,near-term_2021-2040,5.069156,0.54239786,0.30810335,-6.853615098351939,10.730144,0.6967697020328608,0.3525480367585633,13.160401,1.8408068,7.8182764,1.169221,1.5844254,3.0566626,0.14309771541676536,-0.21978368,12.995084,-10.105821371610848,0.5891495,0.7987525,-0.6352178,13.501425,1.7058746,24.102922,10.7932,0.6248481,1.2050247,24.195614
32.0,Metsimaholo,ssp126,far-term_2081-2100,5.6054,-0.33375,0.6122408,-7.220113636363636,1.870758,0.47530701754385696,0.2281829573934835,7.3346214,1.0047488,4.345353,0.6033585,0.5360441,2.4076118,0.1010771957580241,-1.679913,16.82868,-11.167613636363644,0.24752164,0.5455141,-2.2238696,17.71998,2.5223625,34.814518,15.137487,1.1754303,1.8274307,33.9062
32.0,Metsimaholo,ssp126,mid-term_2041-2060,4.2703934,-0.2249999,0.6047406,-6.668863636363637,10.321991,0.36905701754385767,0.27193295739348344,10.744751,1.303988,6.989175,0.966588,0.9258518,3.4386215,0.12981040406959687,-1.2725983,15.26504,-10.628863636363642,0.25769496,0.29863167,-1.9069948,15.592211,1.9798623,29.833275,13.571575,1.0731854,1.5955887,28.199627
32.0,Metsimaholo,ssp126,near-term_2021-2040,5.809147,1.0125003,0.31848907,-3.6538636363636376,4.2470093,0.357807017543859,0.05318295739348344,2.7991714,0.3311329,2.7899446,0.40515256,0.1546526,1.9017715,0.048330312484531124,0.15867376,11.564502,-6.21511363636364,-0.17238772,0.07117748,-0.51088333,12.150354,1.3261125,21.669533,9.806065,0.57060146,0.9915199,20.932518
32.0,Metsimaholo,ssp245,far-term_2081-2100,10.763832,-2.2738636,0.64837074,-14.76931818181818,17.624512,0.6597117794486209,0.46961152882205526,16.147549,1.9263043,10.960856,1.507999,2.0067997,3.3884735,0.20935967082034423,-5.597506,33.53923,-25.75113636363637,2.000481,2.3312511,-5.6229715,31.060564,7.536124,67.877106,25.848497,2.3917027,3.1195812,73.48007
32.0,Metsimaholo,ssp245,mid-term_2041-2060,5.9983635,-1.0795454,0.34479952,-10.79090909090909,3.4095764,0.5478070175438603,0.23627819548872142,9.263794,1.2619967,5.7979994,0.8233192,0.6391392,4.0113335,0.12474339200630835,-3.059667,21.04382,-18.260227272727278,1.1978923,1.3911667,-3.187377,20.673115,3.6086125,41.622253,17.594172,1.4450231,1.9733086,41.362907
32.0,Metsimaholo,ssp245,near-term_2021-2040,5.524143,0.38696194,0.23348999,-5.4328947368421066,-1.5682678,0.10905701754385788,0.17443295739348352,8.8246765,1.3987384,5.6789846,0.91782546,0.986743,1.4882851,0.10112369079409422,0.025638103,11.733852,-8.951913875598091,0.47547197,0.6967583,-0.3648696,12.153191,1.5234783,21.321884,9.728395,0.6371641,1.0711479,20.667858
32.0,Metsimaholo,ssp370,far-term_2081-2100,17.15395,-2.9694443,0.73283195,-19.765530303030303,3.7819824,0.5372807017543852,0.49686716791979957,19.05996,2.6688266,12.13,1.7567959,2.2680168,5.882736,0.2950557096774271,-8.008852,54.10488,-37.01136363636364,3.155016,3.132226,-7.2794666,44.735893,15.018335,104.3898,33.528885,3.3626738,4.8624973,125.28494
32.0,Metsimaholo,ssp370,mid-term_2041-2060,9.211845,-1.809722,0.32493782,-13.68080808080808,0.6359863,0.26885964912280613,0.22713032581453585,10.592453,1.4423127,6.9828215,0.9588661,0.9092436,2.1874008,0.17141644576183745,-4.4313006,25.924805,-22.028030303030313,1.2881086,1.0417871,-3.4440198,22.120365,4.3169456,44.29397,18.689993,1.3905134,2.0605793,45.252983
32.0,Metsimaholo,ssp370,near-term_2021-2040,3.1131554,-0.72083306,0.4473052,-7.739141414141415,0.88638306,0.21359649122806879,0.1310776942355889,5.8113785,0.79195404,2.732665,0.38351488,-0.1705246,2.3809624,0.07927333595090191,-1.1117129,14.14586,-11.414141414141412,0.4892968,0.13483334,-0.41932678,12.179829,1.5822237,21.134243,9.760641,0.722888,1.0301113,20.248817
32.0,Metsimaholo,ssp585,far-term_2081-2100,20.572178,-3.0988634,0.7293234,-20.909090909090907,14.350952,1.0323308270676677,0.7041353383458642,28.108135,3.7418952,16.698818,2.2891939,2.3503036,6.691288,0.45590593846623095,-8.722994,62.13552,-40.414772727272734,4.3537674,4.9331465,-8.291917,54.523323,18.64611,136.16203,38.88993,4.4422083,6.3245106,168.15576
32.0,Metsimaholo,ssp585,mid-term_2041-2060,8.697182,-2.1257772,0.52456236,-14.049521531100478,13.424286,1.012092731829572,0.5255639097744362,16.529274,2.0828757,10.719365,1.4715071,1.3256168,3.741829,0.22574116366468244,-4.819826,29.165129,-24.054366028708138,1.7533095,2.005169,-4.582817,26.138622,6.0147133,54.510654,21.91467,1.8437862,2.5579052,57.885525
32.0,Metsimaholo,ssp585,near-term_2021-2040,4.6698036,0.047189355,0.17456055,-7.1828947368421066,14.420563,0.7501879699248093,0.4743734335839598,16.973644,2.2540154,10.473968,1.4974737,1.8284302,3.5432281,0.17374428486029414,-0.84720373,13.832442,-11.411901913875605,0.77730465,0.8602867,-0.7363324,13.442863,1.9267943,24.175655,11.032494,0.70406294,1.2260838,23.211716
33.0,Mafube,ssp126,far-term_2081-2100,4.9341216,-0.38272706,0.5844,-9.325378787878789,10.302124,0.913290517961571,0.19750104427736015,8.318302,0.89017725,4.906132,0.5871996,0.32319418,2.507005,0.10960035148153668,-1.4358879,16.590916,-12.010037878787879,0.22848828,0.40474987,-2.1966872,16.923183,2.3323483,30.867165,14.737772,1.1091975,1.7964827,29.04269
33.0,Mafube,ssp126,mid-term_2041-2060,4.2962074,-0.0060605207,0.6718998,-8.771212121212123,15.77124,0.7941238512949044,0.2666677109440269,10.760337,1.0935106,7.1169095,0.8992384,0.973985,3.4252803,0.12041648486985605,-1.0738726,15.208157,-11.125871212121213,0.19278479,0.1602424,-1.8334905,14.826114,1.8706818,26.59841,13.141934,0.99276876,1.4901708,24.371199
33.0,Mafube,ssp126,near-term_2021-2040,4.0349503,1.0001894,0.25314966,-4.927462121212117,11.987996,0.659123851294904,0.04916771094402687,4.050902,0.31772232,2.072503,0.22482443,0.12077872,2.1814473,0.06672340909950177,0.3871131,11.30117,-6.317121212121216,-0.22900534,-0.0739015,-0.35137114,11.571736,1.2560985,18.981745,9.373797,0.49231005,1.0126222,17.96769
33.0,Mafube,ssp245,far-term_2081-2100,8.107894,-2.3249998,0.9268802,-20.629924242424245,25.962402,1.2050960735171283,0.41787802840434435,17.69538,1.8620135,9.942555,1.2177055,1.6896197,3.6207123,0.20373153313864112,-5.419888,33.22799,-30.27878787878788,1.9767808,2.137141,-5.4996233,29.67954,7.1544456,62.014595,25.47179,2.3654568,3.0161839,64.33569
33.0,Mafube,ssp245,mid-term_2041-2060,4.7888465,-1.2378787,0.4375938,-14.491666666666667,10.877838,0.7804928989139513,0.2901002506265666,11.870851,1.4180762,5.527548,0.68465227,0.5320886,3.9521,0.13803944869984233,-2.833877,20.55122,-20.241666666666664,1.1132149,1.207105,-3.1125143,19.804506,3.3844697,37.103107,17.190948,1.3628082,1.8735065,36.015244
33.0,Mafube,ssp245,near-term_2021-2040,4.3420386,0.5180224,0.24856694,-7.319118819776716,1.8697306,0.44329051796157043,0.16916771094402674,7.571074,1.0836887,4.9440045,0.7411334,0.9045804,1.4881897,0.09326470254871166,0.17527008,11.3599825,-9.921172248803833,0.44924882,0.66911346,-0.28885794,11.691704,1.4226564,19.062859,9.434943,0.6394954,1.0322952,17.543673
33.0,Mafube,ssp370,far-term_2081-2100,14.033725,-3.063005,0.85192174,-28.83139730639731,11.294362,1.1056808688387647,0.5697159565580618,22.63206,2.9108534,13.82306,1.9091725,2.3578398,6.085247,0.29466882575213554,-8.052307,54.838375,-46.220454545454544,3.208947,3.017521,-7.1309443,42.638737,15.128367,97.51859,32.815975,3.1838095,4.6796265,111.27444
33.0,Mafube,ssp370,mid-term_2041-2060,7.712677,-2.1093013,0.44139495,-19.090656565656563,4.798523,0.5556808688387657,0.2846282372598161,13.008365,1.6814476,7.283472,0.9677007,1.0307865,2.8771756,0.1655966463272233,-4.4826627,26.763094,-25.730639730639734,1.3934293,0.9954522,-3.2877834,21.135508,4.2353115,39.732944,18.112473,1.3447181,1.9099312,39.064716
33.0,Mafube,ssp370,near-term_2021-2040,2.283287,-0.7296718,0.38744783,-11.167045454545454,2.7282307,0.5214703425229749,0.07761069340016709,5.030252,0.5975003,1.0312042,0.082828045,-0.512634,2.065464,0.055191243922268075,-1.343767,14.823096,-13.310269360269361,0.64446527,0.11271318,-0.3196257,11.629953,1.5320708,18.554245,9.420664,0.74562484,0.84382373,16.586475
33.0,Mafube,ssp585,far-term_2081-2100,16.80353,-3.1590908,0.94791204,-30.598484848484848,25.669006,1.7439849624060149,0.8151002506265668,30.914133,3.7138178,16.574028,2.108092,2.0063765,6.5067697,0.42220757214488414,-8.65554,61.716423,-50.782575757575756,4.2860775,4.712007,-8.117751,52.477814,18.61856,129.51561,38.30951,4.2583146,6.1613765,154.52557
33.0,Mafube,ssp585,mid-term_2041-2060,6.7324944,-2.2242622,0.7336262,-19.828289473684208,22.41514,1.5340643274853825,0.5353383458646618,19.192434,2.176012,9.7283125,1.205715,1.2169873,4.0018044,0.21132305195813217,-4.7359257,29.204712,-28.283433014354063,1.7484185,1.8806807,-4.445405,24.962381,5.847528,49.56525,21.479069,1.7786832,2.4694755,50.05969
33.0,Mafube,ssp585,near-term_2021-2040,3.4686062,-0.33576548,0.30584845,-9.759828548644341,19.60611,1.223350041771095,0.4262113617376779,18.25591,2.2558048,10.125295,1.362754,1.7166328,3.6752865,0.1871990949963475,-0.7499924,13.787166,-12.869178628389156,0.7761677,0.79020596,-0.70361584,13.008865,1.8547847,21.617884,10.775191,0.68203,1.0908865,19.457706
34.0,Mogale City,ssp126,far-term_2081-2100,8.663376,-1.4747729,0.34815073,-3.172727272727273,-6.3666077,-0.25028195488722105,-0.03313909774436152,1.2177467,0.3215046,1.6929092,0.30764246,0.15753937,1.3538017,0.10766263097110418,-2.6374495,18.81989,-9.145000000000003,0.56503,0.6783161,-2.1826081,18.060825,2.9450297,37.42555,15.5348015,1.1957588,1.7867546,36.07713
34.0,Mogale City,ssp126,mid-term_2041-2060,6.804634,-1.304773,0.5494013,-3.2727272727272725,5.007538,-0.08653195488722076,0.2056109022556385,10.059284,1.3931136,8.067393,1.2012599,1.9339495,3.0904846,0.1448901972845329,-2.3777964,17.112873,-8.813750000000002,0.56050205,0.480834,-2.017734,15.936918,2.31878,32.39179,14.048357,1.0296397,1.5795555,29.921871
34.0,Mogale City,ssp126,near-term_2021-2040,9.028378,-0.28227293,0.2806511,-2.261477272727272,1.021759,-0.25778195488722133,-0.009389097744361363,3.7882538,0.6275296,2.6977339,0.42896652,0.76027966,1.0882988,0.09900584220449815,-0.86659575,13.00286,-5.836250000000003,0.075980544,0.08923912,-0.6423316,12.278896,1.4837797,24.048046,10.414709,0.66277504,0.9762707,22.436337
34.0,Mogale City,ssp245,far-term_2081-2100,12.540157,-3.1625,0.23327065,-4.884090909090909,4.375305,0.06221804511278428,0.2395989974937336,9.319862,1.376287,7.229581,1.1317172,1.6447687,2.0173492,0.18673618442255968,-6.3848505,36.720703,-15.323863636363637,2.3375492,2.5467176,-5.7432103,31.888153,8.350359,73.64467,26.560081,2.364698,3.2132626,77.644485
34.0,Mogale City,ssp245,mid-term_2041-2060,7.512787,-2.246591,0.26184225,-3.915909090909091,-1.1091614,0.12055137844611608,0.23245614035087736,11.335224,1.7655892,7.5988865,1.2066009,1.3608503,4.371155,0.16068049986153943,-3.98248,22.910324,-11.944318181818183,1.3902876,1.526329,-3.2641711,20.79623,3.9790077,45.3744,18.08089,1.4789395,1.9350529,42.193985
34.0,Mogale City,ssp245,near-term_2021-2040,7.1371346,-0.5219501,0.45940113,-2.522667464114832,-1.6813965,-0.1052819548872197,0.17811090225563908,8.61404,1.4055948,7.1863613,1.1851645,1.1318331,1.8023529,0.14660600132900736,-0.76971865,13.203967,-6.961423444976078,0.73847514,0.8688812,-0.4746027,12.390528,1.7310872,23.6698,10.033144,0.53700256,1.0584888,22.65921
34.0,Mogale City,ssp370,far-term_2081-2100,20.752197,-3.5981061,0.57644033,-5.617171717171717,1.8100586,0.4977443609022547,0.5627819548872177,19.435738,2.8912807,12.398128,1.8942273,3.0886507,6.2229614,0.41070700364462676,-8.407593,58.011986,-18.759722222222223,3.5774474,3.5024738,-7.4217243,45.02919,15.684057,109.13666,33.924618,3.3832164,4.8314457,128.14716
34.0,Mogale City,ssp370,mid-term_2041-2060,12.323257,-2.7397728,0.28038836,-4.6255050505050495,-2.0969543,-0.032518796992484056,0.27330827067669095,11.397793,1.75663,6.5027895,0.9551587,1.6544104,2.2098846,0.1991490881329523,-4.9113884,27.015291,-14.095833333333335,1.3656096,1.1369848,-3.5882354,22.480465,4.6382246,47.953304,19.290913,1.4301939,2.08243,46.82216
34.0,Mogale City,ssp370,near-term_2021-2040,6.637718,-0.70366144,0.47117758,-2.944949494949494,-0.5180969,-0.0877819548872214,0.24172932330827046,8.309925,1.3647008,4.781028,0.80882454,1.0514421,1.7291336,0.12637990535120025,-1.2950516,14.190598,-7.7375,0.49132833,0.1614027,-0.4329176,12.269297,1.6590576,22.729706,9.8816395,0.67512846,1.0783081,21.408268
34.0,Mogale City,ssp585,far-term_2081-2100,26.39851,-3.721591,0.6761279,-5.682954545454545,10.852631,0.4086466165413505,0.7765037593984963,30.404362,4.256827,18.303364,2.6369185,4.319457,7.8680496,0.5465422486957952,-9.033628,65.62718,-19.35,4.705373,5.1109285,-8.397765,55.513863,19.165369,141.43008,39.244564,4.4932046,6.184561,175.13446
34.0,Mogale City,ssp585,mid-term_2041-2060,10.983028,-2.9397726,0.36660337,-4.576973684210526,5.018799,0.3741228070175442,0.48007518796992454,15.865498,2.3379436,8.403737,1.2611351,1.8858232,4.0174026,0.2576447403447326,-5.5376053,31.38747,-14.182236842105265,1.8842121,2.1531725,-4.6619716,26.345882,6.461902,58.456448,22.272835,1.8113513,2.4517288,59.933273
34.0,Mogale City,ssp585,near-term_2021-2040,6.2806435,-0.8981458,0.097556114,-2.8936602870813393,7.32666,0.3110275689223041,0.32055137844611514,14.877655,2.1566195,11.429481,1.7297306,2.5182543,3.0747108,0.19663265060398993,-1.5406327,14.95958,-8.362380382775122,0.86364985,1.0550957,-0.67030764,13.70487,2.1508374,26.698277,11.278423,0.7677288,1.1306171,24.449938
35.0,Rand West City,ssp126,far-term_2081-2100,7.423561,-1.1639774,0.4481387,-6.7668181818181825,-7.198761,-0.33433270676692217,0.009906015037594917,2.1990662,0.47137213,1.0011883,0.18407106,0.18395424,1.8818741,0.060253604461718346,-2.4843388,18.611193,-13.018181818181818,0.49645424,0.64978313,-2.2039413,18.369362,2.9702034,34.22905,15.636578,1.2313528,1.8635769,37.731327
35.0,Rand West City,ssp126,mid-term_2041-2060,6.7060738,-1.1064776,0.6331396,-6.461818181818182,5.7749634,-0.01558270676692075,0.2261560150375943,9.030281,1.182322,6.7570276,0.9833431,1.4771271,3.6277466,0.11353964207262379,-2.2202184,16.831785,-12.434431818181817,0.5029403,0.45448875,-1.9667091,16.219135,2.2727032,29.576548,14.152357,1.0514002,1.6493816,31.187904
35.0,Rand West City,ssp126,near-term_2021-2040,9.157314,0.021022677,0.18188906,-4.208068181818182,-0.81378174,-0.23183270676692125,-0.02884398496240581,3.8411064,0.66189957,1.9659586,0.32660723,0.40249825,1.3398018,0.05511256778384466,-0.62237406,12.80488,-8.124431818181817,0.055651307,0.111091614,-0.60678434,12.512012,1.4802035,21.53404,10.429739,0.67632675,1.0547562,22.915539
35.0,Rand West City,ssp245,far-term_2081-2100,12.399929,-2.9579546,0.4425435,-11.207954545454546,5.2338257,-0.0033208020050157216,0.21121553884711775,9.250507,1.2912145,5.4424314,0.81826806,1.3932686,2.1595535,0.1498792651122618,-6.2431626,36.337135,-24.71022727272727,2.281671,2.5101404,-5.730729,32.29889,8.291327,66.65042,26.615028,2.4072466,3.264492,79.70155
35.0,Rand West City,ssp245,mid-term_2041-2060,6.536854,-1.921591,0.23301983,-8.731818181818182,-3.3310242,-0.10093984962405855,0.16954887218045078,8.552963,1.340795,5.615367,0.90335155,0.8962021,4.2285004,0.11621172436714966,-3.8062127,22.914476,-18.513636363636362,1.38239,1.4716558,-3.2306225,21.31215,4.063158,41.107002,18.203701,1.5277653,2.0063038,44.35176
35.0,Rand West City,ssp245,near-term_2021-2040,7.849819,-0.31489265,0.2806387,-5.256220095693781,-3.9102173,-0.2230827067669221,0.1711560150375937,9.2062645,1.5360255,5.6443167,0.93778396,1.0505905,2.1251183,0.1152747314444098,-0.6136246,13.171197,-10.0741028708134,0.7045931,0.81406784,-0.46749592,12.5927305,1.7346027,21.91292,10.247232,0.6187873,1.1221428,23.302006
35.0,Rand West City,ssp370,far-term_2081-2100,20.777317,-3.442172,0.57405996,-13.502651515151516,-2.352478,0.21428571428571175,0.4005639097744369,16.74176,2.5419078,10.347104,1.5836067,2.415863,5.529648,0.34631724480511705,-8.294924,57.192436,-32.05984848484849,3.3910336,3.411724,-7.426329,46.008804,15.838538,101.71849,34.198105,3.4404497,4.947424,132.3694
35.0,Rand West City,ssp370,mid-term_2041-2060,11.568111,-2.3477273,0.33195543,-10.430429292929293,-3.5029602,-0.00018796992481462382,0.16240601503759433,7.4196587,1.1232839,5.0710516,0.74478436,1.2302189,1.6897354,0.19975321701072613,-4.797968,26.984941,-21.122348484848484,1.3137592,1.1494913,-3.561967,22.967585,4.737148,43.38376,19.462444,1.4398832,2.1454182,49.091637
35.0,Rand West City,ssp370,near-term_2021-2040,5.045746,-0.80744946,0.45300674,-5.841540404040405,-1.503479,-0.009398496240601517,0.17819548872180468,7.205658,1.1444993,2.8612509,0.47146487,0.5038986,2.3351479,0.11022691662972228,-1.2142563,14.315541,-10.81818181818182,0.4733485,0.16842842,-0.45168018,12.51943,1.6954813,20.899042,10.034216,0.6940026,1.1435852,22.355522
35.0,Rand West City,ssp585,far-term_2081-2100,24.307083,-3.5784092,0.6830206,-14.007954545454547,6.9034424,0.409774436090224,0.7278822055137846,27.64796,3.8900075,15.7114935,2.2220244,3.5073605,7.8946495,0.46698554344055276,-9.0003395,65.495415,-33.915909090909096,4.653936,5.12687,-8.406823,56.186127,19.25293,133.03427,39.42067,4.5542355,6.341339,178.12677
35.0,Rand West City,ssp585,mid-term_2041-2060,9.460644,-2.668182,0.38778162,-10.491028708133973,3.2044067,0.2704887218045098,0.4302631578947369,14.21899,2.0264182,6.903035,1.0034778,1.6415024,3.8148232,0.21227513585532432,-5.3687725,31.181189,-22.610346889952154,1.8534501,2.1488428,-4.6687117,27.007751,6.5367823,53.291977,22.485672,1.8493004,2.5530834,62.81723
35.0,Rand West City,ssp585,near-term_2021-2040,5.5047035,-0.6981462,0.03897333,-6.2966507177033515,8.560242,0.35382205513784193,0.2814536340852134,14.373146,1.9895558,10.2011,1.4984477,2.0608616,3.366047,0.15757765171613558,-1.4318042,14.84093,-12.302811004784688,0.8754226,0.99056053,-0.69523096,13.91967,2.1756577,24.16154,11.325478,0.7761464,1.2329006,25.779133
36.0,Merafong City,ssp126,far-term_2081-2100,6.7021027,-1.3238637,0.45596218,-6.786250000000001,-10.097748,-0.36880012531328,0.01632518796992577,1.1853142,0.40918112,0.85687447,0.18729734,0.17695618,1.4061623,0.04897009572871802,-2.5181844,18.764713,-12.807045454545456,0.49707448,0.6642494,-2.2063403,18.739283,2.947195,36.243027,15.766743,1.2520957,1.8689251,39.222622
36.0,Merafong City,ssp126,mid-term_2041-2060,5.8283577,-1.2951137,0.6259618,-6.50375,4.831726,-0.0900501253132795,0.2263251879699255,9.049088,1.2335091,7.3946533,1.1167296,1.6035233,3.8475533,0.10823470791246903,-2.2390394,16.884972,-12.169545454545457,0.50173986,0.46824074,-1.9471965,16.497982,2.268445,31.196781,14.32539,1.0777974,1.6925011,32.648937
36.0,Merafong City,ssp126,near-term_2021-2040,8.793362,-0.23261404,0.028461933,-4.176250000000001,-2.756775,-0.38255012531327814,-0.04617481203007423,1.7988663,0.4090495,1.6481724,0.29968655,0.47317314,1.1816597,0.03755387777621921,-0.7203264,12.944351,-8.038295454545455,0.059023976,0.1629057,-0.5687833,12.827514,1.463445,23.210533,10.578083,0.7141266,1.102068,24.258148
36.0,Merafong City,ssp245,far-term_2081-2100,12.251682,-3.0181818,0.23471308,-11.089772727272727,2.6166687,-0.04862155388470768,0.17531328320802086,7.583416,1.1563663,5.731573,0.9096738,1.3947525,2.0459366,0.14659230448992577,-6.283026,36.49674,-24.325000000000003,2.2872279,2.5770702,-5.745582,32.92952,8.422548,70.21394,26.7653,2.4525213,3.3189945,83.094925
36.0,Merafong City,ssp245,mid-term_2041-2060,7.2635956,-1.9431818,0.059711933,-8.747727272727275,-5.554779,-0.16766917293232808,0.1526942355889731,7.7182083,1.3020144,5.511918,0.91244256,1.3632717,4.21439,0.12209751150810533,-3.8466876,23.098167,-18.34886363636364,1.4010402,1.5025578,-3.223147,21.701277,4.0507174,43.558376,18.352238,1.5691643,2.0412445,46.11128
36.0,Merafong City,ssp245,near-term_2021-2040,7.6233597,-0.20729649,0.24596167,-5.269078947368421,-4.776367,-0.30630012531328177,0.17882518796992541,8.68425,1.5135641,6.645133,1.1166583,1.1828709,2.2276955,0.1273037379005948,-0.6694155,13.300976,-10.107476076555029,0.69790393,0.8351536,-0.4870386,12.89313,1.7377658,23.174698,10.369545,0.6525917,1.1529751,24.282955
36.0,Merafong City,ssp370,far-term_2081-2100,19.677563,-3.4974747,0.46234322,-13.350000000000001,-6.208069,0.012844611528826988,0.32086466165413596,13.511902,2.2131414,9.251069,1.4629084,2.2310925,4.9949875,0.3105710948369591,-8.307853,57.079674,-31.544823232323235,3.3512335,3.443242,-7.4548635,46.882027,15.888722,106.334,34.44816,3.5124617,5.012888,137.03271
36.0,Merafong City,ssp370,mid-term_2041-2060,11.332832,-2.4002526,0.2847123,-10.122222222222224,-4.107849,-0.11610275689222505,0.09981203007518835,5.701458,0.8904791,4.3626986,0.64818394,1.4656715,1.6459122,0.19891816451682143,-4.7820215,26.78806,-20.44760101010101,1.2603979,1.1694155,-3.558539,23.419668,4.624834,46.15484,19.7155,1.487462,2.1908493,51.232708
36.0,Merafong City,ssp370,near-term_2021-2040,5.1880875,-0.7530303,0.33865976,-5.515277777777778,-2.1465454,-0.059523809523808424,0.23928571428571455,7.3904495,1.2011318,2.840765,0.4932307,0.657135,2.526394,0.12409033826853477,-1.1522031,14.193588,-10.222601010101013,0.41310644,0.19787407,-0.42659092,12.786226,1.6692781,22.647888,10.20475,0.7141452,1.1913681,23.486874
36.0,Merafong City,ssp585,far-term_2081-2100,25.236214,-3.65,0.5382829,-13.855681818181818,2.844635,0.2001879699248157,0.6753132832080204,25.946102,3.843666,14.323243,2.1177297,3.7586384,7.8133926,0.467673497355801,-9.046089,65.63954,-33.48068181818182,4.6544237,5.186713,-8.414902,56.920662,19.391628,137.77316,39.525024,4.6147366,6.3883743,182.90057
36.0,Merafong City,ssp585,mid-term_2041-2060,10.6826515,-2.797727,0.33947372,-10.287918660287083,-0.18829346,0.1692355889724304,0.3669799498746873,11.89341,1.8003874,6.9625835,1.0616962,1.7058372,3.6715012,0.21020184566704225,-5.3903446,31.255531,-22.238277511961723,1.844698,2.1749878,-4.6421127,27.534447,6.580802,56.465725,22.674679,1.8745174,2.6021633,65.69104
36.0,Merafong City,ssp585,near-term_2021-2040,6.004074,-0.6590909,-0.0379076,-6.188516746411484,6.8229675,0.26090225563909897,0.2634085213032584,12.861473,1.8518229,8.736123,1.3202842,2.0964336,3.5531578,0.1643153024629722,-1.4178147,14.901382,-12.186543062200958,0.876655,1.017107,-0.675313,14.2111635,2.1813996,25.789055,11.462845,0.7940054,1.2805843,27.16604
37.0,City of Tshwane,ssp126,far-term_2081-2100,9.089131,-1.5338181,0.3783431,-1.561068181818182,-0.992218,-0.05977192982456216,0.11306892230576442,4.9637094,0.75247926,3.5985377,0.5669177,0.8015831,1.8530891,0.09594391085062322,-2.5479062,18.42359,-6.033522727272727,0.58688843,0.5654812,-2.1378624,17.182745,2.7275167,36.448856,14.781801,1.1301632,1.7001793,31.39806
37.0,City of Tshwane,ssp126,mid-term_2041-2060,7.904129,-1.0833181,0.29809314,-1.6625681818181817,5.361224,-0.08677192982456212,0.1845689223057645,9.069785,1.2305796,7.870657,1.1834319,2.190002,2.5568643,0.0946711749687382,-2.2974668,17.001863,-5.877772727272727,0.56617695,0.35632324,-1.9928826,15.24289,2.216517,31.569101,13.524727,0.9614663,1.4702275,26.350426
37.0,City of Tshwane,ssp126,near-term_2021-2040,7.5141325,-0.24581805,0.22084303,-1.1843181818181818,5.217328,0.022978070175437893,0.0260689223057645,4.3579416,0.59788716,3.9838734,0.60463196,0.84838563,1.5428749,0.0872786317816856,-0.83600396,12.8271885,-4.137772727272728,0.092774436,0.027593803,-0.5519217,11.671207,1.4787668,22.979855,9.891226,0.56777275,0.9150135,19.33911
37.0,City of Tshwane,ssp245,far-term_2081-2100,13.561453,-3.1754546,0.3828067,-2.455681818181818,6.730737,0.3662280701754376,0.30471177944862154,11.269891,1.5473765,9.290955,1.4150604,2.1370192,2.7368844,0.17124003563107149,-6.279626,36.491806,-9.790000000000001,2.2969813,2.4352317,-5.67197,30.425583,8.067512,72.86625,25.904512,2.2690115,3.0849018,69.013435
37.0,City of Tshwane,ssp245,mid-term_2041-2060,7.868594,-2.2786362,0.17947379,-1.9854545454545456,2.6585755,0.36789473684210316,0.3404260651629075,12.985892,1.9286915,7.673902,1.1823759,1.5930048,4.528402,0.16125341058368656,-3.8968246,22.845856,-7.643409090909091,1.3750867,1.4847065,-3.161482,19.795843,3.817153,44.214172,17.329023,1.3537648,1.894048,37.296204
37.0,City of Tshwane,ssp245,near-term_2021-2040,6.9891295,-0.60711706,0.5325929,-1.3452272727272727,2.0680358,0.22897807017543811,0.22106892230576453,9.209165,1.4082906,6.512474,1.0395702,1.532728,1.6735077,0.1304733257158004,-0.7324341,12.860226,-4.668110047846891,0.71765995,0.8015541,-0.37077808,11.804982,1.6567518,22.870869,9.540995,0.47742215,0.98263854,19.702946
37.0,City of Tshwane,ssp370,far-term_2081-2100,20.8192,-3.6573737,0.56867206,-2.808484848484848,6.010577,0.6759649122807009,0.5930952380952382,21.942276,3.143582,14.484614,2.1680396,3.2086658,7.142742,0.3645637105976469,-8.492038,58.739178,-11.70310606060606,3.7136264,3.4295785,-7.316044,42.756973,15.536016,107.293465,33.09838,3.2434113,4.641247,115.17609
37.0,City of Tshwane,ssp370,mid-term_2041-2060,11.988935,-2.9590404,0.28340912,-2.435151515151515,-1.4004577,0.11991228070175416,0.29020050125313285,12.375519,1.853542,7.656947,1.1673405,1.8440654,3.0626106,0.16013903813523198,-4.9979725,27.360926,-9.40449494949495,1.5054787,1.1584371,-3.559308,21.28973,4.5837946,46.88347,18.610346,1.3869088,2.0274715,40.60164
37.0,City of Tshwane,ssp370,near-term_2021-2040,7.410775,-1.0951514,0.3289345,-1.806262626262626,0.80112916,0.15570175438596542,0.16046365914786972,7.343702,1.1515017,5.618099,0.9017705,1.20526,1.8878136,0.09467037032696934,-1.637481,14.386249,-5.897550505050506,0.614892,0.1142416,-0.40422583,11.726204,1.6604612,21.48624,9.383088,0.6316363,0.95444566,18.37664
37.0,City of Tshwane,ssp585,far-term_2081-2100,25.500027,-3.7170453,0.53161716,-2.815227272727273,12.876776,0.6893233082706753,0.7725689223057645,30.261715,4.2135024,21.925713,3.2343924,4.4034157,8.222723,0.5163480139674627,-9.009959,65.38256,-11.937727272727274,4.6483,4.9819,-8.290982,53.41215,19.210335,140.9919,38.639797,4.322169,6.0057583,162.33858
37.0,City of Tshwane,ssp585,mid-term_2041-2060,11.222406,-2.9173205,0.20494995,-2.3350119617224885,8.500147,0.846942355889723,0.45804511278195503,15.872347,2.239451,10.812482,1.6170043,2.1764064,4.2139573,0.2545671839359088,-5.500481,31.356556,-9.238576555023922,1.9228768,2.0423317,-4.5654826,24.92352,6.12805,57.647057,21.67998,1.7936884,2.335689,51.88168
37.0,City of Tshwane,ssp585,near-term_2021-2040,7.254547,-0.8582893,0.06471195,-1.4219736842105266,7.999182,0.6200375939849614,0.38947368421052647,16.050928,2.3115985,12.101666,1.8574651,3.070008,3.4936118,0.19580138655855964,-1.5883329,14.893851,-5.4588875598086135,0.8314991,1.0234194,-0.67386085,13.127766,2.1108973,26.307806,10.952436,0.7074087,1.0542629,21.344536
38.0,Umdoni,ssp126,far-term_2081-2100,0.4405861,-1.0502272,0.06720543,0.0,-9.717346,-0.8598245614035136,-0.06175438596491478,2.2009125,0.35388565,8.506527,0.8916125,0.9552307,2.245514,-0.020033927961945253,-3.6336937,33.588394,-0.002272727272727273,0.33583117,2.0380058,2.1869497,18.357306,5.29738,31.090996,10.400188,-0.31986618,2.3336792,11.090477
38.0,Umdoni,ssp126,mid-term_2041-2060,-0.0019130707,-1.0027273,0.319705,0.0,-7.3728027,-0.7098245614035079,-0.16675438596491254,-0.22271729,0.06308746,2.4453812,0.26994324,-0.1122818,-0.18994904,-0.025100476689352114,-3.6771517,32.82088,-0.002272727272727273,0.3182559,2.0493813,2.2315578,17.552122,5.03988,29.078491,9.657391,-0.4144268,2.3123512,9.474687
38.0,Umdoni,ssp126,near-term_2021-2040,-0.36941338,-0.61772716,0.3072052,0.0,6.354553,-0.11232456140350422,-0.22925438596491254,-0.22943115,-0.11114693,3.3500023,0.31217813,0.6314812,2.2625122,0.004742811956932158,-2.1368852,27.702805,-0.002272727272727273,0.015635967,1.6896896,4.064517,14.510878,3.64238,22.33599,6.426426,-0.686533,1.9568977,7.1615286
38.0,Umdoni,ssp245,far-term_2081-2100,-0.09060478,-1.7999998,0.39410973,0.0,6.137146,-0.33458646616542254,0.12205513784461086,8.234528,0.6503372,7.1301003,0.6477337,0.9345703,1.2646484,0.051174841907623225,-6.5433598,37.791668,-0.002272727272727273,1.5181804,1.8913059,-5.0429864,25.132074,6.7943783,45.662437,21.296513,1.6248589,1.9754868,21.580328
38.0,Umdoni,ssp245,mid-term_2041-2060,-0.114414215,-1.3499999,-0.07970047,0.0,-8.347229,-0.6274436090225599,-0.16127819548872235,1.6068878,0.24932098,6.6641197,0.67215157,1.1304321,1.1730957,0.030664019114627905,-4.083206,23.94196,-0.002272727272727273,0.93916464,1.16325,-2.3610935,16.914354,3.0726078,24.942581,13.876732,1.0477791,1.2340813,10.331829
38.0,Umdoni,ssp245,near-term_2021-2040,-0.501915,-0.24330127,0.1197052,0.0,-11.493347,-0.9973245614035093,-0.12175438596491261,1.2676544,0.30961418,7.2414665,0.7788234,1.0504303,0.059692383,-0.005516987362316428,-0.96976566,13.367983,-0.002272727272727273,0.4295659,0.6513653,0.10115814,10.234722,1.1500932,11.04833,7.7666397,0.5413437,0.6712227,4.055263
38.0,Umdoni,ssp370,far-term_2081-2100,0.04611206,-1.8643938,0.5611515,0.0,-16.414368,-1.358771929824563,0.2298245614035075,13.355667,1.4403534,12.637035,1.2776923,2.35075,2.3107605,0.007462466016072256,-8.401658,62.279743,-0.002272727272727273,2.0548167,4.0472775,-4.853098,37.217926,17.847101,95.502945,25.597492,1.2591591,4.562237,47.86913
38.0,Umdoni,ssp370,mid-term_2041-2060,-0.024938583,-1.5255048,0.040099144,0.0,-16.564392,-1.0798245614035125,-0.1122807017543872,3.435257,0.57975006,11.250481,1.1918731,1.4100189,1.1903152,-0.014833290154864898,-5.0765867,39.457363,-0.002272727272727273,0.6804385,2.4688396,0.455266,21.999205,7.177658,40.80571,13.400669,-0.09286022,2.6818924,14.574688
38.0,Umdoni,ssp370,near-term_2021-2040,0.29611206,-0.6338382,0.14010048,0.0,-12.522888,-1.040350877192985,-0.0964912280701764,1.8336182,0.3576584,3.392559,0.38888073,0.97706604,1.4341278,-0.0158145998436936,-2.2044501,27.411362,-0.002272727272727273,0.15937662,1.7642574,3.6636705,15.126287,3.8359914,23.408493,7.0886765,-0.61069584,2.0146408,7.155243
38.0,Umdoni,ssp585,far-term_2081-2100,-0.25250816,-1.8840908,0.6631584,0.0,9.215027,-0.37744360902255636,0.39110275689223073,21.40068,1.8706913,19.646702,1.8425684,2.8157196,4.8013535,0.09240603685568072,-9.270782,65.095795,-0.002272727272727273,3.1482358,3.7021046,-8.231845,44.25814,19.945333,114.09032,33.77522,3.0654392,3.903534,76.56993
38.0,Umdoni,ssp585,mid-term_2041-2060,-0.07393646,-1.6999998,0.48458576,0.0,2.4075317,-0.15601503759398838,0.11491228070175286,4.8936462,0.39543915,5.9372826,0.54974985,0.5723114,1.1098633,0.036250050624254015,-5.7042093,32.472572,-0.002272727272727273,1.2951808,1.6699524,-3.7699957,21.749178,5.4534693,36.67524,17.86922,1.3690662,1.6815681,16.215164
38.0,Umdoni,ssp585,near-term_2021-2040,-0.65489197,-0.66973686,-0.05588913,0.0,-7.1920166,-0.5607769423558935,0.04824561403508554,4.8164215,0.54761696,6.884983,0.6817002,0.16548157,2.6893158,0.0360173569843214,-1.8479347,16.051416,-0.002272727272727273,0.54455996,0.7641506,-0.42075443,11.813351,1.6186604,13.742584,9.100708,0.5932255,0.8182869,4.660401
39.0,uMuziwabantu,ssp126,far-term_2081-2100,0.70530957,-1.0240151,-0.22720082,-0.7190151515151514,-3.5167847,-0.507096908939013,-0.016251044277359128,5.1360116,0.58326596,6.5482497,0.7151971,0.91926193,2.3369725,0.00733495338920805,-3.4245527,26.693449,-2.9994696969696975,0.55542815,1.2413553,0.3541921,15.873314,3.259163,14.5499735,10.516098,0.33359846,1.7024034,8.920342
39.0,uMuziwabantu,ssp126,mid-term_2041-2060,0.16780917,-0.90318185,0.13446553,-0.7473484848484846,-3.9667969,-0.4779302422723468,-0.11208437761069234,2.6331203,0.28609815,3.9981053,0.43650422,0.17410024,0.007461548,-0.013950015930672835,-3.4136603,25.699694,-2.8911363636363645,0.54713994,1.2293364,0.39517435,14.974043,2.989996,13.490807,9.679486,0.21061802,1.6631006,7.487009
39.0,uMuziwabantu,ssp126,near-term_2021-2040,-0.13219135,-0.60318184,0.22196515,-0.5173484848484847,9.795003,0.13206975772765261,-0.10458437761069324,1.8325831,0.05137189,4.060286,0.39885393,0.6322403,2.520424,0.035095640714483047,-1.903451,20.561205,-1.9378030303030298,0.19045329,0.8892536,2.0376768,11.936592,2.0183294,9.548307,6.635456,-0.08540535,1.2321657,5.516834
39.0,uMuziwabantu,ssp245,far-term_2081-2100,-0.12794559,-1.6810606,0.45597363,-1.093939393939394,17.521097,0.29060150375940097,0.15831244778613307,9.506619,0.6449359,5.739474,0.49321333,0.35268655,1.027916,0.05605542086894596,-6.0732956,35.799305,-4.407575757575757,1.567105,1.9691881,-4.5887227,24.47171,5.9344096,26.121174,19.874083,1.6689163,2.172383,20.86128
39.0,uMuziwabantu,ssp245,mid-term_2041-2060,-0.39064535,-1.2924241,-0.16862965,-0.8227272727272726,-3.1352947,-0.34431913116123763,-0.04486215538846968,4.887586,0.53812504,6.7232246,0.7267442,1.2441164,1.7293524,0.030779275203802747,-3.662696,22.734549,-3.2318181818181824,1.0053049,1.2248758,-1.9983716,16.604826,2.702193,14.029745,12.9374895,1.0650215,1.3776646,10.344736
39.0,uMuziwabantu,ssp245,near-term_2021-2040,0.5303097,-0.32727277,-0.18553352,-0.4929425837320575,-6.313843,-0.6829302422723474,-0.09875104427735959,2.9904277,0.4121507,8.964584,1.0061444,1.183787,0.2937851,0.024249330439464718,-0.57266587,12.759999,-1.8577751196172254,0.4466692,0.6721789,0.36993027,10.12973,1.0286195,5.946771,7.2228637,0.5718765,0.7116642,4.1361732
39.0,uMuziwabantu,ssp370,far-term_2081-2100,0.044695538,-1.965404,0.24227333,-1.3968855218855216,-5.9222617,-0.9142021720969092,0.28642439431913164,16.136116,1.6153046,10.831199,1.1184229,2.1781642,1.6539866,0.016509055004873357,-8.507027,59.159954,-5.715488215488215,2.6198142,3.3820622,-5.6946826,34.78734,14.796384,54.220066,25.245642,1.9277439,3.9996803,43.282967
39.0,uMuziwabantu,ssp370,mid-term_2041-2060,0.7157485,-1.603367,0.015956244,-1.0737373737373737,-9.58667,-0.9492898913951547,0.041687552213868585,9.900424,1.1933438,11.047601,1.2450949,1.7624651,0.97612256,0.020505572987598697,-5.242319,34.44448,-4.088636363636363,1.01795,1.7343897,-1.1163133,19.465889,4.9315705,19.31173,13.373882,0.5707032,2.05643,12.257038
39.0,uMuziwabantu,ssp370,near-term_2021-2040,1.927152,-0.9172558,0.052798588,-0.732996632996633,-7.3094277,-0.48613199665831414,-0.016207184628237076,5.2472405,0.6597554,4.6647058,0.54516125,0.9895566,1.6066157,0.026052423209301345,-2.4693012,22.121447,-2.588636363636363,0.42856076,1.0072378,1.7640282,12.439714,2.3158293,9.785807,7.025594,0.01606051,1.2857863,5.499631
39.0,uMuziwabantu,ssp585,far-term_2081-2100,-0.74620056,-1.939394,0.7353385,-1.4265151515151515,23.547201,0.3342522974101918,0.47815371762740294,25.655275,2.2511098,19.1877,1.9297577,3.5880737,5.66773,0.08661405200813199,-9.003903,62.771774,-5.925000000000001,3.4212317,3.9362621,-7.790338,42.057602,18.3431,71.91687,31.660154,3.1456308,4.3050976,67.870926
39.0,uMuziwabantu,ssp585,mid-term_2041-2060,-0.5104847,-1.590909,0.3901008,-1.0972886762360448,9.0,0.10091896407686345,0.2614870509607356,9.2220335,0.7887204,6.777893,0.6782796,0.36984125,0.9223404,0.043161379376308893,-5.3260355,31.01029,-4.2540271132376395,1.4255524,1.7583351,-3.355767,21.110888,4.804306,20.853708,16.507837,1.3197641,1.8635095,15.8368
39.0,uMuziwabantu,ssp585,near-term_2021-2040,-0.5533428,-0.6474082,-0.057519276,-0.6477272727272727,0.2009074,-0.08796992481202774,0.06942355889724361,4.269216,0.41509786,4.5303817,0.4729662,0.06892649,3.030141,0.04206695787676858,-1.6568794,15.538244,-2.4578947368421056,0.7008825,0.7930024,-0.14482784,11.718502,1.427791,7.5714126,8.682865,0.6339658,0.88049,4.9494987
40.0,Ray Nkonyeni,ssp126,far-term_2081-2100,0.07910919,-1.223523,-0.21677542,-0.0011363636363636365,-11.952087,-0.5922963659147964,-0.12051691729323188,2.879303,0.43469524,8.922333,0.8960469,1.3066769,2.7521896,-0.011201288726236047,-3.8719819,32.875957,-0.0125,0.4997337,1.8057413,1.6486325,17.697868,4.6364717,22.03682,10.296877,-0.09642506,2.102826,10.12738
40.0,Ray Nkonyeni,ssp126,mid-term_2041-2060,-0.41714287,-1.169773,0.28072405,-0.0011363636363636365,-11.020996,-0.6535463659147887,-0.24551691729323277,0.4784546,0.15746307,3.8738346,0.38864374,0.2975731,0.02091217,-0.04377918199740405,-3.9281478,31.935173,-0.011250000000000001,0.457057,1.8013239,1.6125293,16.940407,4.3952217,20.343071,9.560818,-0.22176838,2.0455847,8.535275
40.0,Ray Nkonyeni,ssp126,near-term_2021-2040,-0.31214237,-1.018523,0.18572474,-0.0011363636363636365,6.763794,0.017703634085211917,-0.21676691729323316,0.6513901,-0.046305656,5.242283,0.47084498,1.1032887,3.3848877,0.013922674358902487,-2.4243913,26.80718,-0.007500000000000001,0.13756013,1.4628992,3.3375783,13.799389,3.1214712,15.360569,6.538147,-0.4967165,1.6837683,6.2694864
40.0,Ray Nkonyeni,ssp245,far-term_2081-2100,-0.14166641,-1.8488638,0.42399883,-0.0011363636363636365,7.6741333,-0.1494987468671649,0.015852130325815228,7.2428055,0.44131088,7.1856747,0.5934541,0.88389397,0.82927704,0.034685134520941574,-6.371509,37.430466,-0.0125,1.5105948,1.8794727,-4.856678,25.181194,6.519019,33.00341,20.54795,1.6050067,2.0096655,20.698498
40.0,Ray Nkonyeni,ssp245,mid-term_2041-2060,-0.28214264,-1.405682,-0.09028721,-0.0011363636363636365,-10.195557,-0.5971177944862127,-0.2067669172932325,1.772728,0.27861404,7.360405,0.71775055,1.3551197,1.3167267,0.01473844080796427,-3.9658108,23.87928,-0.010227272727272727,0.96502113,1.1759148,-2.1823926,17.08742,2.996471,17.506817,13.434023,1.0405273,1.2494364,10.132143
40.0,Ray Nkonyeni,ssp245,near-term_2021-2040,-0.38339138,-0.5796055,0.029475212,-0.0011363636363636365,-10.45343,-0.7522963659147894,-0.23926691729323313,0.76327515,0.21638393,9.311695,0.92202115,1.5364571,0.94625854,0.0023803134159838812,-0.83097553,13.374457,-0.010227272727272727,0.43828797,0.66485214,0.19516277,10.400314,1.0992224,7.4925838,7.5732117,0.5660472,0.6758528,4.100126
40.0,Ray Nkonyeni,ssp370,far-term_2081-2100,-0.10187912,-1.927273,0.47105312,-0.0011363636363636365,-15.845825,-1.4422305764411085,0.07875939849624114,13.945236,1.3691759,12.861452,1.2059097,2.277254,1.3475304,-0.007455740323770055,-8.472067,61.80757,-0.0125,2.2289383,3.745676,-5.162345,36.23476,16.729805,72.99155,25.191498,1.428545,4.2687902,44.6371
40.0,Ray Nkonyeni,ssp370,mid-term_2041-2060,-0.03609085,-1.6994951,0.10131788,-0.0011363636363636365,-17.36438,-1.4119674185463698,-0.2146616541353379,6.1629944,0.8087454,12.885551,1.2995839,1.9468899,0.9943886,-0.01768370009256426,-5.3014345,38.654346,-0.0125,0.81636953,2.1562176,-0.104745865,21.280907,6.3270273,28.70543,13.299095,0.102757454,2.4290724,13.5079365
40.0,Ray Nkonyeni,ssp370,near-term_2021-2040,0.4902258,-1.0494952,-0.0039453506,-0.0011363636363636365,-12.101013,-0.7053884711779475,-0.21992481203007452,-0.46183014,0.10581303,4.622141,0.48545694,1.4669971,1.7037659,0.004792118124390843,-2.5164022,26.442698,-0.0125,0.2623787,1.4859047,2.9687357,14.4307995,3.2548046,15.851261,7.073881,-0.41679096,1.7233782,6.539881
40.0,Ray Nkonyeni,ssp585,far-term_2081-2100,-0.7999983,-1.9250002,0.7751889,-0.0011363636363636365,11.317322,-0.33878446115288163,0.2718045112781957,22.73793,1.8365574,18.937048,1.6635253,3.6560173,5.495426,0.05454482582151465,-9.169281,64.38493,-0.0125,3.2065575,3.7273397,-8.065561,43.357086,19.524883,89.56023,32.78286,3.039435,3.9358225,71.01071
40.0,Ray Nkonyeni,ssp585,mid-term_2041-2060,-0.52380943,-1.7102275,0.43233204,-0.0011363636363636365,1.5979614,-0.1566416040100247,0.12656641604010055,4.657593,0.335824,6.3313694,0.56718993,0.3680954,0.27630997,0.020437600977847303,-5.5671988,32.20179,-0.010227272727272727,1.3067532,1.6754141,-3.6040335,21.73542,5.2635765,26.340971,17.193275,1.3195086,1.7035627,15.629763
40.0,Ray Nkonyeni,ssp585,near-term_2021-2040,-0.5023813,-0.93815815,0.00018835068,-0.0011363636363636365,-7.8806763,-0.5066416040100279,-0.04962406015037679,4.001442,0.43970394,7.1534996,0.6718259,0.31399918,3.355835,0.016394768525659575,-1.8252258,16.160984,-0.011363636363636364,0.6101086,0.77531624,-0.3186717,12.070879,1.5017345,9.482954,8.962851,0.6145034,0.82446957,5.0285716
41.0,Alfred Duma,ssp126,far-term_2081-2100,0.9676202,-0.30871207,0.65391904,-1.6863636363636363,18.126291,0.9541635338345884,0.30729949874686696,10.812745,1.0187263,5.731224,0.6127605,0.6813558,2.035405,0.08374900724618077,-1.6484232,17.430752,-5.093749999999999,0.36629072,0.27280998,-1.4172393,14.4830065,2.1241028,33.795307,12.653047,0.9146493,1.4372362,14.592231
41.0,Alfred Duma,ssp126,mid-term_2041-2060,1.5480347,-0.11662885,0.5397523,-1.7696969696969695,19.796854,0.8708302005012533,0.3327161654135335,11.870177,1.1006743,5.359104,0.5365116,0.55203915,2.3166091,0.09410527260384738,-1.6599008,16.69247,-5.0200000000000005,0.43470478,0.19457944,-1.1652642,12.759592,1.7661861,28.985723,11.384703,0.7669258,1.2261301,11.187844
41.0,Alfred Duma,ssp126,near-term_2021-2040,-0.92696446,0.47795448,0.5343359,-0.9517803030303033,20.968903,0.625413533834586,0.20938283208020014,7.572371,0.6097018,3.5658028,0.35784015,0.3119955,2.2904327,0.060218097700384554,-0.09758679,12.086782,-3.036666666666667,-0.0027571644,-0.08260981,0.45325837,10.031912,1.1003529,19.306139,7.7041664,0.4303271,0.77642316,8.876881
41.0,Alfred Duma,ssp245,far-term_2081-2100,0.7051379,-1.8712121,1.0791769,-2.9534090909090907,36.277832,1.4737468671679206,0.6229741019214702,21.483084,2.013889,10.459325,1.0827595,1.2744983,2.8384063,0.16065674802248933,-5.2458787,33.174236,-9.2125,1.852975,2.0016985,-4.7436194,25.13705,5.9475875,68.34944,22.348518,1.8846978,2.6306076,34.407852
41.0,Alfred Duma,ssp245,mid-term_2041-2060,0.27140746,-1.0712122,0.53354263,-2.0246212121212124,16.610107,0.7392230576441102,0.47297410192147044,14.932841,1.6000234,6.5415883,0.7289798,0.4944798,2.1041958,0.09148107703761443,-2.7906773,20.612303,-6.406439393939394,1.0709927,1.1437219,-2.2338138,16.564436,2.780921,39.78497,14.621502,1.2168077,1.5522906,17.331936
41.0,Alfred Duma,ssp245,near-term_2021-2040,1.3380356,0.3017346,0.40891933,-1.1786283891547051,4.6712747,0.3058302005012538,0.2572994987468668,10.904758,1.3946929,4.747997,0.6278391,0.92752457,0.87918156,0.07291791752797898,0.172383,11.491128,-3.611702551834131,0.45935977,0.5510251,0.2953825,9.795142,1.18161,19.173183,7.996287,0.5219927,0.76988155,8.028174
41.0,Alfred Duma,ssp370,far-term_2081-2100,1.7735151,-2.3647306,0.8185458,-3.9294191919191923,17.226877,1.1044486215538853,0.7228696741854636,26.759678,2.9896402,14.458154,1.7321444,2.2521095,3.9763367,0.23273172704414247,-7.9663987,54.341732,-12.1875,3.1599574,2.8704615,-6.421622,36.528175,13.708824,106.05608,28.886988,2.7903273,4.2758617,66.074394
41.0,Alfred Duma,ssp370,mid-term_2041-2060,1.1265875,-1.5420454,0.7264406,-3.061363636363636,3.5388386,0.43471177944862127,0.41672932330827067,15.81448,2.0401046,9.630038,1.2773033,1.6766897,2.7436287,0.13526418795700756,-4.3137813,27.405447,-8.73101851851852,1.346211,0.8936675,-2.416277,18.390026,3.8935473,44.42786,15.7131605,1.1664258,1.7939516,20.402634
41.0,Alfred Duma,ssp370,near-term_2021-2040,2.1660576,-0.46936026,0.47030053,-2.0539562289562294,-1.5630697,0.018922305764410414,0.238220551378446,7.476911,0.95183486,2.6251118,0.31860566,-0.41933823,0.62113124,0.051397896844700565,-1.2555946,15.391129,-5.291666666666667,0.52925885,0.16393502,0.1846989,10.395824,1.4773436,20.570446,8.222074,0.613595,0.7022616,8.173931
41.0,Alfred Duma,ssp585,far-term_2081-2100,-0.39763832,-2.475,1.3017963,-3.9477272727272728,45.543762,2.2765246449456975,1.107101086048454,39.743904,4.06266,21.192883,2.3459103,3.0319672,6.3255634,0.3253844025786723,-8.519484,60.590446,-12.661742424242426,4.0146165,4.246385,-7.550221,45.327713,18.241905,137.62854,34.380657,3.6210485,5.449919,98.30098
41.0,Alfred Duma,ssp585,mid-term_2041-2060,0.036888123,-1.6848884,0.73036784,-2.998863636363636,30.868317,1.4979532163742704,0.64281537176274,21.1667,2.0832505,11.037337,1.2213782,1.660704,3.6837647,0.17650529434505557,-4.6071796,29.264072,-8.947089314194578,1.6362448,1.775869,-3.5233305,21.276155,4.982596,55.184647,18.544765,1.5419946,2.262843,25.500982
41.0,Alfred Duma,ssp585,near-term_2021-2040,0.47537866,-0.36395535,0.5204468,-1.6166866028708133,20.386047,0.8138262322472846,0.5003550543024227,16.95175,1.8502325,9.744067,1.1585051,2.0225165,3.3505497,0.1303008962997795,-0.9558061,14.128904,-4.822547846889953,0.79684633,0.6711712,-0.26389232,11.31141,1.5205741,23.90277,9.364683,0.6733028,0.8174184,9.324791
42.0,Inkosi Langalibalele,ssp126,far-term_2081-2100,1.1769896,-0.35431823,0.56057477,-3.3362499999999997,18.723007,0.7977083333333281,0.39199248120300745,13.94709,1.3137865,8.083021,0.8583361,1.2368793,2.4446144,0.10078831215092188,-1.7768598,17.393002,-7.383579545454541,0.34530815,0.34246063,-1.1950498,13.860319,1.9849701,25.935965,11.992718,0.93376756,1.3993626,12.340069
42.0,Inkosi Langalibalele,ssp126,mid-term_2041-2060,1.0651121,-0.18869326,0.528074,-3.4162500000000002,20.24263,0.9483333333333306,0.3701174812030076,13.324732,1.1742547,4.8647685,0.44686842,0.49457312,2.242508,0.09791399726853589,-1.7975273,16.818857,-7.522329545454541,0.42456838,0.2861433,-1.0206499,12.454814,1.6780952,22.794085,10.881058,0.74632645,1.2162685,9.305201
42.0,Inkosi Langalibalele,ssp126,near-term_2021-2040,-0.38488674,0.60505676,0.7705736,-2.0018749999999996,22.301544,0.5689583333333292,0.18074248120300762,9.640984,0.77551055,3.1796832,0.2745533,0.4788952,2.391838,0.08313355396814215,-0.20317554,12.097096,-4.317954545454541,0.015058748,-0.01933527,0.6135304,9.664808,1.07497,14.940338,7.277337,0.4442103,0.7810879,7.0703316
42.0,Inkosi Langalibalele,ssp245,far-term_2081-2100,0.15936947,-1.6926136,0.97039557,-5.8448863636363635,40.257523,1.3273809523809517,0.7309210526315794,24.940794,2.1803496,10.829538,1.0409907,1.8026719,3.517477,0.17553550490069747,-5.246812,32.370667,-14.060227272727268,1.6790569,2.0056858,-4.5594873,24.052078,5.49686,54.538574,21.34375,1.8293812,2.5492182,29.58114
42.0,Inkosi Langalibalele,ssp245,mid-term_2041-2060,0.69210625,-1.0073864,0.45372868,-4.105681818181819,17.362488,0.622619047619045,0.48330200501253173,15.295086,1.491566,7.18951,0.749383,0.7044902,2.210455,0.11520679175669923,-2.8410122,20.076233,-9.809090909090905,1.0269969,1.1880732,-2.0478516,15.950718,2.5675838,31.31187,13.818565,1.1991892,1.535202,15.008084
42.0,Inkosi Langalibalele,ssp245,near-term_2021-2040,1.3638601,0.366836,0.23744941,-2.3507177033492823,4.479004,0.162708333333331,0.3176174812030079,12.687599,1.50018,5.886721,0.7134788,1.1532202,0.7028103,0.08753824267708188,0.14643764,11.25703,-5.2482356459330095,0.4320312,0.556128,0.3894844,9.434478,1.0811769,14.670395,7.5547237,0.51148033,0.74831486,7.011717
42.0,Inkosi Langalibalele,ssp370,far-term_2081-2100,0.7510662,-2.1179295,0.9727447,-7.934722222222223,18.322617,0.6576754385964874,0.8522556390977444,29.961279,3.119683,18.072199,2.0391784,2.8329144,4.2505817,0.2104822233939656,-7.980155,53.306908,-19.466287878787877,2.9980772,2.8743348,-6.2963095,35.085327,13.095109,89.550125,27.882595,2.7361958,4.184,57.043102
42.0,Inkosi Langalibalele,ssp370,mid-term_2041-2060,1.404357,-1.2651515,0.6944556,-5.679166666666665,4.952957,0.23399122807017303,0.39830827067669183,17.22995,2.0103116,10.965214,1.3356395,2.0271182,3.2363834,0.14610866195647265,-4.3360615,26.878815,-12.627398989898987,1.2428263,0.93024874,-2.17457,17.666708,3.6249702,35.21749,15.017029,1.1621461,1.7846327,16.784075
42.0,Inkosi Langalibalele,ssp370,near-term_2021-2040,3.058302,-0.31515175,0.5148504,-3.5124999999999993,-0.96095276,0.11162280701754224,0.30028195488721865,7.779709,0.9008081,3.5130954,0.40392148,0.061585903,0.641592,0.06477549730889254,-1.309011,15.198712,-7.283648989898985,0.47644907,0.183115,0.36828208,10.124313,1.3930256,16.244574,7.8646307,0.60351396,0.76733303,7.0222692
42.0,Inkosi Langalibalele,ssp585,far-term_2081-2100,-1.2311058,-2.202841,1.2096801,-8.179545454545455,49.034637,2.3357142857142836,1.2946115288220554,44.357243,4.1956844,23.252337,2.4007192,3.2000513,6.7311497,0.32796086143029046,-8.54285,59.619446,-20.62670454545454,3.8436964,4.238657,-7.484495,43.4253,17.602242,118.71471,33.347595,3.5756018,5.2878227,86.77594
42.0,Inkosi Langalibalele,ssp585,mid-term_2041-2060,0.16234493,-1.4683912,0.9061096,-5.859898325358851,31.743118,1.3386904761904743,0.6618734335839603,23.68622,2.2305927,12.089388,1.2644145,1.9203124,3.7969666,0.16807121744354503,-4.641929,28.528852,-13.421919856459326,1.5595496,1.7988176,-3.3335724,20.443253,4.668152,44.260727,17.715094,1.4941075,2.2076807,21.718203
42.0,Inkosi Langalibalele,ssp585,near-term_2021-2040,0.13436508,-0.25478473,0.54301476,-3.1663875598086126,19.964996,0.6458333333333304,0.4821115288220552,17.066402,1.7167885,9.129292,1.0042934,1.689527,3.142603,0.1348319371311455,-1.0269778,13.78962,-7.219677033492819,0.7241997,0.71009064,-0.19953871,10.945408,1.4317882,18.389145,9.033672,0.68642807,0.85617447,7.9533215
43.0,Okhahlamba,ssp126,far-term_2081-2100,1.7495314,-0.28568175,0.84655637,-6.8476623376623325,20.873003,1.075614035087718,0.3715708915145006,14.748603,1.3930355,9.006715,0.9857506,1.4080876,3.1027722,0.11265161861858594,-1.5844145,16.827906,-10.26866883116883,0.29370844,0.20864405,-1.5813825,14.624623,2.2321513,24.087313,12.999257,0.983012,1.4614332,16.936932
43.0,Okhahlamba,ssp126,mid-term_2041-2060,1.5948857,-0.003896032,0.78119946,-6.693376623376617,22.007124,1.0198997493734343,0.36121374865735767,15.095663,1.3704679,5.5108237,0.5161305,0.5616466,2.6090558,0.11476481898497644,-1.4877032,16.02799,-9.728311688311692,0.4150181,0.13208649,-1.3628775,13.005431,1.8642943,20.78231,11.689983,0.83591634,1.244615,13.661367
43.0,Okhahlamba,ssp126,near-term_2021-2040,-0.39511272,0.928604,0.7397709,-3.5844480519480486,21.863647,0.7645426065162886,0.15799946294307202,7.73693,0.53966373,3.62252,0.33676237,0.7568471,2.5563028,0.07783208803613118,0.13224684,11.436959,-5.223668831168831,-0.09664232,-0.13557938,0.22654057,10.028825,1.2121514,13.669094,7.912278,0.4552047,0.7549359,10.4327965
43.0,Okhahlamba,ssp245,far-term_2081-2100,1.9742938,-1.8623376,1.2467773,-13.896753246753244,43.6611,1.8275868242033637,0.750125313283208,27.968931,2.4774096,14.394801,1.469335,2.3483403,4.322987,0.23528539261378612,-5.141285,32.548126,-22.568181818181817,1.6925911,1.965606,-4.933532,25.86183,6.405263,50.509434,22.898802,2.0052989,2.710443,40.223343
43.0,Okhahlamba,ssp245,mid-term_2041-2060,0.7447036,-0.90454537,0.542696,-9.422402597402593,19.447327,0.8510562119584658,0.5103293949158608,15.985423,1.552494,9.108058,0.98969096,1.0073397,2.412747,0.1396525109360494,-2.7122545,20.087723,-15.02077922077922,0.93842715,1.1162952,-2.42697,17.068518,3.015106,29.156305,14.953559,1.2700871,1.6177229,20.931866
43.0,Okhahlamba,ssp245,near-term_2021-2040,0.97095925,0.5676351,0.43869972,-4.914302802460694,4.8119073,0.24668546365914473,0.21692803437164349,10.05766,1.2120898,5.4325066,0.6905508,1.2957115,0.7733781,0.08627141632186903,0.34372997,11.314969,-7.5406015037594,0.41397676,0.5787398,0.20564596,10.020563,1.3764372,13.829189,8.158712,0.51571846,0.8293765,9.652077
43.0,Okhahlamba,ssp370,far-term_2081-2100,4.230433,-2.3618326,1.147064,-19.910281385281376,24.130747,1.4869674185463637,0.8464017185821696,33.849216,3.504904,20.337997,2.3141086,3.5920737,5.9196963,0.2823591900705787,-7.9058266,53.91475,-33.666486291486294,3.0100794,2.8586533,-6.6178184,37.87996,14.397429,82.65616,29.834412,2.9347012,4.3187747,75.85715
43.0,Okhahlamba,ssp370,mid-term_2041-2060,1.9383272,-1.5177848,0.79142505,-12.390043290043284,9.470799,0.8245614035087689,0.43775510204081625,19.233719,2.2398674,11.752196,1.4703918,2.243544,3.6404452,0.17751974048592878,-4.1685505,26.69091,-18.963311688311684,1.1854028,0.8216489,-2.5540268,18.64329,4.134334,32.06807,16.141756,1.217674,1.7594945,23.830164
43.0,Okhahlamba,ssp370,near-term_2021-2040,2.5349422,-0.30111822,0.70307934,-7.000757575757573,2.6061924,0.33283208020050076,0.280612244897959,8.732074,0.9674098,3.7927594,0.4183046,0.12763731,1.4583054,0.06042278802660293,-1.1839455,14.80622,-10.000613275613274,0.53272027,0.018991334,0.04493359,10.366951,1.5180641,14.371242,8.438716,0.6674547,0.7273835,9.723815
43.0,Okhahlamba,ssp585,far-term_2081-2100,3.0950398,-2.4685063,1.6141244,-21.34675324675324,51.39344,2.8609201575366994,1.3331185105621195,48.192333,4.6532593,26.006878,2.764599,3.5354273,7.687368,0.40908144328182644,-8.486632,60.263462,-37.07175324675325,3.8077815,4.3516493,-7.731327,46.704662,18.683613,110.387474,35.213406,3.7388957,5.600826,110.21418
43.0,Okhahlamba,ssp585,mid-term_2041-2060,1.8589897,-1.563004,0.94915897,-13.192310321257684,35.03553,1.841192266380235,0.6963838166845685,25.050755,2.357302,13.418219,1.4275831,2.1384125,4.4152308,0.2246685865117492,-4.5331955,28.88544,-20.95758714969241,1.5700216,1.7474877,-3.7244835,21.80381,5.4045963,40.614803,19.026657,1.56521,2.3003995,30.229145
43.0,Okhahlamba,ssp585,near-term_2021-2040,0.84163827,-0.2709842,0.71072304,-6.858424470266571,23.2227,1.092892946652343,0.484138918725385,17.981592,1.8240701,9.266104,1.0416806,1.9633124,3.1052682,0.16619738602273618,-0.90729153,13.795482,-10.425444292549557,0.7131309,0.6769776,-0.3639104,11.397784,1.6934383,16.93098,9.575829,0.67546886,0.85328865,11.349213
44.0,Endumeni,ssp126,far-term_2081-2100,2.0653343,-0.6320454,0.28010654,-0.7313636363636365,13.706543,0.7393107769423537,0.33455513784461166,9.592369,0.86763096,5.32514,0.5777359,0.5607586,2.443344,0.07905614796677884,-2.0278597,19.03857,-3.1256818181818184,0.50371253,0.4056511,-1.2795343,14.795512,2.264091,28.229355,12.564072,0.8260002,1.531208,13.548497
44.0,Endumeni,ssp126,mid-term_2041-2060,0.6953392,-0.54954505,0.42510605,-0.8613636363636366,15.815186,0.33181077694235483,0.3295551378446113,12.487106,1.171073,5.706396,0.60837173,0.8354435,2.953125,0.08369566132774686,-1.9733868,18.117561,-3.3881818181818177,0.564692,0.3325367,-1.0209055,13.064473,1.8215907,24.434357,11.304298,0.6900625,1.3406487,10.024812
44.0,Endumeni,ssp126,near-term_2021-2040,0.19533539,0.2829547,0.49260712,-0.5413636363636365,21.068726,0.4718107769423554,0.2595551378446119,9.826576,0.83622646,6.0676174,0.6884227,0.75076866,3.45401,0.051382863659143574,-0.407753,13.3138,-2.043181818181818,0.11978679,0.07688522,0.69501877,10.25109,1.109091,16.77935,7.621567,0.36376,0.916584,8.014286
44.0,Endumeni,ssp245,far-term_2081-2100,0.26152802,-1.9636359,0.71403503,-1.2977272727272728,28.06659,1.0433583959899693,0.5196741854636588,18.548553,1.6883917,9.35203,1.0067639,1.1854782,3.1498184,0.12733605183372365,-5.4407396,34.43353,-5.406818181818181,2.0188978,2.0480232,-4.6510386,24.96574,5.98433,57.100006,22.074272,1.8235569,2.6550598,31.979198
44.0,Endumeni,ssp245,mid-term_2041-2060,1.3472366,-1.1931813,0.38070202,-1.0068181818181818,11.9071045,0.2719298245614006,0.37919799498746887,13.165024,1.4109011,5.1823597,0.5905781,0.81638527,3.1176147,0.06613015757233054,-2.9383187,21.642567,-3.8136363636363635,1.2113827,1.1791801,-2.1649394,16.61753,2.6886363,33.33731,14.581718,1.1256685,1.5904388,16.061153
44.0,Endumeni,ssp245,near-term_2021-2040,1.6503334,0.061962128,0.20010662,-0.5392344497607657,3.9088135,-0.035689223057648434,0.36955513784461136,12.419846,1.5502634,4.9048862,0.6378484,1.136303,1.7983398,0.06279311521481468,-0.025232315,11.988885,-2.3343301435406696,0.55321354,0.5773239,0.2902212,9.876977,1.1409888,15.899513,7.965435,0.50148296,0.8082962,6.985965
44.0,Endumeni,ssp370,far-term_2081-2100,1.4405975,-2.4767673,0.5162916,-1.6141414141414143,8.908997,0.4532581453634066,0.5694235588972432,24.54245,2.7769175,10.197573,1.2142425,1.8356342,3.836197,0.19776572406482895,-8.120314,56.39008,-6.832070707070707,3.3418796,2.9773731,-6.3879786,36.192665,14.053536,93.31409,28.63057,2.6922255,4.330982,62.139717
44.0,Endumeni,ssp370,mid-term_2041-2060,2.1642838,-1.8101006,0.41629124,-1.3224747474747476,-2.2124634,-0.0020050125313275657,0.4352130325814527,12.90332,1.6886263,10.479975,1.3787861,1.7282066,2.927414,0.09144362313612042,-4.6363487,29.371246,-5.451515151515151,1.5102894,1.0084248,-2.3738456,18.471432,3.9646468,37.347404,15.61039,1.0860329,1.8561707,18.136948
44.0,Endumeni,ssp370,near-term_2021-2040,1.7484932,-0.9739895,0.21628952,-1.058585858585859,-5.916992,-0.2256892230576426,0.15363408521303246,4.0245743,0.56799984,1.5334339,0.21360588,-0.5051098,0.9264984,0.009301894379025732,-1.6006117,16.828953,-3.612626262626263,0.65636605,0.35554123,0.3529396,10.597318,1.5757576,17.29464,8.176884,0.519351,0.7670784,7.5813913
44.0,Endumeni,ssp585,far-term_2081-2100,-1.633709,-2.5636358,1.1497498,-1.6022727272727275,36.999268,1.66002506265664,0.9863408521303261,37.1698,3.7266111,21.061861,2.3535833,3.478588,6.898941,0.27919022499793567,-8.611482,61.762318,-6.986363636363636,4.172104,4.147625,-7.572386,45.01231,18.490908,125.05548,34.199623,3.5252485,5.451954,94.30163
44.0,Endumeni,ssp585,mid-term_2041-2060,-0.57180023,-1.690191,0.55212975,-1.2976076555023925,25.929626,1.107644110275686,0.5720551378446106,19.118347,1.786603,9.499163,1.039309,1.6247997,4.1626663,0.15385657390859642,-4.740732,30.335697,-5.290311004784689,1.7849689,1.7436485,-3.5194569,21.399876,4.996531,46.673676,18.508018,1.5016356,2.3003426,24.065916
44.0,Endumeni,ssp585,near-term_2021-2040,1.0615273,-0.43732023,0.004511833,-0.7075358851674644,17.04358,0.5433583959899799,0.524436090225564,18.97142,2.079814,9.837645,1.178823,2.1875992,4.4292297,0.11011129842401512,-1.0725689,14.773936,-2.8517942583732054,0.8855643,0.68928146,-0.25268173,11.437964,1.4659092,19.685036,9.300945,0.62762356,0.8434372,8.7492485
45.0,Nqutu,ssp126,far-term_2081-2100,1.3513823,-0.88568175,0.24282622,-0.30471590909090907,8.738403,0.3733771929824581,0.22281015037593999,9.847261,0.99780726,7.3204775,0.8328942,0.4178028,1.9783993,0.041424199151975705,-2.5422504,21.074963,-1.6140909090909092,0.60091555,0.6156597,-0.8753648,14.718002,2.3918183,25.599133,11.947809,0.70194817,1.5570545,11.72453
45.0,Nqutu,ssp126,mid-term_2041-2060,0.122011185,-0.91880673,0.28220153,-0.32721590909090914,12.498703,0.12962719298245506,0.33343515037594007,12.639278,1.2301733,7.672556,0.84067774,0.8038306,2.4704075,0.05237734758598789,-2.5204477,20.317253,-1.802840909090909,0.6272975,0.5378108,-0.71357036,13.189983,1.9886932,22.459133,10.834959,0.604516,1.4047928,8.439004
45.0,Nqutu,ssp126,near-term_2021-2040,0.00013446808,-0.05505669,0.34345102,-0.19534090909090912,19.08319,0.20587719298245766,0.15156015037594006,11.842766,1.1124091,7.6312685,0.85418093,0.61110926,3.1066818,0.036788397423739516,-0.97816896,15.274291,-1.2103409090909092,0.2242679,0.27993727,1.0071156,10.435759,1.2736931,15.3841305,7.2872086,0.28500915,0.98474693,6.871898
45.0,Nqutu,ssp245,far-term_2081-2100,0.63188934,-1.9602273,0.5910406,-0.48863636363636365,23.43811,0.7443295739348414,0.5002506265664158,18.421124,1.7346406,10.527256,1.1214623,1.104485,2.8193207,0.11044116095357182,-5.6470423,34.932667,-2.550568181818182,1.9389982,2.0147676,-4.6101174,24.298903,5.672966,51.20798,21.400682,1.7486112,2.5419664,27.541416
45.0,Nqutu,ssp245,mid-term_2041-2060,0.23070145,-1.2323862,0.12854075,-0.3761363636363637,7.1148376,0.1621867167919815,0.3246553884711778,12.012264,1.3085575,6.965373,0.80318236,0.63040304,2.9143105,0.04944658336334884,-3.1689034,21.975239,-1.9079545454545455,1.199391,1.1853046,-2.124633,16.31662,2.6051135,29.631516,14.049939,1.0763705,1.5441885,13.65401
45.0,Nqutu,ssp245,near-term_2021-2040,1.1445112,-0.19793653,0.007826328,-0.24061004784689,1.7359467,-0.27662280701754227,0.30593515037593955,12.280136,1.5221386,6.133834,0.7730496,0.9425297,1.3773746,0.044036890760452474,-0.25513864,12.21419,-1.1803827751196172,0.5458666,0.5786686,0.31680655,9.739147,1.068318,13.99848,7.7059393,0.48823595,0.7659397,6.068546
45.0,Nqutu,ssp370,far-term_2081-2100,0.14398193,-2.401515,0.5197995,-0.5646464646464647,4.249588,0.16008771929824928,0.47932330827067693,22.343548,2.513865,11.566149,1.3631153,1.6171293,3.121397,0.12907535795501324,-8.3017,57.451782,-3.143118686868687,3.2320142,3.0800567,-6.2772703,35.34082,13.918624,85.646355,27.806757,2.519652,4.2604637,54.911156
45.0,Nqutu,ssp370,mid-term_2041-2060,1.9966154,-1.7355428,0.34019423,-0.47645202020202027,-5.244858,-0.32807017543859374,0.3622180451127822,13.469959,1.7578506,10.633024,1.3542557,1.5975685,2.8885422,0.04989687025916423,-4.9670057,30.892488,-2.6077020202020202,1.4978552,1.1668591,-2.0978894,18.28318,4.110985,33.74982,15.042641,1.0084763,1.9156847,15.387542
45.0,Nqutu,ssp370,near-term_2021-2040,2.0393772,-0.9723485,0.16190505,-0.4195075757575758,-8.769226,-0.5050438596491196,0.13524436090225567,3.9280033,0.5810566,2.7646246,0.3773986,-0.34734583,0.5429039,-0.026742466295790024,-1.8926826,18.158186,-1.9021464646464648,0.66513777,0.48334837,0.61863494,10.832636,1.6359849,16.230385,7.9315615,0.43274546,0.8808336,6.7417088
45.0,Nqutu,ssp585,far-term_2081-2100,-3.182393,-2.4170454,0.7577064,-0.5653409090909092,29.234268,1.0794486215538859,0.9722744360902255,34.705475,3.5158572,20.455414,2.2490196,3.0535269,5.7671795,0.2274740526874428,-8.722212,62.158783,-3.120454545454546,4.055176,4.046876,-7.628292,43.769627,18.194319,115.634926,33.445908,3.4152553,5.168809,84.96354
45.0,Nqutu,ssp585,mid-term_2041-2060,-0.53477764,-1.7498205,0.6017549,-0.45227272727272727,21.162949,0.793139097744362,0.525250626566416,16.29486,1.5081935,10.157902,1.1017156,1.3639226,3.2783413,0.11469244380800037,-4.974078,30.57481,-2.478319377990431,1.7400026,1.7293968,-3.4410772,20.88422,4.7378883,41.953316,17.928486,1.4508126,2.21305,20.690914
45.0,Nqutu,ssp585,near-term_2021-2040,0.8420067,-0.466836,-0.09050751,-0.25284090909090917,13.418076,0.4306390977443648,0.47048872180451173,17.61549,1.9050574,10.235635,1.1858064,2.0222902,3.9714203,0.09591331075201359,-1.1931262,15.017349,-1.4334031100478468,0.8495248,0.69939375,-0.23373389,11.181697,1.372518,17.020725,8.975396,0.6282227,0.8451748,7.0052013
46.0,Newcastle,ssp126,far-term_2081-2100,1.6720734,-0.37965906,0.41661692,-2.331818181818181,16.976105,0.8607863408521261,0.27644110275689227,7.666542,0.6058593,6.605195,0.7008543,0.96756744,2.996849,0.09900083409951188,-1.5444727,17.507605,-6.595568181818181,0.3989281,0.21549225,-1.6875296,15.299625,2.2139773,29.859903,13.455219,0.9801955,1.6049156,18.604887
46.0,Newcastle,ssp126,mid-term_2041-2060,1.8558216,-0.1871593,0.470366,-2.3293181818181807,20.121033,0.7170363408521272,0.3026911027568919,8.769623,0.67865276,7.6300554,0.81263304,1.3488207,4.0988045,0.10734709722478408,-1.3925734,16.276463,-6.260568181818184,0.46426967,0.1453228,-1.3678455,13.3811035,1.7352271,25.294897,12.026823,0.7918477,1.3388844,14.464098
46.0,Newcastle,ssp126,near-term_2021-2040,1.6033249,0.5278412,0.17536736,-1.213068181818182,22.256195,0.6595363408521298,0.13019110275689227,5.4335365,0.3167472,6.355193,0.7000065,1.0174236,4.178894,0.08845221298382011,0.14557981,11.829997,-3.6605681818181823,-0.02282536,-0.10273361,0.27134514,10.4049015,1.1239772,17.218645,8.312181,0.47043514,0.92681503,11.15094
46.0,Newcastle,ssp245,far-term_2081-2100,1.3389778,-2.040909,1.1001887,-4.144318181818181,33.392487,1.1538220551378444,0.5181077694235592,17.000652,1.447979,10.6893015,1.0885446,1.7206154,4.341282,0.15632714810553372,-5.328081,33.7305,-12.375,2.0996828,2.0370522,-4.8814926,26.388325,6.2791862,60.119316,23.358692,2.0342789,2.8482075,42.19442
46.0,Newcastle,ssp245,mid-term_2041-2060,1.9723091,-1.0249999,0.4882841,-2.860227272727272,15.363922,0.4764411027568869,0.45858395989974987,10.922432,1.079165,7.37119,0.83226395,1.1041746,4.2107277,0.09582565863044179,-2.7021272,21.011288,-8.679545454545453,1.1861107,1.1285696,-2.4659975,17.50544,3.0431814,35.08206,15.531528,1.2360826,1.7120209,22.21028
46.0,Newcastle,ssp245,near-term_2021-2040,2.2295685,0.23504806,0.2991166,-1.7123205741626784,3.830902,0.18328634085212414,0.3426911027568922,8.990135,1.1224437,6.1503344,0.8093591,1.5372458,2.3229942,0.06680658523183602,0.2238903,11.724578,-4.740610047846891,0.5456661,0.6050911,0.20525694,10.431124,1.2551168,17.00041,8.4319725,0.56971025,0.89487076,10.455452
46.0,Newcastle,ssp370,far-term_2081-2100,3.3875923,-2.5895202,0.6729317,-5.240151515151514,12.547455,0.8750626566416013,0.7119674185463662,24.94812,2.787888,16.430958,1.956434,2.8447313,5.9205246,0.3073369330368054,-7.967808,55.61756,-16.042929292929294,3.4050283,2.9113226,-6.598443,38.155678,14.418561,96.65642,30.15099,2.915359,4.4116383,77.930916
46.0,Newcastle,ssp370,mid-term_2041-2060,3.150753,-1.7020202,0.25582647,-4.267929292929292,0.011230469,0.27111528822054964,0.39223057644110315,14.163994,1.7997856,12.541446,1.636126,2.0435677,3.7230797,0.180587900432033,-4.3842244,28.139172,-11.92209595959596,1.5611179,0.8999586,-2.719675,19.1688,4.1213384,38.80642,16.64497,1.2111421,1.8401909,25.751745
46.0,Newcastle,ssp370,near-term_2021-2040,2.354704,-0.7714646,0.33740568,-2.948484848484848,-3.0102234,-0.23283208020050417,0.1790726817042605,3.1449318,0.38277435,1.4256153,0.17206216,-0.075740814,1.696991,0.07069181243793388,-1.4574089,15.856449,-7.5359848484848495,0.7508328,0.18024921,0.056955338,10.785116,1.526894,17.64948,8.7538395,0.68644047,0.6921406,10.473966
46.0,Newcastle,ssp585,far-term_2081-2100,1.2854042,-2.6704545,1.1739974,-5.3181818181818175,42.732147,2.0359649122807006,1.1288220551378447,37.333714,3.7090392,24.776394,2.7304635,4.2843485,8.962318,0.36806621840905906,-8.51285,61.387367,-16.64090909090909,4.2787395,4.3681297,-7.614446,47.387833,18.729546,129.25363,35.64152,3.7502246,5.815756,113.1055
46.0,Newcastle,ssp585,mid-term_2041-2060,1.1127834,-1.8595096,0.7287593,-4.094736842105263,30.422852,1.5407268170426036,0.6728696741854643,18.194607,1.6406484,13.118913,1.4156287,2.3092031,5.3990555,0.1938218717817337,-4.6266627,29.88615,-11.901196172248802,1.8206767,1.7341881,-3.7738845,22.358486,5.432955,48.600296,19.673927,1.6188002,2.3609238,31.336466
46.0,Newcastle,ssp585,near-term_2021-2040,2.083027,-0.3973086,0.19304514,-2.281758373205742,20.547363,0.9050125313283175,0.550250626566416,17.75462,1.8857241,13.774215,1.635225,2.475707,5.001091,0.15703930894027973,-0.8879795,14.498159,-6.457236842105265,0.90257335,0.6735201,-0.41595984,11.889339,1.6214116,20.84455,9.898445,0.67065334,0.863533,11.67337
47.0,Emadlangeni,ssp126,far-term_2081-2100,2.3800056,-0.5845455,0.42986947,-2.0445454545454544,11.658521,0.5522092731829567,0.2278759398496238,9.406375,0.8947958,5.9754252,0.6549851,1.015091,2.71568,0.09175541893620487,-1.8262275,18.515705,-5.983636363636362,0.48783052,0.29661256,-1.4707038,15.085303,2.2580001,23.280474,13.032455,0.8946972,1.6041015,15.903433
47.0,Emadlangeni,ssp126,mid-term_2041-2060,1.4820061,-0.52254546,0.49086875,-2.2050454545454543,15.2828245,0.4252092731829585,0.26487593984962404,11.393051,1.063049,8.233206,0.90977794,1.4199642,3.8680878,0.07929084519952649,-1.6775589,17.50258,-6.084136363636363,0.56691945,0.22494736,-1.1771185,13.28539,1.8130001,19.904476,11.639151,0.728018,1.3940003,12.019222
47.0,Emadlangeni,ssp126,near-term_2021-2040,1.9230049,0.43145475,0.41086942,-1.3080454545454543,21.1021,0.36170927318295865,0.1343759398496239,9.95793,0.8650007,7.949294,0.8957075,1.2999424,5.169281,0.07854360631504206,-0.19267082,12.73203,-3.6881363636363615,0.10127559,-0.016138077,0.50016534,10.255038,1.056,13.229976,7.972955,0.41098136,0.9565178,9.284486
47.0,Emadlangeni,ssp245,far-term_2081-2100,2.0044618,-1.9909089,0.91644096,-3.622727272727272,26.055103,0.9603759398496216,0.42847117794486217,17.25918,1.5580988,10.742977,1.1384445,2.0588245,4.2739882,0.13922018273202852,-5.4650345,34.498642,-11.100454545454545,2.1255283,2.0548255,-4.7624707,25.423903,6.1014357,46.983208,22.707626,1.9194441,2.795012,35.884384
47.0,Emadlangeni,ssp245,mid-term_2041-2060,1.8982704,-1.0290909,0.45834598,-2.618181818181818,10.918432,0.18751879699248164,0.4337092731829573,12.506244,1.3506835,8.817124,1.0484843,1.5043564,4.293489,0.08249140090677472,-2.921421,21.726202,-7.870454545454544,1.2639225,1.133427,-2.307297,16.931828,2.87,27.407202,15.07475,1.1497818,1.6884689,18.64589
47.0,Emadlangeni,ssp245,near-term_2021-2040,2.6855087,0.07334957,0.23436984,-1.5795693779904307,2.3974488,-0.05229072681704139,0.30687593984962397,10.732161,1.3488524,7.1010313,0.9279618,1.7871246,2.6384964,0.07156190188155379,-0.015396309,12.092073,-4.4399999999999995,0.57338786,0.6057625,0.2276928,10.130039,1.2015364,13.170099,8.1875,0.5240633,0.9022621,8.630576
47.0,Emadlangeni,ssp370,far-term_2081-2100,2.9292953,-2.5189898,0.6573429,-4.484545454545454,6.243262,0.48949874686716865,0.6619548872180454,24.110989,2.7591684,15.684446,1.9075642,2.7925277,5.5509443,0.2525129266507816,-8.126719,56.495064,-14.180303030303032,3.4610581,2.9318385,-6.4976287,36.892498,14.209444,78.93281,29.433132,2.7968926,4.393775,68.036446
47.0,Emadlangeni,ssp370,mid-term_2041-2060,3.2729812,-1.7467675,0.21155338,-3.6451010101010097,-4.8665648,-0.18102756892230687,0.39984962406015,14.285517,1.9069414,11.575451,1.5284855,2.0347009,3.5532959,0.12681362930954093,-4.596538,29.1448,-10.673080808080806,1.6106888,0.94511604,-2.597556,18.646574,4.0466666,30.308363,16.234165,1.1461523,1.8554054,20.995333
47.0,Emadlangeni,ssp370,near-term_2021-2040,2.7956154,-0.9262121,0.27418536,-2.5634343434343436,-6.308728,-0.26471177944862134,0.1035338345864659,3.3609009,0.46528435,1.959061,0.262897,-0.024403,1.4059021,0.03040782999471183,-1.6127207,16.485123,-6.781969696969696,0.7276802,0.23505707,0.16607666,10.6584835,1.5477778,13.94003,8.511671,0.58991337,0.7698189,8.716446
47.0,Emadlangeni,ssp585,far-term_2081-2100,0.1263649,-2.5749998,1.0207268,-4.550909090909091,35.19099,1.4894235588972422,1.0937092731829572,38.14808,3.897032,26.44891,2.9727805,4.839244,9.057953,0.35285065139193394,-8.594179,61.786896,-14.63090909090909,4.3049545,4.2487907,-7.6029606,45.902256,18.610909,107.71902,34.93,3.5971498,5.6869,102.339226
47.0,Emadlangeni,ssp585,mid-term_2041-2060,0.7858887,-1.7511004,0.6007267,-3.56066985645933,24.606762,1.174661654135336,0.6003759398496237,19.597479,1.8993466,12.520312,1.377333,2.32577,5.0322967,0.18139296882984884,-4.7707167,30.381533,-10.61358851674641,1.8676003,1.6948879,-3.6649847,21.631855,5.134617,38.409805,19.158566,1.5371727,2.375955,26.702557
47.0,Emadlangeni,ssp585,near-term_2021-2040,2.7973137,-0.40796608,-0.050225258,-1.9591866028708131,16.207422,0.5894235588972428,0.5279949874686717,18.005283,1.9589913,13.499844,1.6232259,2.2548912,5.4358826,0.13961168319786718,-1.0845703,14.881528,-5.822822966507176,0.93318665,0.6823818,-0.29837817,11.6124,1.5935168,15.803107,9.587067,0.633288,0.8792709,10.181128
48.0,Dannhauser,ssp126,far-term_2081-2100,1.8839773,-0.33636355,0.47999287,-1.9737121212121218,16.780008,0.8304824561403498,0.23383458646616515,10.8122,0.9988518,5.10779,0.53264016,0.7919604,2.6380513,0.08653090733074009,-1.6298431,17.731464,-5.838030303030302,0.4062901,0.27028275,-1.5120739,14.905097,2.2058692,29.193632,12.979472,0.9195817,1.525622,15.9
48.0,Dannhauser,ssp126,mid-term_2041-2060,1.6281382,-0.19719696,0.5824919,-2.052045454545455,19.224588,0.6288157894736853,0.29883458646616584,11.567421,1.0328051,6.1480746,0.64712685,0.9971816,3.265691,0.08542882845389599,-1.5779915,16.768944,-5.70219696969697,0.48389944,0.20146497,-1.2129351,13.110336,1.7283692,25.051968,11.65324,0.75417614,1.2907702,12.2578945
48.0,Dannhauser,ssp126,near-term_2021-2040,0.88064194,0.5161362,0.38582548,-1.169545454545455,22.00004,0.5846491228070173,0.187167919799499,7.5406747,0.57011634,5.742731,0.64618444,0.7847748,3.4962947,0.06940540050192083,-0.060858727,12.147328,-3.4413636363636377,0.007173866,-0.05712573,0.41938877,10.220066,1.0842026,16.905306,7.9477715,0.43427563,0.8712654,9.580701
48.0,Dannhauser,ssp245,far-term_2081-2100,0.7698886,-1.9499999,1.1196743,-3.510606060606061,33.22746,1.2842522974101935,0.5306599832915623,19.67637,1.7693945,9.188928,0.94434863,1.4108576,3.492892,0.1371809112166673,-5.337457,33.742466,-10.693939393939395,2.0293,2.0376625,-4.775217,25.622902,6.1159887,59.43121,22.708168,1.9203453,2.7385495,37.03893
48.0,Dannhauser,ssp245,mid-term_2041-2060,1.6452879,-1.0507574,0.46412054,-2.4416666666666678,15.069987,0.4429824561403504,0.43939014202172083,14.058853,1.4851624,6.0731716,0.686707,0.8527953,3.228976,0.07687277334982134,-2.7746418,21.111216,-7.487878787878788,1.1715497,1.1563689,-2.2762334,16.954874,2.8635967,34.560604,15.020111,1.1932892,1.6327044,18.713158
48.0,Dannhauser,ssp245,near-term_2021-2040,2.0381444,0.12838912,0.38499165,-1.4630781499202559,4.6217446,0.14881578947368487,0.3505012531328326,12.256892,1.5392609,4.3025684,0.5686836,1.189073,1.8038788,0.058313873801936054,0.15887229,11.777512,-4.202511961722489,0.52441335,0.57817906,0.27054882,10.069351,1.2019849,16.498484,8.1699915,0.5366885,0.8423157,8.81082
48.0,Dannhauser,ssp370,far-term_2081-2100,2.106561,-2.5095117,0.7361326,-4.460101010101011,13.124736,0.7736842105263181,0.6812030075187968,25.26724,2.8112462,12.902431,1.5302945,2.2923229,4.60156,0.2416133567031992,-7.9892364,55.458076,-13.821548821548822,3.3388014,2.903806,-6.4922853,37.143753,14.102906,95.88586,29.374193,2.8248177,4.3484855,69.64371
48.0,Dannhauser,ssp370,mid-term_2041-2060,1.9091936,-1.6595117,0.50894004,-3.566582491582492,0.048238117,0.2236842105263186,0.43558897243107797,14.53703,1.8728437,10.468812,1.3837638,1.8841591,3.1023762,0.13865798551065733,-4.3708773,28.170677,-10.184511784511784,1.4894344,0.9059079,-2.571184,18.765171,4.0334616,38.391407,16.093498,1.158465,1.8158379,22.146492
48.0,Dannhauser,ssp370,near-term_2021-2040,1.8170904,-0.7734006,0.37121964,-2.411952861952862,-3.6278484,-0.3140350877193008,0.18822055137844615,5.7325263,0.74942464,1.3192316,0.16855145,-0.36603484,1.1998215,0.04641630837047058,-1.4239702,15.857281,-6.31043771043771,0.6635973,0.23040645,0.15633805,10.624638,1.5269803,17.58771,8.474407,0.6209046,0.6846517,9.084455
48.0,Dannhauser,ssp585,far-term_2081-2100,-0.19280751,-2.5848484,1.2514206,-4.507575757575759,43.12315,2.007268170426066,1.067167919799499,38.73814,3.8650825,21.991432,2.422257,3.749822,7.7046685,0.3170286060563277,-8.528935,61.26712,-14.338636363636363,4.1907578,4.2568746,-7.564312,46.152187,18.533295,127.89697,34.862293,3.6444054,5.62874,103.27664
48.0,Dannhauser,ssp585,mid-term_2041-2060,-0.19043224,-1.731858,0.73237354,-3.4881180223285497,30.148905,1.4358395989974941,0.629072681704261,20.262558,1.89173,11.275266,1.2294601,1.9529324,4.6689477,0.16951774999929933,-4.6063905,29.860415,-10.245135566188198,1.7585505,1.7535133,-3.6167455,21.769224,5.1608453,48.02807,19.028862,1.5649942,2.3279636,27.572685
48.0,Dannhauser,ssp585,near-term_2021-2040,1.1603636,-0.42679414,0.27046838,-1.8856060606060607,19.93754,0.8064745196324109,0.4909774436090224,18.84395,2.037157,10.746824,1.2797308,2.3489017,4.3597894,0.124373213650301,-0.9516093,14.478008,-5.553867623604464,0.8702759,0.6826394,-0.28826395,11.590265,1.5751994,20.495451,9.571228,0.65107375,0.8338725,10.239348
49.0,eDumbe,ssp126,far-term_2081-2100,1.1568699,-1.010625,0.0920434,-0.2377840909090909,5.5027466,0.20709429824561276,0.18630325814536297,7.340763,0.7364831,6.9294586,0.8105561,1.2387285,2.9210186,0.07112377178359663,-2.0397787,19.294683,-1.223181818181818,0.54891086,0.39586592,-1.230736,14.77957,2.1613336,28.307667,12.433906,0.8223648,1.5945759,13.884712
49.0,eDumbe,ssp126,mid-term_2041-2060,0.51061916,-0.795625,0.21516871,-0.2715340909090909,10.126465,0.14021929824561408,0.20442825814536325,10.893414,1.039643,9.392303,1.0835073,2.0630956,3.9165382,0.06028228087879306,-2.0231376,18.371649,-1.413806818181818,0.6179749,0.29188347,-0.99756193,13.061612,1.8000838,24.243921,11.2286625,0.6995535,1.4205303,10.16037
49.0,eDumbe,ssp126,near-term_2021-2040,1.3106194,0.0712499,0.17891884,-0.1721590909090909,19.400894,0.07396929824561216,0.18380325814536325,12.935703,1.2269747,8.294018,0.9515638,1.7715745,6.15044,0.08258403228706457,-0.4667833,13.507495,-0.8713068181818178,0.2053205,0.042763233,0.63630676,9.993033,1.0413337,16.215168,7.6187744,0.34341645,0.97461224,7.4577384
49.0,eDumbe,ssp245,far-term_2081-2100,1.7105894,-2.2187498,0.6039777,-0.4301136363636363,16.213852,0.5543859649122824,0.3974937343358397,17.269386,1.6980379,11.195714,1.2536259,2.6619372,4.4783287,0.13385945762198204,-5.66195,34.783333,-2.136931818181818,2.1006243,2.0334291,-4.7525225,24.255402,5.6905503,55.83283,22.023312,1.8427191,2.6580038,30.257425
49.0,eDumbe,ssp245,mid-term_2041-2060,1.5760651,-1.3159091,0.08254957,-0.3346590909090909,4.8483734,-0.011685463659149242,0.34927944862155447,13.728682,1.5715592,10.053528,1.2319055,2.1185699,4.738529,0.07702408285844387,-3.1737628,22.034733,-1.6181818181818177,1.3172457,1.1286225,-2.3167505,16.345732,2.671561,32.87096,14.628086,1.1196561,1.6564064,15.629198
49.0,eDumbe,ssp245,near-term_2021-2040,1.9812412,-0.39736837,0.11016822,-0.20254186602870805,-1.0318298,-0.27978070175438674,0.288178258145363,11.025976,1.4107182,6.9896064,0.9116294,1.9004779,3.0001545,0.0643010225255336,-0.250237,12.178734,-0.9988337320574158,0.5915731,0.6123495,0.24232507,9.81907,1.0656865,15.987142,7.9613285,0.5313654,0.8690634,7.174405
49.0,eDumbe,ssp370,far-term_2081-2100,2.763938,-2.6701388,0.41569424,-0.502020202020202,-1.7031708,0.03903508771929509,0.5791979949874684,22.259739,2.6150534,15.771505,1.9493833,3.1120229,5.8934536,0.16447125322071732,-8.279285,56.98844,-2.60290404040404,3.4882774,2.9509535,-6.4939985,35.55216,13.789805,91.35948,28.789139,2.710948,4.350012,59.669178
49.0,eDumbe,ssp370,mid-term_2041-2060,2.297494,-1.9833332,-0.024436712,-0.42493686868686864,-10.625992,-0.739254385964915,0.4022243107769422,14.944393,2.0752785,10.67568,1.418652,2.1697001,3.8446274,0.062724387729999,-4.8726063,29.74601,-2.1494318181818177,1.6543558,1.0022001,-2.512484,18.004751,3.8043895,36.35878,15.831505,1.1355174,1.907526,17.910149
49.0,eDumbe,ssp370,near-term_2021-2040,2.9948616,-0.898611,-0.08562112,-0.35410353535353534,-8.659073,-0.2807017543859667,0.08709273182957378,3.5255566,0.50571513,3.0117273,0.4040053,0.31091022,1.7403507,0.005202791139392149,-1.6993032,17.037533,-1.6056818181818182,0.73795897,0.22505665,0.273067,10.564255,1.4828615,17.281694,8.30209,0.5239289,0.86346245,7.6962614
49.0,eDumbe,ssp585,far-term_2081-2100,0.14630222,-2.6795454,0.49981236,-0.5,23.251602,0.6371240601503727,1.0778508771929824,39.97702,4.292697,27.277943,3.1561246,5.0728736,9.693907,0.3288750890550194,-8.703568,62.014492,-2.6227272727272726,4.282118,4.1663933,-7.672391,44.313816,18.144855,122.48916,34.30459,3.504852,5.5010786,92.74348
49.0,eDumbe,ssp585,mid-term_2041-2060,0.9891596,-1.9458731,0.41409707,-0.40556220095693785,17.13359,0.8043859649122815,0.6147556390977442,19.579056,1.9756663,12.151261,1.3735943,2.612001,4.807165,0.18035508830763503,-4.9469895,30.487595,-2.086004784688995,1.8823706,1.6503296,-3.6561236,20.811705,4.731728,45.78379,18.545818,1.4870152,2.3109398,22.87146
49.0,eDumbe,ssp585,near-term_2021-2040,1.8963041,-0.6032894,-0.31268883,-0.23639354066985646,10.279892,0.10021929824561226,0.4617794486215533,18.018997,2.0156972,10.805841,1.3066795,2.060701,5.728758,0.121059229777992,-1.2074485,14.927477,-1.2101375598086124,0.91775036,0.6837802,-0.29493904,11.231814,1.440939,19.125507,9.343048,0.6054516,0.8919935,8.688722
50.0,uPhongolo,ssp126,far-term_2081-2100,0.9382448,-1.0602841,-0.43049026,-0.008295454545454547,-5.497513,-0.18715695488721806,0.17502036340852156,4.4721146,0.7500515,4.2706604,0.6198267,0.8208103,2.4655209,0.03686221098695053,-2.7963815,22.609234,-0.06397727272727273,0.6572795,0.790092,-0.6783829,14.678957,2.5979786,40.69822,11.345079,0.56496716,1.661727,12.465101
50.0,uPhongolo,ssp126,mid-term_2041-2060,1.2519922,-1.0471592,-0.16423988,-0.005170454545454546,1.1795502,-0.10215695488721899,0.15689536340852173,7.38723,0.9128318,6.406416,0.87415856,1.8153763,3.1229725,0.04838919259336105,-2.8167887,21.90583,-0.07460227272727273,0.6878334,0.64810133,-0.44474983,13.243391,2.2873535,36.203213,10.398699,0.48682308,1.5692434,9.532207
50.0,uPhongolo,ssp126,near-term_2021-2040,0.8719921,-0.5621592,-0.1717403,-0.008295454545454547,13.192703,-0.018406954887218774,0.2100203634085217,10.689775,1.2179089,6.7543726,0.8975099,1.5535111,5.095278,0.08846235400827229,-1.4236567,17.09262,-0.058977272727272725,0.31780577,0.41387463,1.2315438,10.346601,1.4104785,25.026337,7.038931,0.12242174,1.0922823,6.561153
50.0,uPhongolo,ssp245,far-term_2081-2100,1.7660704,-2.0664773,0.029479742,-0.009090909090909092,1.7288208,0.22709899749373275,0.2920739348370929,14.151583,1.8677206,7.9073434,1.0750706,2.2539935,3.6557941,0.11919405250186577,-5.951853,34.82841,-0.09659090909090907,2.0880244,1.9676881,-4.9007397,23.038324,5.468631,75.959366,21.115078,1.7451982,2.3511572,25.86369
50.0,uPhongolo,ssp245,mid-term_2041-2060,0.8464298,-1.6130683,-0.3973062,-0.010227272727272729,-5.4235687,-0.1877819548872166,0.1474310776942359,8.105787,1.2350359,7.8367352,1.148823,1.8528872,4.011675,0.05252622418293007,-3.5038853,22.202768,-0.08863636363636362,1.3048258,1.1245885,-2.39711,15.691478,2.4527512,48.553444,14.042344,1.0730753,1.4979496,13.418452
50.0,uPhongolo,ssp245,near-term_2021-2040,1.4151182,-0.6389055,-0.21736574,-0.005681818181818183,-7.111664,-0.3702819548872176,0.15689536340852173,7.4681416,1.2431746,3.505803,0.5648351,1.3155999,2.1208572,0.05498156497569928,-0.57109,12.371923,-0.061363636363636356,0.6304476,0.5989852,0.09986234,9.605602,0.95604396,25.656734,7.6674156,0.5370097,0.7248306,5.7257204
50.0,uPhongolo,ssp370,far-term_2081-2100,3.1936703,-2.399937,0.1038847,-0.010795454545454547,-11.166168,-0.10883458646616706,0.4666979949874691,17.021341,2.472394,11.320734,1.6197739,2.3773632,5.2065372,0.13999080025769972,-8.516182,57.774498,-0.11022727272727272,3.4279428,3.1776714,-6.42435,33.863556,12.983118,107.33766,27.569668,2.3514366,4.461502,52.116272
50.0,uPhongolo,ssp370,mid-term_2041-2060,1.6680164,-1.9686869,-0.66453624,-0.010795454545454547,-15.501358,-0.7140977443609025,0.35025062656641637,11.797768,2.004928,5.9663334,0.92447144,1.8888931,3.5479527,0.07931147085610091,-5.38506,31.694523,-0.10536616161616162,1.6449232,1.2903776,-2.2156992,17.63226,3.9949229,52.002945,14.71149,0.9195914,2.1665163,16.048908
50.0,uPhongolo,ssp370,near-term_2021-2040,2.7324896,-1.1089647,-0.28295708,-0.010795454545454547,-9.423126,-0.13317669172932334,0.10156641604010042,4.7229767,0.7830939,2.6987443,0.41984367,0.26314688,2.1062527,0.03681085535646833,-2.217454,19.390015,-0.09842171717171717,0.79763174,0.555439,0.8239455,10.949175,1.7782563,27.109182,7.7806644,0.26975536,1.1058092,7.1884923
50.0,uPhongolo,ssp585,far-term_2081-2100,1.40238,-2.371023,-0.090162754,-0.010795454545454547,3.0802155,0.3842418546365902,0.9337406015037595,33.560837,4.5111175,18.280823,2.488804,3.9045444,8.615711,0.257049036629706,-8.830486,61.715816,-0.10795454545454544,4.1933465,3.979425,-7.877289,42.184624,16.760706,134.36766,33.474625,3.318015,5.07413,82.52441
50.0,uPhongolo,ssp585,mid-term_2041-2060,0.73869133,-1.8884571,0.07650304,-0.010795454545454547,4.6260223,0.5116228070175435,0.3623120300751882,12.655907,1.5705538,7.700512,1.0440114,2.1181684,3.8417473,0.13290637965158547,-5.2123585,30.203392,-0.09943181818181818,1.8421335,1.6001487,-3.7212384,19.863094,4.2639055,63.670845,17.842876,1.4243312,2.0448189,19.321428
50.0,uPhongolo,ssp585,near-term_2021-2040,0.5255947,-0.91605866,-0.6395681,-0.0011363636363636376,0.72242737,-0.17468671679198167,0.292073934837093,11.679035,1.5744486,6.384266,0.8960041,1.427207,5.001051,0.09476371502159364,-1.4487543,14.856838,-0.06641746411483253,0.85809076,0.66678,-0.36676598,10.795068,1.3133075,29.919924,8.907755,0.6131792,0.7929058,7.068452
51.0,Abaqulusi,ssp126,far-term_2081-2100,0.5877091,-1.1835715,-0.054533415,-0.11853896103896104,3.2969186,0.1246643394199768,0.19578768349445058,7.9633474,0.9066549,5.6072607,0.6798023,0.99737465,2.7647214,0.059694891424958714,-2.4077744,20.810488,-0.7746753246753249,0.5821525,0.5722776,-0.9022027,14.691648,2.2782145,28.252205,11.871519,0.6762281,1.5909593,11.86724
51.0,Abaqulusi,ssp126,mid-term_2041-2060,0.21556364,-1.1085715,0.083323345,-0.14032467532467532,7.870876,0.013235767991404706,0.24007339778016507,10.4075165,1.0860192,6.8322086,0.8066748,1.646389,3.3226962,0.06293367005450268,-2.3894248,19.990248,-0.8589610389610389,0.62048215,0.47769955,-0.7149922,13.1607275,1.9221429,24.671844,10.766123,0.5757084,1.4520912,8.803329
51.0,Abaqulusi,ssp126,near-term_2021-2040,0.3162782,-0.24999979,0.11117963,-0.08496753246753246,17.792498,0.06145005370569174,0.19328768349445077,12.068008,1.2014198,7.0147786,0.82696533,1.4158728,4.8979297,0.0762809045297119,-0.8401894,15.167893,-0.5586038961038963,0.2324276,0.21517563,0.9835423,10.240626,1.1810714,16.577917,7.2567544,0.24052347,1.0003242,6.5770144
51.0,Abaqulusi,ssp245,far-term_2081-2100,0.755497,-2.2084415,0.38925907,-0.21623376623376628,13.53118,0.5572323666308614,0.34806659505907617,15.047143,1.5697957,9.281594,1.0883423,2.1654193,3.636139,0.10434411975190258,-5.6760387,34.71634,-1.270779220779221,2.0243292,2.0034502,-4.6964245,23.746794,5.4525805,55.423035,21.32942,1.7500896,2.538256,26.985212
51.0,Abaqulusi,ssp245,mid-term_2041-2060,0.30481774,-1.5006492,-0.04271371,-0.1691558441558442,1.5875157,-0.12133906194056619,0.25588972431077733,10.9393015,1.3478699,7.4289117,0.9433171,1.8111932,4.0639443,0.04512497733467592,-3.2185316,21.943409,-0.9743506493506496,1.2795885,1.1325033,-2.208701,16.043566,2.4853897,32.52847,14.121238,1.0695316,1.5739844,13.752274
51.0,Abaqulusi,ssp245,near-term_2021-2040,0.93842155,-0.5254613,-0.13560472,-0.11348257006151745,-2.127293,-0.3264070891514516,0.2761448263515933,10.801267,1.4630336,4.6802273,0.6404837,1.4790941,2.3062549,0.044578177609368046,-0.30703476,12.200356,-0.6124914559125086,0.5849011,0.58873504,0.25546536,9.702917,0.9849187,15.767461,7.7137523,0.48256683,0.79728264,5.902381
51.0,Abaqulusi,ssp370,far-term_2081-2100,1.4661658,-2.6277778,0.2451845,-0.24873737373737373,-3.4330182,-0.003813104189044379,0.44251700680272155,18.594364,2.2812266,11.55899,1.4715865,2.340327,4.6785192,0.14229905406611934,-8.361002,57.390038,-1.5294372294372296,3.3720095,3.0662713,-6.3577867,34.80646,13.515873,91.384384,27.935572,2.5246112,4.344706,54.4474
51.0,Abaqulusi,ssp370,mid-term_2041-2060,1.5439845,-2.0488095,-0.07060555,-0.218975468975469,-10.479004,-0.7391514500537072,0.38575008950948825,14.237935,2.0115058,8.589731,1.149567,2.2042232,3.7870243,0.06774828680098174,-5.0430155,30.62063,-1.287770562770563,1.5749106,1.1232408,-2.2281902,17.919195,3.8412697,36.811367,15.140509,1.0032579,1.9672612,15.672795
51.0,Abaqulusi,ssp370,near-term_2021-2040,2.3962429,-1.1420635,-0.0860187,-0.18326118326118326,-10.207606,-0.3594522019334064,0.04477264590046553,2.4812186,0.4546273,1.9825026,0.30501685,0.13110079,1.4926006,0.0021870420424467646,-1.8713957,18.064041,-0.9584054834054836,0.70039654,0.41337204,0.5846868,10.790335,1.6436508,18.059782,8.037365,0.39172104,0.93695396,6.9918427
51.0,Abaqulusi,ssp585,far-term_2081-2100,-0.96797234,-2.62987,0.219191,-0.2470779220779221,17.148848,0.5895452918009296,0.9348012889366274,33.758175,3.7848117,19.195166,2.2746334,4.1493406,7.606086,0.23392766430420472,-8.740237,62.00222,-1.5295454545454545,4.16108,4.045852,-7.689206,43.276077,17.662012,121.759636,33.593765,3.3937838,5.252052,85.05942
51.0,Abaqulusi,ssp585,mid-term_2041-2060,-0.27171272,-1.9922248,0.45422527,-0.20095693779904308,14.053694,0.6218582169709964,0.4899033297529539,15.803639,1.6481205,7.9481277,0.9261565,2.0408025,3.8232477,0.12808635038618288,-5.0058846,30.330212,-1.2252904989747095,1.8298197,1.6488535,-3.560915,20.461357,4.494515,45.54759,17.95848,1.43027,2.2068536,20.317581
51.0,Abaqulusi,ssp585,near-term_2021-2040,1.2007353,-0.70840734,-0.3726458,-0.1173274094326726,8.14134,0.2541711421410667,0.40520945220193344,15.325193,1.7776788,8.437253,1.0449871,2.0526853,5.123208,0.0959548710452032,-1.2371734,14.929869,-0.7348257006151744,0.8819949,0.69918495,-0.25214428,11.077832,1.3408749,18.692755,9.025851,0.58296216,0.8430274,7.370641
52.0,Nongoma,ssp126,far-term_2081-2100,0.5137458,-1.0417047,-0.2217896,-0.0051136363636363645,-8.898499,-0.6699921679198013,0.09078790726816999,3.7523155,0.6788869,4.0190926,0.5569223,0.865438,1.9654102,0.021031043816462924,-3.3498552,25.62283,-0.038011363636363635,0.7104883,1.118525,-0.14702058,15.173945,3.1040342,40.95603,11.083007,0.37456226,1.819622,11.916573
52.0,Nongoma,ssp126,mid-term_2041-2060,1.2618699,-1.2379546,-0.09241438,-0.0038636363636363642,-0.24163818,-0.40499216791980075,0.1545379072681703,8.008009,0.93831015,6.5584464,0.80152607,1.6651235,2.835909,0.053394558357596766,-3.3381453,24.828602,-0.038636363636363635,0.73375034,1.0368109,0.041728497,13.90711,2.7527843,36.635414,10.115138,0.2924366,1.7716455,9.149467
52.0,Nongoma,ssp126,near-term_2021-2040,0.49874783,-0.71857953,-0.10366416,-0.0051136363636363645,11.549149,-0.23749216791979766,0.16203790726817013,10.711458,1.133853,6.341033,0.75652325,1.3343167,4.107582,0.08387397960832743,-1.9628913,19.884151,-0.037386363636363634,0.36675584,0.76253414,1.8004081,11.091339,1.8277841,25.760414,6.7830954,-0.046080112,1.294591,6.552099
52.0,Nongoma,ssp245,far-term_2081-2100,1.4659772,-2.009091,0.023746967,-0.0051136363636363645,0.27990723,0.015632832080202164,0.2824248120300755,13.686007,1.6805058,8.215053,1.0302993,2.1126904,3.1224155,0.11982277881777059,-6.0929527,35.32451,-0.04715909090909091,2.0266573,1.9247041,-5.0016375,23.274448,5.506908,76.03209,21.151478,1.6917324,2.2661963,25.283144
52.0,Nongoma,ssp245,mid-term_2041-2060,0.5933566,-1.5289774,-0.32446718,-0.0051136363636363645,-8.59874,-0.34448621553884795,0.09194862155388472,7.4340878,1.1264105,7.0851507,0.9501856,1.8875546,3.9984665,0.05357774595039144,-3.6070914,22.4132,-0.04261363636363637,1.2586551,1.1230512,-2.4495,15.830009,2.4926138,47.726322,14.006581,1.042767,1.4386902,12.828571
52.0,Nongoma,ssp245,near-term_2021-2040,1.0812459,-0.5364233,-0.07991409,-0.00340909090909091,-9.149582,-0.7381171679198042,0.20953790726817045,6.9806976,1.1230392,2.9753613,0.46504927,1.3374228,1.5088501,0.03822027542211437,-0.65290904,12.566664,-0.03125,0.6163776,0.5804992,-0.0048418045,9.671867,0.958021,25.0434,7.7391148,0.5004325,0.67626476,5.31698
52.0,Nongoma,ssp370,far-term_2081-2100,2.5356212,-2.308649,0.1772244,-0.0051136363636363645,-14.186569,-0.42581453634085165,0.3414786967418546,15.544603,2.138229,9.262972,1.2373035,2.1180644,4.320801,0.13558979014204087,-8.654928,59.587234,-0.05113636363636364,3.2455692,3.4324937,-6.254273,34.11818,13.615214,109.9618,27.138542,2.0804982,4.527569,50.65853
52.0,Nongoma,ssp370,mid-term_2041-2060,1.5066733,-1.9565656,-0.44909167,-0.0051136363636363645,-17.14392,-1.102788220551381,0.35661027568922266,10.95318,1.7370534,6.537467,0.91506004,2.1813416,3.7037067,0.0855062352537761,-5.678362,34.126183,-0.05113636363636364,1.5431219,1.5741053,-1.7943566,18.248606,4.4568815,52.4368,14.293809,0.6963706,2.3215418,15.418255
52.0,Nongoma,ssp370,near-term_2021-2040,2.3408833,-1.1482325,-0.06488109,-0.0051136363636363645,-13.219055,-0.6113408521303265,0.04937343358395985,4.2823334,0.7579684,2.0469284,0.32224268,0.23015976,1.7415924,0.01782434642403885,-2.546352,21.670233,-0.0504419191919192,0.75360096,0.8981509,1.32305,11.692247,2.1506314,28.05555,7.6181145,0.07879925,1.2959089,7.25367
52.0,Nongoma,ssp585,far-term_2081-2100,1.4665747,-2.272159,-0.10958648,-0.0051136363636363645,-0.96481323,0.009085213032581585,0.8865914786967412,31.81207,3.9498677,17.312613,2.170405,3.7962441,7.22801,0.21742299462620163,-8.939485,62.59497,-0.05113636363636364,4.045508,3.877882,-8.023121,42.433567,17.034658,139.57404,33.565533,3.2195082,4.7932444,81.56488
52.0,Nongoma,ssp585,mid-term_2041-2060,0.47371626,-1.8903409,0.32374668,-0.0051136363636363645,1.8402405,0.15491854636591285,0.3151629072681701,11.396547,1.3353024,6.699606,0.85052276,1.9749722,3.6517334,0.10301994860607366,-5.35277,30.640562,-0.04829545454545455,1.8059331,1.6082668,-3.8026338,20.09244,4.3611245,63.724827,17.84245,1.3933897,1.9532099,18.81607
52.0,Nongoma,ssp585,near-term_2021-2040,0.84931135,-0.88788867,-0.34113455,-0.0005681818181818184,-1.2637482,-0.30520050125313514,0.2514724310776938,11.863066,1.5020452,6.7415705,0.8528762,1.6631846,4.283888,0.08767855816905223,-1.4971871,15.020216,-0.03522727272727273,0.84198296,0.6910286,-0.4548335,10.930036,1.3277214,29.334272,8.86971,0.6037874,0.752223,6.5327377
53.0,Ulundi,ssp126,far-term_2081-2100,0.75469816,-1.1661817,-0.116837695,-0.01731818181818182,-2.6233153,-0.2953583959899767,0.15337719298245575,5.8668413,0.7504999,6.381264,0.7802036,0.64423025,1.8981003,0.043540013234796685,-3.1806076,24.952023,-0.14295454545454545,0.6595448,0.9985325,-0.29518986,15.257638,2.9377728,33.198475,11.401205,0.4561697,1.7402366,11.21599
53.0,Ulundi,ssp126,mid-term_2041-2060,0.61970025,-1.2816818,0.11066208,-0.01731818181818182,4.3820434,-0.19985839598997615,0.27987719298245606,10.607831,1.1320572,6.464808,0.7346846,1.3124523,2.4338531,0.06271975727821352,-3.1699252,24.09384,-0.15395454545454543,0.6646711,0.9351681,-0.15423584,13.908208,2.6277726,29.494967,10.431676,0.37364426,1.6313903,8.1133585
53.0,Ulundi,ssp126,near-term_2021-2040,0.032702636,-0.5631818,0.040662576,-0.01831818181818182,14.22583,-0.15035839598997852,0.19287719298245554,11.121305,1.1083559,6.9589486,0.7888903,1.0097164,3.5637512,0.0668956353738512,-1.6210835,18.894646,-0.11295454545454546,0.30213156,0.6479294,1.5988884,11.140341,1.7412727,20.684965,6.9570756,0.062633514,1.2066147,6.2880955
53.0,Ulundi,ssp245,far-term_2081-2100,0.54213107,-2.1068182,0.25944787,-0.025,8.91731,0.32092731829573895,0.399924812030075,14.480474,1.5315883,8.563103,0.96490014,1.4816624,2.7598388,0.10349316519353788,-6.0112534,35.916912,-0.21954545454545454,1.9489625,1.9465786,-4.8176646,23.968754,5.661316,62.75605,21.188637,1.6850936,2.3692803,25.440952
53.0,Ulundi,ssp245,mid-term_2041-2060,0.3111763,-1.4890908,-0.15055199,-0.02090909090909091,-3.9673219,-0.2947869674185476,0.16230576441102712,8.426967,1.0910475,6.299027,0.78141594,1.2822475,3.559337,0.03963971626565534,-3.5529428,22.748714,-0.18181818181818182,1.2322371,1.1384304,-2.3386326,16.231518,2.5627275,37.06715,13.901418,1.0391324,1.4631096,12.295238
53.0,Ulundi,ssp245,near-term_2021-2040,0.9132015,-0.54172236,-0.15283795,-0.019090909090909092,-4.9789915,-0.5148583959899753,0.2878771929824556,10.397102,1.4045194,3.5198753,0.48488322,1.0731732,1.360707,0.04208338209770037,-0.6118204,12.692043,-0.12531100478468898,0.58663887,0.5768879,0.13504677,9.868187,1.0080595,18.443512,7.742106,0.4801956,0.7207039,5.4184456
53.0,Ulundi,ssp370,far-term_2081-2100,1.3638604,-2.4031818,0.34042567,-0.026818181818181814,-7.960083,-0.3412531328320824,0.3803508771929822,16.019585,1.951444,9.698378,1.1992877,1.9375973,3.3932464,0.11150267751093583,-8.584399,59.834263,-0.24323232323232324,3.124487,3.3442814,-6.22209,34.90178,14.268939,99.296745,27.272434,2.178661,4.3374453,51.124763
53.0,Ulundi,ssp370,mid-term_2041-2060,1.4959648,-1.9404039,-0.11115341,-0.025707070707070706,-13.126318,-0.9380952380952386,0.34456140350877185,12.91548,1.807596,7.793233,1.0161877,1.9324596,3.6123688,0.06088588647816451,-5.4929695,33.903625,-0.21656565656565654,1.4318664,1.4774326,-1.7981461,18.565584,4.513384,42.84008,14.642169,0.75356424,2.1206107,14.898651
53.0,Ulundi,ssp370,near-term_2021-2040,2.3743882,-1.071515,-0.021679878,-0.025707070707070706,-12.784729,-0.6754636591478693,0.13245614035087677,3.8938248,0.6613075,1.5578804,0.25015482,0.12886353,1.0492401,-0.00839849980295817,-2.3426855,21.005272,-0.1826767676767676,0.6700877,0.79721755,1.1459386,11.61099,2.060606,22.127861,7.7690973,0.1910841,1.1597564,6.474206
53.0,Ulundi,ssp585,far-term_2081-2100,-0.54406244,-2.3977273,0.066114426,-0.026818181818181814,8.613501,0.1285463659147858,0.8980200501253129,30.295048,3.3727133,16.580538,1.9004538,3.3321674,5.623164,0.17012541217227461,-8.943237,63.56767,-0.2436363636363636,3.9583113,3.9019203,-7.902322,43.349567,18.127274,130.23943,33.45722,3.2443635,4.826743,82.05286
53.0,Ulundi,ssp585,mid-term_2041-2060,0.2530819,-1.8986363,0.63040084,-0.025,8.43147,0.32045112781954616,0.4208771929824562,12.340139,1.2724413,6.7906694,0.7668239,1.6193203,3.078682,0.09656049300640586,-5.310109,31.283104,-0.2081818181818181,1.7595646,1.6445401,-3.6448004,20.646973,4.58445,51.748394,17.859629,1.3882993,2.0348656,18.762857
53.0,Ulundi,ssp585,near-term_2021-2040,0.74784356,-0.7463397,-0.1734089,-0.012272727272727272,4.32417,-0.01669172932330909,0.389924812030075,13.589781,1.5640125,7.2780485,0.85145247,1.993069,3.9067245,0.0803323233993483,-1.4876626,15.411671,-0.11885167464114829,0.8466865,0.6985504,-0.383601,11.156034,1.3539474,21.873966,8.901802,0.5963043,0.8148796,6.1538095
54.0,Umhlabuyalingana,ssp126,far-term_2081-2100,1.0279238,-1.2374241,-0.58686787,0.0,-16.91143,-0.7754030910609847,0.13676622110832637,8.084629,1.2902436,4.3243213,0.5818136,0.7570203,2.6174173,0.06681641198805771,-3.72472,30.961796,-0.0002525252525252526,0.38738367,2.0703073,2.027775,17.527433,5.0779037,42.009537,10.492224,-0.39727762,2.8226717,16.919884
54.0,Umhlabuyalingana,ssp126,mid-term_2041-2060,1.4362575,-1.2427019,-0.19131184,0.0,-11.613397,-0.8979030910609845,0.11232177666388202,10.896704,1.4967436,8.6327915,1.0831906,2.0302033,4.5493,0.06588238611317315,-3.743398,30.094606,-0.0002525252525252526,0.499922,1.9759799,2.11025,16.749243,4.7876263,39.323143,9.874012,-0.47321448,2.8854666,14.619884
54.0,Umhlabuyalingana,ssp126,near-term_2021-2040,1.3643112,-0.63853526,-0.3313124,0.0,7.8257446,-0.0934586466165403,0.08732177666388186,10.092395,1.1659802,8.724682,1.0393933,1.4657023,5.1033936,0.13192853695421825,-2.3637238,25.372686,-0.0002525252525252526,0.16198127,1.6789237,4.020155,13.658818,3.659293,28.125648,6.5802145,-0.7519665,2.2076023,11.074561
54.0,Umhlabuyalingana,ssp245,far-term_2081-2100,3.6870244,-1.9835858,-0.34926203,0.0,-17.377007,-0.5244639376218312,0.3678641047062101,17.107914,2.386552,11.657292,1.5053989,2.158824,4.678956,0.18534374804223053,-6.7693357,37.312637,-0.0002525252525252526,1.9347112,1.9446343,-6.0045834,24.787779,6.8762493,79.415825,23.557018,1.7155234,2.16094,31.437595
54.0,Umhlabuyalingana,ssp245,mid-term_2041-2060,1.1685064,-1.6719695,-0.6497913,0.0,-17.653395,-0.8863686995265923,0.17315510999721473,11.249248,1.6637645,8.856688,1.1511986,1.6856408,3.5547206,0.07014064979756333,-4.3014092,23.576143,-0.0002525252525252526,1.2356578,1.203385,-3.3332658,16.641153,3.1694446,51.916374,15.593158,1.0516458,1.4311082,15.222863
54.0,Umhlabuyalingana,ssp245,near-term_2021-2040,0.9704223,-0.64134765,-0.35103437,0.0,-15.818353,-1.0440142021720942,-0.026567112225006923,5.567301,0.9849739,5.076788,0.7113937,1.133109,2.1573563,0.05197442278085212,-1.272065,13.277741,0.0005050505050505052,0.64346737,0.6527714,-0.6259763,10.145725,1.2892197,28.495693,8.743251,0.54850644,0.67811626,6.4970202
54.0,Umhlabuyalingana,ssp370,far-term_2081-2100,4.359679,-2.258165,-0.47697005,0.0,-30.420322,-0.96065162907268,0.6316346421609575,26.411987,3.6571636,16.764177,2.1620014,2.947481,6.0953293,0.22929918780167607,-8.751005,62.44409,-0.0002525252525252526,2.7283995,4.185729,-5.6110854,37.267616,16.547503,107.17,27.791851,1.2694713,5.504007,63.94592
54.0,Umhlabuyalingana,ssp370,mid-term_2041-2060,2.5374548,-1.8325477,-0.82667804,0.0,-26.274855,-1.226148705096072,0.2328042328042327,12.053951,1.9894991,8.832559,1.2292879,1.688943,3.5337727,0.13247954373770318,-5.682541,38.183105,-0.0002525252525252526,1.1108066,2.4373958,-0.22117127,21.120243,6.770651,55.853027,14.341454,-0.10245238,3.4954898,22.441294
54.0,Umhlabuyalingana,ssp370,near-term_2021-2040,2.070496,-0.96557236,-0.3600111,0.0,-13.988139,-0.7477861319966554,0.23134224450013985,12.637442,1.703468,8.572757,1.0574226,0.96505165,4.605278,0.08236755071760676,-2.537671,26.189257,-0.0002525252525252526,0.45684052,1.687478,3.5173914,14.489731,3.805219,30.995918,7.3245115,-0.70255977,2.3859875,11.858269
54.0,Umhlabuyalingana,ssp585,far-term_2081-2100,4.9637423,-2.2603536,-0.6201615,0.0,-21.96647,-0.7498607630186582,1.0892926761347814,39.853046,5.1349697,24.674387,3.036037,4.295866,11.240264,0.35574715325612366,-9.234103,64.41326,-0.0002525252525252526,3.7383223,3.7596622,-8.764801,45.597633,18.38889,134.18558,36.625347,3.1787581,4.499839,100.53424
54.0,Umhlabuyalingana,ssp585,mid-term_2041-2060,2.0290864,-1.860101,-0.35905042,0.0,-12.371602,-0.2741993873572805,0.46468950153160665,15.328274,2.0177383,9.906481,1.2217387,2.0388994,3.935235,0.16111221879397608,-5.8591075,31.39442,-0.0002525252525252526,1.6070411,1.6179943,-4.7436786,21.10301,5.0828547,66.89653,19.88338,1.3898375,1.8320991,22.695614
54.0,Umhlabuyalingana,ssp585,near-term_2021-2040,1.3748546,-0.9058745,-0.43868002,0.0,-11.794163,-0.7241993873572837,-0.03134224450013913,5.6679025,0.8974109,6.7193584,0.86770856,1.0143695,3.831798,0.050717898395871056,-1.8872538,15.11079,-0.0002525252525252526,0.7609427,0.69256634,-1.0717384,11.142872,1.6364301,31.724709,9.664301,0.6389226,0.7528937,8.008313
55.0,Jozini,ssp126,far-term_2081-2100,1.4240383,-1.1777273,-0.60380536,-0.0009090909090909092,-11.408862,-0.37738721804511216,0.1118872180451124,4.876622,0.9354042,4.9939704,0.7251984,0.7884758,2.3132904,0.04187092430994355,-3.5704088,27.040861,-0.005227272727272728,0.6151376,1.4134674,0.31516916,15.685319,3.5286794,40.54406,10.803156,0.17983055,2.1257157,14.027595
55.0,Jozini,ssp126,mid-term_2041-2060,1.2995361,-1.3042274,-0.33730584,-0.0009090909090909092,-4.218152,-0.36438721804511187,0.16488721804511278,9.042569,1.2402359,8.535536,1.1296332,1.8135029,3.8317657,0.0550694263568845,-3.677568,26.3035,-0.0037272727272727275,0.70468396,1.292984,0.5083641,14.57539,3.2506795,36.697063,10.011107,0.10123215,2.1423676,11.311278
55.0,Jozini,ssp126,near-term_2021-2040,1.2065392,-0.8532274,-0.27680588,-0.0009090909090909092,10.814367,0.04661278195488663,0.17888721804511273,9.1853485,1.054896,8.665657,1.1164823,1.4585888,4.954608,0.09553251169300339,-2.3494976,21.55095,-0.0047272727272727275,0.3207181,1.0463474,2.2811275,11.568397,2.2781796,25.83906,6.690422,-0.22476883,1.5343812,8.121804
55.0,Jozini,ssp245,far-term_2081-2100,3.0707526,-1.9690909,-0.2642103,-0.0009090909090909092,-6.470679,0.03749373433584111,0.39107769423558914,15.235105,2.1590967,10.30783,1.3932596,2.231196,4.305609,0.15723737887910402,-6.369617,35.885357,-0.006818181818181818,2.0529156,1.94333,-5.3901424,23.466389,5.9991384,76.53391,21.945332,1.7299271,2.2200043,27.620049
55.0,Jozini,ssp245,mid-term_2041-2060,1.1374203,-1.6095455,-0.60563946,-0.0009090909090909092,-11.124487,-0.191553884711778,0.13726817042606515,8.409073,1.3687359,8.650442,1.225797,1.82253,3.9142976,0.05893186175379146,-3.9335032,22.727062,-0.007272727272727273,1.2729418,1.1637561,-2.7735195,15.975584,2.7172248,50.188248,14.482558,1.0585896,1.4381768,14.135589
55.0,Jozini,ssp245,near-term_2021-2040,1.3010395,-0.5385646,-0.3283062,0.0,-10.697937,-0.5013872180451144,0.04288721804511262,4.9117737,0.8920925,5.5905375,0.82758874,1.1255004,1.7409652,0.049728082710275776,-0.9515417,12.810326,-0.0031818181818181815,0.64974785,0.6207954,-0.22948666,9.755823,1.0877485,27.443274,8.059721,0.5420513,0.6840927,5.963058
55.0,Jozini,ssp370,far-term_2081-2100,3.8539875,-2.250505,-0.2286211,-0.0009090909090909092,-17.99121,-0.24067669172932113,0.6012030075187969,21.76277,3.1919196,13.539561,1.9054985,2.6173635,5.743268,0.18994444534974217,-8.743025,60.540558,-0.007727272727272727,3.1870396,3.6320891,-6.2212777,34.7236,14.284346,103.423935,27.50341,1.8845783,4.8692117,55.41432
55.0,Jozini,ssp370,mid-term_2041-2060,2.1155648,-1.9182829,-0.78704226,-0.0009090909090909092,-19.43341,-0.8017293233082718,0.30541353383458636,10.964304,1.9069439,8.209603,1.2164925,1.8104236,3.6653533,0.10242639623508368,-5.8294687,35.31316,-0.007727272727272727,1.4645282,1.8198922,-1.5381161,18.84365,4.965457,52.662285,14.315615,0.51964223,2.7292466,18.077652
55.0,Jozini,ssp370,near-term_2021-2040,2.5397754,-1.0921718,-0.22388534,-0.0009090909090909092,-10.570666,-0.3338345864661655,0.2012030075187968,8.549986,1.2848402,6.117735,0.83592904,0.5586052,3.6242096,0.05990968597014259,-2.7181602,23.060894,-0.007727272727272727,0.70581704,1.104393,1.804361,12.297883,2.4876795,28.166168,7.391965,-0.12067566,1.6265914,8.690986
55.0,Jozini,ssp585,far-term_2081-2100,3.8340867,-2.2322729,-0.34849644,-0.0009090909090909092,-6.9391723,0.27654135338346036,0.945363408521304,35.759033,4.835476,23.390455,3.0940094,3.9769006,10.098196,0.30389773475567894,-9.060562,62.815388,-0.006818181818181818,4.0059495,3.84228,-8.327304,42.940033,17.099045,128.83916,34.60466,3.236898,4.7759285,87.36463
55.0,Jozini,ssp585,mid-term_2041-2060,1.3578956,-1.7936364,-0.20706825,-0.0009090909090909092,-2.3881958,0.3427318295739347,0.4529824561403508,13.034475,1.7354101,9.3193655,1.2374098,1.9838676,4.309259,0.14028688993731428,-5.563716,30.587664,-0.007272727272727273,1.7293751,1.6094463,-4.159438,20.130882,4.4439955,64.430435,18.455654,1.3992805,1.9035141,20.113684
55.0,Jozini,ssp585,near-term_2021-2040,0.9893238,-0.84976083,-0.5332581,-0.0009090909090909092,-4.770459,-0.32536340852130224,0.10488721804511307,6.8109145,0.9973669,8.034531,1.0822904,1.1763916,4.3498564,0.062287768397991175,-1.6863928,14.886369,0.0013636363636363627,0.8019527,0.6775249,-0.63687265,10.880971,1.419689,30.820965,9.0324135,0.65215456,0.74109113,7.219875
56.0,Mtubatuba,ssp126,far-term_2081-2100,0.74323416,-0.8807386,-0.2999363,0.0,-21.598923,-1.1494674185463696,0.040065789473684,4.419895,0.78453517,3.8881083,0.47883314,0.923851,1.6733208,0.01618158032697803,-3.4754992,31.814571,0.0,0.33135653,2.151229,2.1550741,18.095345,5.479258,44.483067,10.487165,-0.36528778,2.7200375,15.5373745
56.0,Mtubatuba,ssp126,mid-term_2041-2060,1.0001106,-0.78573865,0.076313496,0.0,-6.9121246,-0.7013424185463712,0.11506578947368395,11.014019,1.1408355,8.398175,0.8239184,2.37681,5.4781437,0.07269863494961593,-3.33221,30.82784,0.0,0.3304479,2.0990314,2.2609496,16.964165,5.033633,40.85932,9.728034,-0.47153664,2.7472115,12.578821
56.0,Mtubatuba,ssp126,near-term_2021-2040,0.3757348,-0.115113765,0.033813715,0.0,6.087616,-0.2838424185463717,0.030690789473683644,9.316086,0.8511851,7.8623857,0.7651344,1.8815527,4.5247116,0.08412201132559849,-1.7522837,25.721895,0.0,0.030415535,1.7775836,4.3661494,14.106913,3.7030087,30.268698,6.2992535,-0.75503016,2.2368937,9.902507
56.0,Mtubatuba,ssp245,far-term_2081-2100,1.2605562,-1.9011364,-0.18562007,0.0,-14.700607,-0.5560150375939896,0.3471491228070165,16.86652,1.8692677,10.788562,1.1021678,2.4663162,3.2623577,0.1344304810196948,-6.7415724,37.43048,0.0,1.7850869,1.847712,-5.768032,25.304996,6.896561,78.06313,23.137638,1.6078396,2.0729284,29.60943
56.0,Mtubatuba,ssp245,mid-term_2041-2060,0.3754382,-1.4585228,-0.41657257,0.0,-19.60785,-0.7750626566416061,0.16917293233082709,10.250862,1.3105562,6.656744,0.7349135,2.205782,3.9970207,0.06246648506119956,-4.167682,23.377764,0.0,1.0431063,1.1089454,-3.0722039,16.857498,3.1226673,48.17846,15.118204,0.9699955,1.3185215,13.899218
56.0,Mtubatuba,ssp245,near-term_2021-2040,0.26011133,-0.33770937,-0.0036866665,0.0,-19.212982,-1.1369674185463703,0.024440789473684443,4.5382805,0.7488463,2.1815147,0.310026,1.6318283,0.46037292,0.0065550280505255465,-1.0735888,13.201732,0.0,0.5369928,0.5934582,-0.4384601,10.211187,1.2709563,25.3808,8.435922,0.48537397,0.6471939,5.6976824
56.0,Mtubatuba,ssp370,far-term_2081-2100,2.2115903,-2.1967804,-0.13746953,0.0,-36.973404,-1.3145989974937402,0.4118421052631578,16.938297,2.1749089,10.017691,1.1326013,2.218091,4.21179,0.11629980365340575,-8.592453,62.583202,0.0,2.321861,4.2702465,-5.438965,37.457466,17.247036,115.59148,27.22362,1.1882524,5.1494274,60.638107
56.0,Mtubatuba,ssp370,mid-term_2041-2060,1.020144,-1.3808081,-0.42365384,0.0,-31.395615,-1.646835839598996,0.06710526315789367,8.587433,1.3261225,8.123476,0.9474656,2.0884,3.6345997,0.0711333497125497,-5.2387214,38.523678,0.0,0.8408966,2.5392532,0.149755,21.43312,7.2748137,57.092167,13.795327,-0.13803387,3.197319,20.077688
56.0,Mtubatuba,ssp370,near-term_2021-2040,0.8964586,-0.5266415,0.10726714,0.0,-21.792267,-1.1580200501253168,0.08421052631578863,7.3960648,1.0094192,5.284981,0.589163,0.82132053,2.7767525,0.01937062321786609,-2.0199974,26.582443,0.0,0.2324388,1.8366456,3.739289,14.869837,4.0074525,33.292862,7.3029385,-0.6557636,2.2887592,10.635328
56.0,Mtubatuba,ssp585,far-term_2081-2100,2.1176996,-2.2051136,-0.107049465,0.0,-23.871155,-0.9429197994987506,0.794768170426065,34.419888,3.6610696,22.432173,2.2618554,4.8529844,8.058428,0.22530675207752804,-9.322632,65.43556,0.0,3.520639,3.6728773,-8.706757,46.248726,19.511873,146.03415,36.231407,3.0495358,4.226756,97.15576
56.0,Mtubatuba,ssp585,mid-term_2041-2060,0.65877104,-1.6386364,0.11556935,0.0,-13.520874,-0.32922932330827237,0.35369674185463684,11.409771,1.2839897,7.4018116,0.7820862,2.0825872,4.2406254,0.10404166305910367,-5.826642,32.058365,0.0,1.5112379,1.5562687,-4.4664545,21.688175,5.380682,65.092255,19.4772,1.3073802,1.7645121,21.031359
56.0,Mtubatuba,ssp585,near-term_2021-2040,0.62543726,-0.6408793,-0.29990625,0.0,-13.470718,-0.8566102756892251,0.08405388471177866,7.0406723,0.88637424,7.167118,0.7419326,1.9883337,3.086296,0.042028589816653694,-1.8420272,15.270547,0.0,0.66657066,0.6864753,-0.8767102,11.324323,1.6112738,29.027905,9.463646,0.5715933,0.7474203,6.726002
57.0,uMlalazi,ssp126,far-term_2081-2100,0.4623909,-1.2935606,0.12504895,0.0,-7.821859,-0.8407894736842086,0.08930451127819605,6.6483054,0.7888072,6.089453,0.64524865,0.46224084,1.1687495,0.024361367010217627,-3.8683355,30.619684,-0.004393939393939394,0.59845906,1.691925,0.8212929,16.522402,4.1107574,38.01405,10.961652,0.09670893,2.1470058,11.624855
57.0,uMlalazi,ssp126,mid-term_2041-2060,0.56405765,-1.2735606,0.30088297,0.0008333333333333334,4.2447915,-0.13495614035087536,0.13763784461152895,9.722127,0.8712638,6.8339896,0.634522,1.2076263,2.5528793,0.06867159871751394,-3.8594513,29.592443,-0.0010606060606060605,0.5712123,1.648646,0.87799484,15.351672,3.6849241,34.086548,10.099868,-0.008342107,2.0178058,8.467835
57.0,uMlalazi,ssp126,near-term_2021-2040,-0.13427608,-0.5435607,0.19504897,0.0,12.164307,-0.188289473684204,0.04597117794486216,7.167257,0.5878296,5.7013564,0.5384608,0.613884,2.8063278,0.055584327426156044,-2.311828,23.867561,-0.004393939393939394,0.22502439,1.3324152,2.7023423,12.722609,2.614091,25.54405,6.693386,-0.29185262,1.6408539,6.9064326
57.0,uMlalazi,ssp245,far-term_2081-2100,0.2390569,-1.9878788,0.18036683,0.0,10.165996,0.20802005012531666,0.38767752715121134,15.723714,1.3804935,10.787777,0.9936394,1.4514122,2.5917027,0.13580416277496857,-6.41994,37.03265,-0.006060606060606061,1.77643,1.9167156,-5.02337,24.636063,6.12823,67.61607,21.600737,1.6215624,2.1904118,24.396742
57.0,uMlalazi,ssp245,mid-term_2041-2060,-0.05935669,-1.4507576,0.012907028,0.0,-7.9160767,-0.4634085213032577,0.05196324143692591,6.73939,0.78584546,6.5783324,0.68151784,0.6521161,2.7105052,0.05230992415769394,-3.8912838,23.2291,-0.003787878787878788,1.1258818,1.1550598,-2.512781,16.497766,2.7977276,39.164265,14.065175,1.0222238,1.3263842,11.402381
57.0,uMlalazi,ssp245,near-term_2021-2040,0.4098886,-0.5637559,-0.17661698,0.0,-9.288208,-1.1216228070175482,0.18263784461152857,7.209381,0.887516,4.800257,0.5450895,0.8517392,0.6220093,0.037281794584158,-0.89238137,13.012351,-0.004545454545454545,0.5299743,0.5692546,-0.028271357,10.113212,1.0721779,19.394135,7.917946,0.48909506,0.65609866,4.6939015
57.0,uMlalazi,ssp370,far-term_2081-2100,1.4232674,-2.2227273,0.21654098,0.0,-12.18512,-0.9535087719298238,0.464786967418546,20.27442,2.0839453,14.008141,1.4088191,2.03671,4.000328,0.10491229168145703,-8.668401,62.9009,-0.006060606060606061,2.707709,3.8635895,-5.727444,36.038815,16.100758,108.47951,26.769352,1.6723238,4.467031,50.660187
57.0,uMlalazi,ssp370,mid-term_2041-2060,0.9934438,-1.7384679,0.041101456,0.0,-18.289103,-1.4210526315789498,0.1375939849624054,11.820409,1.4594355,8.642597,0.9480328,1.6345724,3.4089534,0.05769246477040646,-5.6800847,38.312386,-0.006060606060606061,1.1550797,2.1447747,-0.7929509,20.08219,5.850757,48.564697,14.082005,0.32748604,2.472266,15.130554
57.0,uMlalazi,ssp370,near-term_2021-2040,1.5276546,-1.1375421,0.035838444,0.0,-15.880696,-0.9824561403508815,0.15513784461152813,5.336202,0.74189025,2.908699,0.35417295,0.03366216,1.2487539,-0.004729791953896445,-2.811001,25.655415,-0.006060606060606061,0.52421904,1.4415836,2.274196,13.249434,2.9535356,26.70821,7.5057664,-0.17956321,1.6312599,7.028703
57.0,uMlalazi,ssp585,far-term_2081-2100,0.39778772,-2.2227273,0.24465244,0.0,7.118551,-0.24832915622389487,0.8757727652464503,32.392567,3.0230503,19.445467,1.8449146,3.210392,5.055176,0.1926195194381298,-9.184472,64.99595,-0.006060606060606061,3.6181672,3.7775078,-8.162132,44.37967,19.40682,140.38548,34.051605,3.151521,4.3835297,82.81745
57.0,uMlalazi,ssp585,mid-term_2041-2060,0.21604092,-1.6772728,0.5335433,0.0,6.2441406,0.004845446950713021,0.30989974937343234,11.933833,1.048452,9.216011,0.87297016,1.8945236,3.5305989,0.08619897086870558,-5.619551,32.065598,-0.006060606060606061,1.5838393,1.6530279,-3.849971,21.085045,4.9868817,55.4555,18.129534,1.360597,1.904686,17.468252
57.0,uMlalazi,ssp585,near-term_2021-2040,-0.13475482,-0.8844498,0.058143932,0.0,0.23779297,-0.47293233082707076,0.2821219715956553,12.779465,1.2749084,7.770495,0.7625999,1.7821795,2.9166157,0.07197100769751419,-1.7335415,15.665423,0.003787878787878788,0.7173088,0.68093365,-0.5540288,11.328485,1.4903908,23.143822,9.032952,0.60194653,0.8032608,5.359524
58.0,Nkandla,ssp126,far-term_2081-2100,1.4518471,-1.0236363,0.12125349,-0.09284090909090906,2.280426,-0.25167606516290597,0.2215068922305754,8.183594,0.85731125,6.9254494,0.76636255,0.41971397,1.4635048,0.02988434457426381,-3.0868113,23.99722,-0.6504545454545452,0.6528185,0.9449167,-0.35989285,15.035683,2.7626138,21.413662,11.463003,0.5279751,1.6887703,10.716291
58.0,Nkandla,ssp126,mid-term_2041-2060,0.36934662,-1.1673864,0.22500134,-0.09534090909090906,8.872162,-0.06917606516290675,0.3015068922305755,11.005066,1.0290685,6.533169,0.66213953,0.9621601,2.0384865,0.0608634929282017,-3.123752,23.194437,-0.7429545454545454,0.646995,0.8774929,-0.2997012,13.626543,2.3101137,19.132412,10.461111,0.4431405,1.5575352,7.412343
58.0,Nkandla,ssp126,near-term_2021-2040,0.23934555,-0.43238658,0.1475029,-0.06909090909090906,16.927887,-0.13167606516290498,0.16150689223057602,10.68541,0.9491534,7.1809177,0.74104726,0.5639591,2.6906776,0.037867764356640965,-1.5605621,17.832813,-0.48545454545454536,0.27520353,0.5978546,1.4336467,11.004364,1.5451136,13.05491,6.963194,0.13954687,1.1518574,6.116291
58.0,Nkandla,ssp245,far-term_2081-2100,0.048807144,-1.8988638,0.3488717,-0.1409090909090909,18.44806,0.43195488721804765,0.5158521303258135,16.683014,1.5044312,9.856602,0.9720291,1.0958672,2.7412148,0.11460298771826283,-5.90943,35.547234,-1.0079545454545453,1.8769784,1.9758291,-4.6426315,23.983433,5.498026,40.79342,20.995174,1.6886592,2.414421,24.526878
58.0,Nkandla,ssp245,mid-term_2041-2060,0.5095196,-1.3011365,-0.17850924,-0.12159090909090907,0.4640503,-0.16804511278195733,0.24680451127819492,9.021004,0.9879308,6.0104885,0.66365206,0.43602753,2.497383,0.046479501399334655,-3.4679644,22.369183,-0.7670454545454546,1.1778061,1.1814032,-2.2088096,16.13861,2.5795455,22.768661,13.716484,1.0543098,1.4538937,11.757143
58.0,Nkandla,ssp245,near-term_2021-2040,1.2580948,-0.40998816,-0.20499659,-0.07721291866028707,-3.0488281,-0.8541760651629069,0.3352568922305754,10.277435,1.2490482,5.147791,0.62790143,0.6736107,0.94011307,0.04893843050658653,-0.5443888,12.485288,-0.48785885167464116,0.54221684,0.5690918,0.2087059,9.840546,0.99304223,10.6790085,7.637501,0.48472977,0.72097397,5.278697
58.0,Nkandla,ssp370,far-term_2081-2100,0.7394085,-2.2386365,0.28414774,-0.15909090909090906,-1.6404114,-0.4164786967418532,0.6132832080200488,21.233643,2.266621,11.749861,1.2967356,1.7542496,3.0529213,0.11343043892997162,-8.499067,59.107483,-1.2093434343434342,3.0554602,3.2796001,-6.1307144,34.857487,14.068308,72.97005,27.113144,2.251607,4.2547665,49.800793
58.0,Nkandla,ssp370,mid-term_2041-2060,1.9025631,-1.7469697,0.16046333,-0.15075757575757573,-10.224335,-0.8809523809523814,0.2948621553884698,13.054749,1.6382928,8.8936615,1.0656427,1.5330639,2.9690933,0.055385188778179106,-5.3535805,33.004314,-1.0204545454545455,1.396693,1.4361134,-1.7510443,18.49151,4.3099747,27.832554,14.548676,0.82871056,2.0542202,13.895238
58.0,Nkandla,ssp370,near-term_2021-2040,2.6144085,-1.0483588,-0.059273243,-0.13964646464646463,-12.072296,-0.6691102756892242,0.21065162907268098,5.6671753,0.79645014,2.194292,0.30226386,-0.087171555,0.5167923,-0.01617453234247135,-2.269981,20.14491,-0.7815656565656566,0.6503523,0.7482252,1.0275078,11.441013,1.919697,13.96033,7.7573605,0.2831893,1.0948067,6.2535715
58.0,Nkandla,ssp585,far-term_2081-2100,-1.2476158,-2.2318182,0.37863398,-0.15909090909090906,20.38675,0.3974310776942396,1.0087092731829563,33.986572,3.333015,18.474916,1.8995427,2.8851776,4.94553,0.19834778260826758,-8.889016,63.040993,-1.205681818181818,3.8963203,3.938178,-7.7607636,43.119797,18.159092,99.73911,33.13709,3.2944775,4.8463287,79.438095
58.0,Nkandla,ssp585,mid-term_2041-2060,0.040475845,-1.6852274,0.6155391,-0.13068181818181815,15.509155,0.4117167919799467,0.4944235588972421,14.953346,1.3428664,7.6434345,0.7615291,1.2926922,3.031021,0.08744049997248204,-5.2122116,31.034513,-0.9771531100478468,1.6821346,1.7023897,-3.5083807,20.644314,4.5622606,33.2808,17.643818,1.4128723,2.0918903,18.166668
58.0,Nkandla,ssp585,near-term_2021-2040,0.9892845,-0.6050241,-0.0023198128,-0.06692583732057414,8.527039,0.09981203007519035,0.4289473684210514,15.580132,1.6143475,8.426882,0.90359247,1.8791008,3.48497,0.08744230223240246,-1.460515,15.19172,-0.5681220095693779,0.8054339,0.6909027,-0.33517265,11.130064,1.329366,12.653888,8.780615,0.6319847,0.8372936,5.8238096
59.0,Mandeni,ssp126,far-term_2081-2100,0.7313442,-1.1774998,0.051110268,0.0,-12.027344,-1.0314661654135335,-0.11460526315789554,3.8870544,0.5545063,7.6890945,0.77934265,0.6322975,0.78523254,0.016290782552393246,-3.8618593,32.899883,0.0,0.45537186,2.036417,1.5486164,17.367397,4.911818,40.820988,10.665215,-0.12423134,2.3840446,11.936591
59.0,Mandeni,ssp126,mid-term_2041-2060,0.48634148,-1.275,0.20110989,0.0,1.6751709,-0.27396616541354035,-0.04960526315789604,6.9551697,0.59861374,6.208973,0.554955,1.0445023,1.8015518,0.054746352575999246,-3.831977,31.927109,0.0,0.43380928,1.9892616,1.5801105,16.154152,4.394318,36.67848,9.786148,-0.26309204,2.2545738,9.039222
59.0,Mandeni,ssp126,near-term_2021-2040,0.1738491,-0.47000003,0.04360771,0.0,10.410889,-0.25646616541354206,-0.16960526315789615,4.656555,0.33814335,5.047142,0.45486498,0.48663712,2.373085,0.04159927610452474,-2.2273035,26.039871,0.0,0.087924,1.6625214,3.4933052,13.571042,3.189318,27.980991,6.5456314,-0.5297966,1.911335,7.155012
59.0,Mandeni,ssp245,far-term_2081-2100,0.39599037,-1.9818182,0.19598961,0.0,7.3914795,0.04210526315789309,0.24837092731829546,14.855835,1.2874212,10.322857,0.91762066,1.7341614,2.0399246,0.1208209357286174,-6.553808,37.47862,0.0,1.6911097,1.8897896,-5.140542,24.901165,6.4063396,68.40849,21.826958,1.6110878,2.0947304,23.889223
59.0,Mandeni,ssp245,mid-term_2041-2060,-0.03258133,-1.5727272,0.06503868,0.0,-10.966309,-0.4459899749373477,-0.11353383458646693,4.1649017,0.55226517,4.9173126,0.5075941,0.22283936,1.6137161,0.044154206371028515,-4.0855227,23.448574,0.0,1.0573444,1.1509266,-2.5646663,16.538944,2.8818183,39.21507,14.239616,1.011692,1.2784462,10.938096
59.0,Mandeni,ssp245,near-term_2021-2040,0.0488472,-0.4287082,-0.31389046,0.0,-11.443115,-1.206466165413545,0.05039473684210538,6.3186035,0.7900753,4.5713844,0.5061455,0.8822136,-0.0026931763,0.026389279767942142,-1.0046825,13.153083,0.0,0.4944849,0.56378746,-0.065193176,10.099654,1.1025119,19.209934,7.9837875,0.50024986,0.6447754,4.4144106
59.0,Mandeni,ssp370,far-term_2081-2100,1.7204247,-2.175,0.2541361,0.0,-15.580322,-1.1890977443609074,0.2631578947368407,19.75502,1.9959059,16.62696,1.6052127,2.3116798,4.0910187,0.0934902681982388,-8.550854,63.211975,0.0,2.379364,4.120043,-5.356911,36.668007,16.987377,112.39212,26.494804,1.3903065,4.609028,50.705154
59.0,Mandeni,ssp370,mid-term_2041-2060,0.7625332,-1.6222222,-0.05638981,0.0,-20.058105,-1.473308270676693,-0.021052631578948322,10.535873,1.299262,8.719772,0.91981125,1.6606674,3.3371658,0.04043639211589323,-5.4394875,39.473995,0.0,0.9241228,2.47855,-0.12539482,20.898193,6.656818,51.33932,13.7453,0.05370903,2.7042236,15.505159
59.0,Mandeni,ssp370,near-term_2021-2040,1.1625309,-1.0138887,-0.11691666,0.0,-17.28833,-1.1522556390977456,0.00526315789473486,4.458969,0.6569071,3.7492409,0.42133093,0.07983017,1.1151428,-0.004459389567173844,-2.5316157,27.219654,0.0,0.3283348,1.751833,3.0776567,14.195796,3.4595957,29.355991,7.2940865,-0.44306564,1.9412956,7.4134912
59.0,Mandeni,ssp585,far-term_2081-2100,0.7983742,-2.175,0.4078951,0.0,2.7834473,-0.37694235588972447,0.5864661654135332,29.54953,2.7034025,18.135525,1.6640596,2.977501,4.412468,0.1780195470206971,-9.293636,65.533905,0.0,3.4228096,3.7029362,-8.282921,44.885983,19.959091,143.8037,34.435074,3.1078224,4.1802597,83.38809
59.0,Mandeni,ssp585,mid-term_2041-2060,0.2602768,-1.6568182,0.6888485,0.0,2.598999,-0.24598997493735197,0.16979949874686628,9.233154,0.80119705,9.33569,0.8582406,1.8783684,3.068901,0.07051947878473896,-5.7109847,32.22269,0.0,1.4838543,1.64048,-3.9398193,21.217918,5.1744013,56.11063,18.320122,1.340908,1.8255844,17.264286
59.0,Mandeni,ssp585,near-term_2021-2040,0.017414093,-0.7355263,0.024561882,0.0,-3.539795,-0.4578947368421069,0.20789473684210336,11.473236,1.13768,6.820881,0.65814066,1.5346451,2.1407547,0.06494499059544623,-1.8169088,15.702281,0.0,0.6246567,0.6868839,-0.59446144,11.449801,1.6004785,23.326435,9.066429,0.5866451,0.79516983,5.228572
61.0,Ndwedwe,ssp126,far-term_2081-2100,0.8176842,-1.2593186,0.3216734,0.0,-8.22644,-0.7671052631578945,-0.02719298245613988,4.296997,0.53327465,7.00679,0.70644665,0.7094879,0.6724472,0.012449948950667533,-3.7145767,31.322144,0.0,0.4270506,1.9587955,1.4115162,16.863907,4.465228,35.853474,10.506191,-0.0802784,2.288395,11.003134
61.0,Ndwedwe,ssp126,mid-term_2041-2060,0.15268707,-1.1718186,0.3766737,0.0,1.6335449,-0.15210526315789608,0.0003070175438590894,6.9580383,0.60494804,4.517666,0.41254568,0.18300629,0.37737274,0.03958170342554457,-3.7298117,30.518559,0.0025,0.4361415,1.9228382,1.4375715,15.727335,4.1002274,32.62849,9.688858,-0.20237541,2.175087,8.379449
61.0,Ndwedwe,ssp126,near-term_2021-2040,0.027687073,-0.66431856,0.369174,0.0,10.754395,-0.02460526315789835,-0.16719298245614045,3.1459198,0.15852356,5.200485,0.4514699,0.050296783,1.4459686,0.02526085057084604,-2.1834798,24.844353,0.0,0.08688307,1.5849228,3.3034353,13.044323,2.9177272,24.468487,6.4449883,-0.4741726,1.8557854,6.6847115
61.0,Ndwedwe,ssp245,far-term_2081-2100,0.14185143,-2.0977275,0.45965004,0.0,11.477539,0.14360902255638308,0.3823308270676691,13.978455,1.1482,9.510437,0.8297639,1.4907608,1.4633331,0.10153440195391905,-6.439865,36.464752,0.0,1.6304226,1.9133339,-4.9791713,24.148235,5.9616027,58.85348,21.261898,1.6174831,2.0966682,22.132708
61.0,Ndwedwe,ssp245,mid-term_2041-2060,0.22756195,-1.6750004,0.083459854,0.0,-8.449951,-0.40162907268170756,-0.09147869674185394,3.9594116,0.4933586,4.9812965,0.5041857,-0.29881287,0.114746094,0.03827545530785059,-3.9224062,22.80291,0.002272727272727273,0.9919777,1.1693707,-2.4202442,16.129173,2.7977273,33.340076,13.809246,1.0295868,1.2914658,10.399249
61.0,Ndwedwe,ssp245,near-term_2021-2040,0.12018585,-0.3250004,0.15667343,0.0,-10.077637,-0.8896052631579003,-0.02469298245613949,4.774597,0.62871933,5.068943,0.55422306,0.5693054,-0.7794037,0.004253792907851661,-0.9205141,12.668525,0.0,0.45010185,0.54862785,-0.015486717,9.796038,1.0635434,15.512562,7.6439705,0.51898575,0.64839554,4.2533836
61.0,Ndwedwe,ssp370,far-term_2081-2100,1.283081,-2.2568185,0.41391182,0.0,-12.918762,-1.0105263157894768,0.222807017543861,17.616669,1.7774935,15.726559,1.542078,2.0053368,3.4887314,0.07373434299007986,-8.525654,62.12368,0.0,2.3729725,4.0789337,-5.3304076,35.97919,16.43106,103.35318,26.217075,1.4752426,4.5163,47.481792
61.0,Ndwedwe,ssp370,mid-term_2041-2060,0.7725544,-1.7873741,-0.0466156,0.0,-18.211914,-1.3184210526315816,-0.048245614035086426,8.768768,1.1250944,10.219585,1.080801,1.4088287,2.642929,0.019651091242267604,-5.3192396,38.32965,0.0,0.9323764,2.4513626,-0.085199356,20.332876,6.1838384,45.630978,13.5543785,0.12738037,2.618084,14.32901
61.0,Ndwedwe,ssp370,near-term_2021-2040,1.2883415,-1.2262629,0.15864754,0.0,-16.164185,-0.9736842105263221,0.04912280701754401,5.321945,0.7245989,5.3286743,0.5814104,0.018501282,0.30152893,-0.027556225024837566,-2.4934373,26.2388,0.0,0.33366203,1.7035446,2.917035,13.813791,3.2088382,25.844868,7.144989,-0.35536385,1.8683205,7.0623436
61.0,Ndwedwe,ssp585,far-term_2081-2100,0.5085163,-2.2568185,0.59536266,0.0,8.706055,0.010275689223053774,0.5870927318295749,27.094574,2.4225473,17.777493,1.6276622,2.0663795,3.4040222,0.15894469281229195,-9.238295,64.401764,0.0,3.3275232,3.7470207,-8.161507,43.57673,19.209093,131.83096,33.81651,3.1218357,4.1858826,77.53733
61.0,Ndwedwe,ssp585,mid-term_2041-2060,0.72756577,-1.6454549,0.8167925,0.0,5.333374,0.1959899749373406,0.15137844611528983,9.484116,0.79596424,8.615871,0.79072857,1.2320099,1.9599457,0.0625067264954291,-5.6006355,31.324596,0.0,1.403861,1.6735573,-3.7849998,20.787712,5.009809,48.06412,17.851513,1.3592911,1.8135185,16.32306
61.0,Ndwedwe,ssp585,near-term_2021-2040,-0.039100647,-0.8220099,0.27869797,0.0,-1.8256836,-0.40877192982456734,0.2609022556390972,14.495941,1.420083,6.4872246,0.62950087,0.98244476,1.6831818,0.07287099544776332,-1.7222958,15.202067,0.002272727272727273,0.57172537,0.70667267,-0.4586897,11.165201,1.489354,19.1787,8.880104,0.59630203,0.8147812,4.6444864
62.0,Maphumulo,ssp126,far-term_2081-2100,1.0183163,-1.1961365,0.22711754,0.0,-6.3865356,-1.0332080200501252,0.02807017543859658,6.3984528,0.72187996,6.279377,0.6420398,0.61660767,0.49030304,0.018385013448390275,-3.8734627,30.07442,-0.008863636363636363,0.5697651,1.6678028,0.78151226,16.2258,3.8320453,32.343105,10.855667,0.13059616,2.0925102,10.634585
62.0,Maphumulo,ssp126,mid-term_2041-2060,0.5933132,-1.1636366,0.27461815,0.0025,4.109497,-0.13320802005013377,0.07557017543859779,8.975296,0.7751522,3.4802437,0.30233192,0.6200676,1.0283356,0.057949908262449945,-3.88661,29.096416,0.0036363636363636355,0.5764942,1.6325493,0.81993294,14.955732,3.497045,29.28561,9.920479,0.017098427,1.950077,8.000376
62.0,Maphumulo,ssp126,near-term_2021-2040,0.40831184,-0.5236366,0.1696186,0.0,12.621094,-0.04320802005013391,-0.12442982456140328,5.577942,0.40277576,4.7239914,0.4277382,0.14084625,1.983841,0.0405489051472987,-2.405281,23.29271,-0.0038636363636363625,0.22130299,1.3178253,2.6193304,12.329514,2.4095452,21.523113,6.62936,-0.25587273,1.6010895,6.4661655
62.0,Maphumulo,ssp245,far-term_2081-2100,0.25200272,-1.9727274,0.28521347,0.0,13.903809,0.10012531328320051,0.3471177944862154,14.64917,1.2013903,7.879959,0.6963353,1.3393364,1.7608261,0.11531884172024931,-6.3128653,36.44589,-0.011363636363636364,1.7225895,1.9322014,-4.8725824,24.083656,5.741866,56.087788,21.196426,1.6402102,2.1756058,22.502504
62.0,Maphumulo,ssp245,mid-term_2041-2060,0.56152916,-1.5545456,0.018546104,0.0,-6.5772705,-0.5165413533834702,-0.04573934837092786,5.004013,0.57694435,4.0403595,0.4139638,-0.26937866,0.98786926,0.042170188220509885,-3.82402,22.837406,-0.00909090909090909,1.0827231,1.1711388,-2.356741,16.126226,2.6659088,31.671299,13.710403,1.0377111,1.335823,10.92782
62.0,Maphumulo,ssp245,near-term_2021-2040,0.8258133,-0.28779924,-0.16538143,0.0,-8.47821,-1.0132080200501328,0.16807017543859804,7.6256866,0.89460564,4.7867737,0.526144,0.59311676,-0.17390442,0.02433808849878094,-0.8716955,12.66402,-0.006818181818181818,0.48835278,0.55584717,0.028892517,9.855118,1.0034556,14.647484,7.6864166,0.49994183,0.6605911,4.511278
62.0,Maphumulo,ssp370,far-term_2081-2100,1.6942368,-2.1886365,0.38132858,0.0,-9.688293,-1.0200501253132899,0.4359649122807028,21.6306,2.1481,14.063816,1.3907104,2.0774765,3.5904465,0.08571027292871491,-8.67783,62.276115,-0.011363636363636364,2.6839972,3.8535843,-5.6468353,35.48103,15.662879,97.50867,26.478981,1.7252302,4.3669624,47.92742
62.0,Maphumulo,ssp370,mid-term_2041-2060,1.2679195,-1.7219698,0.044486046,0.0,-16.704895,-1.438471177944873,0.05964912280701906,10.200409,1.2476549,7.358906,0.79800797,1.4664383,2.904045,0.04308633675901685,-5.6517773,37.79891,-0.011363636363636364,1.147222,2.1648293,-0.7592993,19.658138,5.6351004,41.28922,13.821579,0.36968136,2.408867,14.282979
62.0,Maphumulo,ssp370,near-term_2021-2040,1.604763,-1.2608585,0.08132839,0.0,-15.929504,-1.1095238095238145,0.10438596491228225,5.2644653,0.7225313,2.8568687,0.33281422,-0.16136932,0.55625916,-0.02302572465110586,-2.8343544,25.33059,-0.011363636363636364,0.5141678,1.4294376,2.253663,12.946623,2.7156565,22.550339,7.3642883,-0.1307249,1.5877037,6.541312
62.0,Maphumulo,ssp585,far-term_2081-2100,0.6377163,-2.1886365,0.4352131,0.0,11.661133,-0.17368421052631788,0.7637844611528832,30.79927,2.7584763,15.802483,1.4530959,2.4360123,3.852974,0.1744551524947786,-9.177878,64.31235,-0.011363636363636364,3.5415354,3.7998257,-8.071234,43.510998,18.956818,126.98949,33.546455,3.1791048,4.373085,78.018295
62.0,Maphumulo,ssp585,mid-term_2041-2060,0.91866875,-1.5613639,0.7256899,0.0,8.37439,0.052506265664156615,0.24949874686716988,10.85495,0.8998585,8.612328,0.7916255,1.4283714,2.5619812,0.06348090169549891,-5.548999,31.457294,-0.011363636363636364,1.5121832,1.6898708,-3.7056432,20.713194,4.842703,45.876797,17.75209,1.3719912,1.9094849,16.649248
62.0,Maphumulo,ssp585,near-term_2021-2040,-0.1932373,-0.8454548,0.14711666,0.0,1.0220947,-0.38796992481204384,0.3161654135338363,13.293106,1.2861338,5.328949,0.51527786,1.3015747,2.1212463,0.0775521228082603,-1.7035646,15.412965,0.006818181818181817,0.6570997,0.70303917,-0.4388485,11.155413,1.423086,18.137196,8.87846,0.6140833,0.8145561,4.9563904
63.0,Dr Nkosazana Dlamini Zuma,ssp126,far-term_2081-2100,0.88517,-0.5627272,0.15419579,-7.104363636363635,16.327429,0.3190401002506313,0.52837343358396,15.851023,1.3825083,8.357765,0.8017197,1.4570503,2.9159133,0.0893554977202216,-2.1850657,18.915579,-12.692818181818181,0.4411655,0.5145699,-0.98027,14.176371,2.2670166,14.773725,11.484048,0.8295765,1.4236221,11.4412775
63.0,Dr Nkosazana Dlamini Zuma,ssp126,mid-term_2041-2060,-0.36683196,-0.56972724,0.29119474,-6.820363636363636,18.380432,0.7245401002506284,0.41437343358396017,13.237653,1.0420125,3.3196945,0.25339264,0.43287048,1.6014755,0.08262558670471165,-2.1427903,18.077078,-12.242318181818186,0.50673604,0.48435363,-0.846772,13.017385,2.0085168,13.349221,10.516584,0.6535152,1.2806358,8.896542
63.0,Dr Nkosazana Dlamini Zuma,ssp126,near-term_2021-2040,-0.17333145,0.1712728,0.43869552,-4.017863636363634,22.691381,0.6950401002506303,0.3338734335839602,10.761693,0.77631056,4.675219,0.39694828,0.92831266,2.2991471,0.09836775029716911,-0.43799305,13.164703,-7.2388181818181865,0.09611561,0.15965843,0.827812,9.987789,1.3165168,8.599723,7.0494604,0.37319547,0.86935806,6.6154885
63.0,Dr Nkosazana Dlamini Zuma,ssp245,far-term_2081-2100,-0.23994903,-1.885909,0.871528,-12.25,43.07134,1.4260401002506278,0.8703258145363408,28.029833,2.1173968,12.917494,1.1137944,2.1887207,4.2621293,0.18093314780255873,-5.3993316,32.716328,-23.718181818181822,1.5535932,2.0563798,-4.610796,24.184345,5.83933,32.635525,20.684292,1.8270237,2.5219696,27.883709
63.0,Dr Nkosazana Dlamini Zuma,ssp245,mid-term_2041-2060,0.39528733,-1.1818181,-0.046089936,-8.580454545454545,15.939099,0.6665162907268225,0.4860401002506268,16.220535,1.4117289,7.838043,0.74182975,1.6515121,3.1252015,0.13436865810430695,-3.0154266,20.398895,-16.32727272727273,0.9574779,1.2219185,-2.0552862,16.145401,2.8007894,17.95445,13.3919735,1.1382082,1.5640595,14.4605255
63.0,Dr Nkosazana Dlamini Zuma,ssp245,near-term_2021-2040,0.07816849,0.12789473,-0.08880405,-4.760717703349281,3.0036378,-0.19345989974936656,0.3593734335839601,11.98329,1.2263025,6.951991,0.7507311,1.3364693,0.103759766,0.08453824158978929,0.03315773,11.403267,-8.524712918660288,0.4476058,0.61449355,0.4345869,9.586129,1.1244233,7.6471295,7.3969398,0.48511466,0.8115341,5.823559
63.0,Dr Nkosazana Dlamini Zuma,ssp370,far-term_2081-2100,0.32135314,-2.2443938,0.4629318,-17.040252525252523,18.074463,0.29814536340852554,1.0083208020050125,33.692814,3.0181062,20.987688,2.0709834,3.3705392,4.833197,0.20328991901912516,-8.114345,54.24549,-34.195151515151515,2.8702285,3.0229537,-6.3094425,35.078434,13.725739,60.081722,27.1294,2.58846,4.133059,54.557827
63.0,Dr Nkosazana Dlamini Zuma,ssp370,mid-term_2041-2060,1.0439835,-1.5310606,-0.10022564,-11.332474747474745,6.668103,0.13972431077694622,0.5909523809523807,19.261616,1.9374813,10.696126,1.137513,2.3289802,3.4348512,0.15483928448798318,-4.5333185,28.10812,-20.866262626262625,1.14267,1.1730072,-2.0161188,17.800781,4.011295,20.329498,14.376192,1.043875,1.8048538,15.85005
63.0,Dr Nkosazana Dlamini Zuma,ssp370,near-term_2021-2040,2.1734588,-0.63606054,0.04030056,-6.717474747474748,2.1726563,0.01814536340852584,0.4741102756892232,12.725614,1.275111,5.2525077,0.5411531,0.7914413,1.264499,0.08597962181732247,-1.6130741,16.329422,-11.786818181818182,0.5272417,0.35457268,0.60284483,10.442357,1.6001834,9.147279,7.476165,0.471101,0.93951035,6.41505
63.0,Dr Nkosazana Dlamini Zuma,ssp585,far-term_2081-2100,-1.3909042,-2.2386363,0.99771994,-17.92181818181818,50.956005,1.945563909774441,1.513659147869674,49.018322,4.0672503,28.389473,2.649462,3.904197,8.523165,0.33385716864208365,-8.624738,60.045807,-36.804545454545455,3.6218388,4.266508,-7.6417694,42.892086,17.714426,82.538086,32.806953,3.4806685,5.1139517,82.89481
63.0,Dr Nkosazana Dlamini Zuma,ssp585,mid-term_2041-2060,-0.68566436,-1.5727272,0.3477188,-11.876961722488037,31.365393,1.4269924812030126,0.7298496240601502,22.74876,1.8522257,11.817114,1.086007,2.1352248,4.4062896,0.19063003800616443,-4.7888856,28.837488,-22.19007177033493,1.5504119,1.7906082,-3.379609,20.596657,4.894402,26.173254,17.165129,1.4071163,2.1467834,21.266716
63.0,Dr Nkosazana Dlamini Zuma,ssp585,near-term_2021-2040,-0.31900024,-0.3771771,0.2124813,-6.5619856459330155,18.319874,0.9569924812030102,0.39365914786967426,13.338602,1.105633,6.2774153,0.58610207,1.1065674,3.29496,0.15073389270051063,-1.1717551,13.997944,-11.993277511961725,0.7052593,0.77655107,-0.22407036,11.082262,1.5123445,9.782176,8.748557,0.6175772,0.92281264,7.1529074
64.0,Ubuhlebezwe,ssp126,far-term_2081-2100,0.750185,-0.9704547,0.12397385,-0.3455113636363637,1.8553314,-0.46917136591478315,0.20640977443608977,8.291645,0.87393975,5.19522,0.56587327,0.8302183,1.8023071,0.031622887237502395,-3.2966237,25.4081,-1.7010227272727265,0.49037963,1.1786618,0.19549012,15.359015,3.0640254,20.062172,10.64221,0.42903876,1.6534691,9.09267
64.0,Ubuhlebezwe,ssp126,mid-term_2041-2060,-0.13293886,-0.94982964,0.14022303,-0.37426136363636375,1.9096985,-0.19479636591478222,0.04390977443608979,4.460577,0.431854,0.04126978,-0.014078498,-0.031967163,-0.2923813,0.011375336539606096,-3.3419476,24.517967,-1.7610227272727266,0.5000795,1.1707921,0.24185371,14.442024,2.78465,18.792173,9.810182,0.2799065,1.6303577,7.271617
64.0,Ubuhlebezwe,ssp126,near-term_2021-2040,-0.3560629,-0.44670457,0.22459912,-0.22488636363636386,13.115311,0.05582863408521899,0.043284774436090245,3.9052906,0.24258661,3.1121569,0.29556084,0.6913862,1.7749805,0.04383536009054523,-1.744654,19.43726,-1.148522727272727,0.15498486,0.81483364,1.9558115,11.477782,1.8646501,13.2940445,6.5765457,0.008739233,1.2081814,5.46438
64.0,Ubuhlebezwe,ssp245,far-term_2081-2100,-0.42901134,-1.7392046,0.5407891,-0.5272727272727273,20.65216,0.2564536340852195,0.3186716791979951,12.779123,1.0061398,5.67346,0.5082548,0.7511234,1.3145237,0.06982789468820894,-6.024362,35.287598,-2.6687499999999993,1.5594671,1.9998956,-4.554463,23.96037,5.6029606,37.2262,20.083588,1.7258589,2.192586,21.388628
64.0,Ubuhlebezwe,ssp245,mid-term_2041-2060,-0.26234198,-1.277841,-0.06635332,-0.42329545454545464,1.5483246,-0.22509398496240163,0.07164786967418513,6.5084953,0.6684475,5.3656015,0.5805895,1.1495676,1.5217838,0.04574983118897413,-3.6073418,22.204006,-1.982386363636363,0.9905809,1.2427282,-1.9555418,16.206333,2.6072068,20.646263,13.034562,1.122824,1.3702621,10.536748
64.0,Ubuhlebezwe,ssp245,near-term_2021-2040,0.22206354,-0.022398472,-0.03165102,-0.24706937799043083,-4.966507,-0.7404213659147834,0.06453477443609001,5.5438747,0.69235015,5.795745,0.6744794,0.8323555,-0.49639893,0.024421942876606373,-0.51151466,12.324802,-1.117523923444975,0.4264498,0.65401554,0.44567633,9.764233,0.97542536,8.849671,7.226866,0.5595355,0.6984825,4.2414784
64.0,Ubuhlebezwe,ssp370,far-term_2081-2100,-0.07083559,-2.016288,0.40473056,-0.6914141414141415,-1.3293762,-0.7961779448621531,0.5468045112781947,20.354155,2.1383305,10.643055,1.1347425,2.3992462,2.4951496,0.05709936376832392,-8.5149555,58.539642,-3.467550505050505,2.627364,3.4039187,-5.7824154,34.49655,14.302914,73.138565,25.636663,2.0570102,4.0740337,44.209667
64.0,Ubuhlebezwe,ssp370,mid-term_2041-2060,0.7324567,-1.5843436,-0.15447974,-0.5428030303030305,-7.411545,-0.8382832080200453,0.2079887218045111,10.368313,1.2730451,7.7938347,0.9157552,1.6158257,1.4402199,0.04581665065501861,-5.2450614,33.536736,-2.5550505050505046,1.0023887,1.7386599,-1.1371353,18.912651,4.634164,27.278835,13.550685,0.6496339,2.0581875,12.624248
64.0,Ubuhlebezwe,ssp370,near-term_2021-2040,2.2285085,-0.84198236,0.121836185,-0.39905303030303046,-7.1739655,-0.6803884711779391,0.13627819548872122,5.8964634,0.75591063,2.8188705,0.34535593,0.64919376,1.0534382,0.03683380243153955,-2.447638,21.29526,-1.647411616161616,0.4108895,0.9732237,1.5590913,11.957325,2.120275,13.944812,7.148879,0.10975671,1.2679472,5.436054
64.0,Ubuhlebezwe,ssp585,far-term_2081-2100,-1.2671041,-2.0022728,0.7526939,-0.6948863636363637,26.907364,0.5755012531328365,0.7960526315789471,28.067938,2.5883813,15.90989,1.6171896,2.763812,5.1544113,0.1258879106553159,-8.989494,62.453644,-3.551704545454545,3.466724,3.990769,-7.7405562,41.896217,17.93107,95.019,31.97909,3.2450504,4.407034,69.455795
64.0,Ubuhlebezwe,ssp585,mid-term_2041-2060,-0.69150877,-1.5659091,0.4544797,-0.5596291866028709,13.474274,0.3189536340852195,0.34783834586466167,10.7380085,0.93333864,5.7762966,0.5630297,0.70914555,1.6404362,0.06424369842701538,-5.289407,30.602623,-2.6854665071770327,1.4300455,1.7681317,-3.3200536,20.603765,4.6597786,30.14883,16.747282,1.4000361,1.8968124,16.04865
64.0,Ubuhlebezwe,ssp585,near-term_2021-2040,-0.53377247,-0.5285287,0.017575502,-0.32344497607655515,3.700348,0.06181077694236059,0.13712406015037548,7.0136223,0.6908629,3.476368,0.3538053,0.18085289,2.43507,0.0703007263629738,-1.5814884,15.079568,-1.50008971291866,0.65432477,0.78069544,-0.15579176,11.335034,1.3607059,11.437172,8.625604,0.64771724,0.88137627,4.8659143
65.0,Greater Giyani,ssp126,far-term_2081-2100,9.883574,-1.5145453,-0.071128845,-0.0052727272727272735,1.1934875,-0.06743107769423595,0.4118784461152886,12.831973,2.2628696,7.7281466,1.3662599,1.725283,6.9080935,0.2702844764379423,-2.4658985,18.370987,-0.015454545454545457,0.55934775,0.5038845,-1.4735543,14.042416,2.426622,40.13526,12.273813,0.89623225,1.4898376,19.838522
65.0,Greater Giyani,ssp126,mid-term_2041-2060,3.3900802,-1.7605454,-0.20012912,-0.0007727272727272738,-6.538751,-0.3999310776942366,0.12187844611528834,6.2254133,1.1089513,2.6337981,0.43246403,0.49635774,4.35488,0.06407802201916386,-2.5610433,17.333736,-0.019954545454545454,0.6720111,0.43011743,-1.1349033,12.878616,2.060122,36.384758,11.093716,0.73284644,1.3289406,17.04431
65.0,Greater Giyani,ssp126,near-term_2021-2040,4.754575,-0.52554524,0.39387053,-0.004772727272727274,4.900708,-0.32493107769423696,0.20837844611528897,10.252676,1.6619629,7.546175,1.2968771,0.8562271,6.2556214,0.10588162412833171,-1.1183916,12.954955,-0.015454545454545453,0.29115447,0.07750855,-0.11111565,9.939404,1.339122,27.466253,8.300576,0.6116276,0.90461886,10.674836
65.0,Greater Giyani,ssp245,far-term_2081-2100,10.058673,-3.435,0.19551334,-0.007272727272727274,-4.057971,-0.40195488721804506,0.5928070175438599,20.748564,3.6414948,12.299644,2.1460457,2.1485538,8.768184,0.3731620350190152,-6.4272714,35.4964,-0.045454545454545456,2.2123249,2.4327226,-5.08568,24.641062,6.6531096,76.90806,22.481424,1.9477673,2.755069,42.278397
65.0,Greater Giyani,ssp245,mid-term_2041-2060,7.0039124,-2.6263635,-0.30496234,-0.0022727272727272726,-3.3662477,-0.25766917293233327,0.4047117794486221,14.882952,2.5658739,9.016827,1.5377591,1.9753742,5.5374193,0.2540930747132439,-3.976876,22.720858,-0.024545454545454544,1.337876,1.4903386,-2.5244062,16.67731,3.653804,49.972893,14.818583,1.1334625,1.8777893,22.4108
65.0,Greater Giyani,ssp245,near-term_2021-2040,9.01008,-1.0327032,-0.029129218,-0.0022727272727272735,-5.100586,-0.197431077694236,-0.010121553884711521,2.7133698,0.679073,1.9901931,0.43173808,0.41284484,1.87406,0.14898280409167822,-1.1137893,13.366304,0.005454545454545459,0.67533696,0.72666395,-0.057153128,10.378939,1.6393621,27.388144,8.228775,0.48489493,0.89975435,11.927794
65.0,Greater Giyani,ssp370,far-term_2081-2100,16.782684,-3.7006564,0.14573956,-0.007272727272727274,-9.122912,-0.2645363408521316,0.6908521303258145,25.714231,4.1943216,16.37768,2.5817082,2.8849938,8.25206,0.4724007173296553,-8.559962,54.87653,-0.045454545454545456,3.6833525,3.4244885,-6.85424,35.013763,12.7484,101.28759,29.425411,2.8381524,4.2164536,76.35636
65.0,Greater Giyani,ssp370,mid-term_2041-2060,6.5589995,-2.9889898,-0.2163662,-0.007272727272727274,-11.065912,-0.42874686716791893,0.33611528822055126,11.3571,2.2128053,6.961876,1.2811947,1.2085202,5.3421035,0.2805449511679921,-5.047934,25.438562,-0.04267676767676768,1.5791131,1.1921012,-2.8941224,16.884148,3.3900664,51.76092,15.330909,1.1795857,2.0802522,23.563025
65.0,Greater Giyani,ssp370,near-term_2021-2040,3.7700515,-0.70732313,0.69047606,-0.007272727272727274,10.315198,0.19914786967418258,0.4697994987468677,15.579582,2.1818025,8.267271,1.170025,1.8659405,7.3095307,0.2847352487214563,-1.6283424,14.052836,-0.03156565656565656,0.696555,0.31556702,0.041924287,10.068693,1.5567331,25.883703,7.7411523,0.5614521,1.0040855,11.890246
65.0,Greater Giyani,ssp585,far-term_2081-2100,19.210583,-3.7304544,0.0055135726,-0.007272727272727274,-3.7377076,-0.4524310776942361,1.061854636591479,38.473804,6.5030775,25.663622,4.291935,4.567952,14.989649,0.7532764445961438,-9.027633,62.60309,-0.045454545454545456,4.5266213,4.8791094,-7.9374294,43.697803,16.900621,121.9088,34.529396,3.6400852,5.3412385,109.343185
65.0,Greater Giyani,ssp585,mid-term_2041-2060,8.302002,-2.8368897,-0.05401058,-0.006363636363636366,-4.307788,-0.041002506265665775,0.36471177944862204,12.684248,2.2460678,8.662353,1.5148551,1.643182,6.0249834,0.2843342682355184,-5.5079737,29.649904,-0.03136363636363636,1.7652023,1.977668,-3.8666356,20.14717,5.0282774,63.19269,18.54522,1.4549023,2.2737198,30.442707
65.0,Greater Giyani,ssp585,near-term_2021-2040,6.4543867,-1.096842,-0.26877174,0.004545454545454544,0.18148804,-0.0657644110275701,0.3228070175438595,11.353541,1.8900627,5.0894094,0.83509004,0.96446264,5.580293,0.25793102687236685,-1.5331548,13.903401,-0.00772727272727273,0.785355,0.8540699,-0.118737414,10.808498,1.7875838,29.156528,8.832699,0.56045496,0.9305847,13.657468
66.0,Greater Letaba,ssp126,far-term_2081-2100,7.3941,-1.3594315,0.03572035,0.0017045454545454534,-3.2332764,-0.5178822055137822,0.23576127819548898,12.012978,1.7454453,7.4547787,1.1177559,1.4352436,6.575302,0.23628809501525883,-2.3578768,18.262642,-0.09193181818181816,0.52671266,0.54730225,-1.5580392,14.469677,2.5596771,41.759346,12.821543,0.88759995,1.4830208,21.165224
66.0,Greater Letaba,ssp126,mid-term_2041-2060,1.7103577,-1.5319316,0.004470825,0.0017045454545454516,-9.089874,-0.5291322055137844,0.012011278195489972,5.2775955,0.73897076,0.62113,0.033442497,-0.45415688,3.4793282,0.08207869222309139,-2.4454713,17.15907,-0.13943181818181816,0.68787766,0.4660101,-1.2782354,13.223148,2.1784272,36.998108,11.51568,0.7737026,1.2947636,17.473118
66.0,Greater Letaba,ssp126,near-term_2021-2040,2.572857,-0.6581819,0.18946981,0.0029545454545454545,5.6493835,-0.44538220551378416,0.03451127819548949,16.162155,2.197896,8.954834,1.2561505,1.0490589,7.7570877,0.12438474057580429,-1.0350103,12.759792,-0.08068181818181816,0.26048613,0.07115364,-0.18385458,10.269217,1.353427,27.52436,8.641687,0.5964775,0.8656006,11.76391
66.0,Greater Letaba,ssp245,far-term_2081-2100,9.498871,-3.244318,0.27393484,-0.017045454545454544,-6.237793,-0.8219298245614031,0.45213032581453705,22.437855,3.2950468,12.236761,1.814841,1.912674,9.316208,0.37405128014288813,-6.2731795,34.83817,-0.20795454545454545,2.145342,2.4087734,-5.1904573,25.506413,6.794916,81.09211,22.995457,1.9670076,2.8201733,44.83409
66.0,Greater Letaba,ssp245,mid-term_2041-2060,5.1893425,-2.3306818,-0.09273195,0.0,-5.321991,-0.48383458646616617,0.3449874686716794,16.54395,2.3294964,9.174149,1.2719824,1.6278954,6.722641,0.285730896935239,-3.8412342,22.28452,-0.1545454545454545,1.2880852,1.5001774,-2.555339,17.039547,3.7719495,50.85401,15.159794,1.1433392,1.8468246,24.069363
66.0,Greater Letaba,ssp245,near-term_2021-2040,5.647854,-0.8560405,0.17822027,0.010227272727272725,-6.566345,-0.3553822055137825,-0.06548872180451104,3.9975586,0.7577362,0.15856552,0.06493664,0.062049866,1.9483223,0.13353625605108377,-0.9569168,13.140049,-0.06004784688995213,0.637759,0.7628231,-0.07733488,10.558844,1.7168992,27.676376,8.518265,0.42058277,0.8705673,12.512719
66.0,Greater Letaba,ssp370,far-term_2081-2100,15.648048,-3.4348483,0.33427382,-0.017045454545454544,-10.774109,-0.787092731829576,0.5255639097744376,28.52644,3.8486128,19.506865,2.5676477,3.1873837,10.458504,0.5347828655597295,-8.507803,54.897194,-0.23068181818181815,3.6895502,3.4527416,-6.8952193,35.97043,13.06551,112.783936,29.745625,2.8678513,4.247011,81.154465
66.0,Greater Letaba,ssp370,mid-term_2041-2060,5.8230476,-2.7570705,-0.1525693,-0.017045454545454544,-14.085846,-1.0936716791979926,0.34398496240601606,14.103996,2.238389,6.388397,0.91722083,0.7137623,6.460747,0.2795319092056143,-4.9815836,25.27014,-0.21957070707070703,1.5827622,1.259819,-2.9471333,17.385944,3.4863439,52.8506,15.729481,1.14785,2.0520573,25.197536
66.0,Greater Letaba,ssp370,near-term_2021-2040,2.4914742,-0.7570704,0.5342746,-0.008712121212121213,12.88562,0.144486215538846,0.5926691729323319,20.040928,2.2659721,9.356419,1.0649052,1.0962868,8.546516,0.3369152205601784,-1.6809039,13.73975,-0.1515151515151515,0.7114682,0.27686882,0.096544266,10.1622925,1.5530102,25.557556,7.8740673,0.5594816,0.95201683,12.339203
66.0,Greater Letaba,ssp585,far-term_2081-2100,17.8572,-3.479545,0.25012589,-0.017045454545454544,-6.3398438,-1.0862155388471209,0.9449874686716795,43.130207,6.0482254,27.647015,3.8413293,4.7087326,16.21894,0.8231794603062257,-8.977957,62.21791,-0.2284090909090909,4.458475,4.936738,-7.9744654,45.339455,17.116268,140.9574,35.10867,3.7167969,5.438179,116.32889
66.0,Greater Letaba,ssp585,mid-term_2041-2060,8.169106,-2.6662078,0.12750673,-0.00681818181818182,-5.895691,-0.23026315789473806,0.32117794486215656,15.417366,2.2551699,8.912622,1.3072729,1.177887,7.1525955,0.2850406899993887,-5.418755,29.457125,-0.18068181818181817,1.7587411,2.031643,-3.9545844,20.6759,5.141208,64.61699,18.93206,1.488203,2.2630672,32.677696
66.0,Greater Letaba,ssp585,near-term_2021-2040,5.159584,-1.1172247,-0.15106487,0.0034090909090909102,-1.6349182,-0.2719298245614059,0.23427318295739408,11.921139,1.6230316,3.8903637,0.48283625,0.3591957,5.7950516,0.27870158483084406,-1.5366049,13.946787,-0.11321770334928227,0.7747259,0.9184313,-0.28189516,11.180981,1.8609447,30.057426,9.302074,0.5863285,0.8956814,14.487219
67.0,Greater Tzaneen,ssp126,far-term_2081-2100,7.2329636,-1.4240153,0.07792282,-0.00590909090909091,-3.0938313,-0.5258604845446916,0.1788074352548025,9.674878,1.4367498,7.07469,1.0486312,1.3371506,6.3088226,0.20526452179284504,-2.3789697,18.192598,-0.12181818181818183,0.55090576,0.5055599,-1.5190789,14.457412,2.4785645,41.201534,12.640054,0.8643465,1.4910074,20.842943
67.0,Greater Tzaneen,ssp126,mid-term_2041-2060,3.2412949,-1.7631819,-0.018744469,-0.005075757575757577,-8.537211,-0.5450271512113574,-0.06119256474519682,4.2066445,0.63574535,2.19425,0.284863,0.110824585,3.881963,0.052181701322724074,-2.4019878,17.130661,-0.16098484848484848,0.6837678,0.44044113,-1.2232815,13.204141,2.1035645,37.016533,11.431191,0.72618896,1.3161722,16.874517
67.0,Greater Tzaneen,ssp126,near-term_2021-2040,3.1271236,-0.7523486,0.27958933,-0.005075757575757578,7.122762,-0.4191938178780248,0.05714076858813725,13.280296,1.7837105,10.148488,1.4172629,1.3133888,7.54804,0.13455266356807036,-0.9973834,12.722991,-0.10681818181818181,0.25750494,0.050059002,-0.12731934,10.152021,1.3127311,27.323202,8.450314,0.579813,0.8488032,11.549958
67.0,Greater Tzaneen,ssp245,far-term_2081-2100,8.687884,-3.3295455,0.36716843,-0.023484848484848487,-4.5262246,-0.6767335004177065,0.48091060985797834,18.813461,2.763368,11.523878,1.6896111,2.0502155,9.009557,0.3265967447744895,-6.2393365,34.810936,-0.2378787878787879,2.1525264,2.3393574,-5.15826,25.384317,6.6900716,81.24577,22.86874,1.9475069,2.771838,43.45781
67.0,Greater Tzaneen,ssp245,mid-term_2041-2060,5.225184,-2.5924244,-0.07886251,-0.01287878787878788,-4.7675576,-0.4211779448621513,0.3650375939849623,14.2231245,2.0246766,10.287486,1.4544903,1.905028,6.3520966,0.2567149419237745,-3.8316538,22.277277,-0.1734848484848485,1.2801338,1.466762,-2.512286,16.972616,3.6470492,51.382206,15.111446,1.1312672,1.8315277,23.113787
67.0,Greater Tzaneen,ssp245,near-term_2021-2040,5.7479577,-0.96618813,0.22542222,0.0015151515151515108,-7.476481,-0.4875271512113599,-0.1195258980785298,-0.38713837,0.14090474,1.3755995,0.24673939,0.21084721,1.7508646,0.10808971312924302,-0.9823287,13.178162,-0.09298245614035089,0.660189,0.7707456,-0.036724728,10.557264,1.6323898,27.777231,8.482184,0.46793523,0.8623403,12.355847
67.0,Greater Tzaneen,ssp370,far-term_2081-2100,15.645073,-3.6117005,0.29682574,-0.024242424242424246,-9.4852495,-0.5836675020885522,0.5247284878863828,27.003443,3.6166573,19.653996,2.6054845,3.4297485,9.544609,0.515672922067567,-8.501659,55.194324,-0.25681818181818183,3.6643884,3.4005554,-6.902447,36.070183,13.046714,112.3418,29.808147,2.861701,4.267938,79.81458
67.0,Greater Tzaneen,ssp370,mid-term_2041-2060,6.50384,-2.8978114,-0.24703439,-0.02331649831649832,-15.0130415,-1.0205096073517115,0.33174603174603173,11.43618,1.9492842,6.9340267,1.0136021,1.1813456,6.463015,0.3022978808382965,-5.0174165,25.632874,-0.24015151515151514,1.5938357,1.2577839,-2.9243999,17.545668,3.5207868,53.251076,15.761184,1.1752443,2.0762165,24.835875
67.0,Greater Tzaneen,ssp370,near-term_2021-2040,3.4091008,-1.0876263,0.44419447,-0.014983164983164987,12.077983,0.07949039264828646,0.6010442773600658,17.638153,2.0185413,8.462514,0.9765832,1.4131622,8.467773,0.35840394902452744,-1.6699635,13.962304,-0.17441077441077443,0.71134645,0.295784,0.0882527,10.220826,1.5587497,25.671442,7.8782806,0.57067233,0.9186376,12.063651
67.0,Greater Tzaneen,ssp585,far-term_2081-2100,18.279152,-3.6530304,0.20923106,-0.024242424242424246,-6.0250244,-1.060860484544694,0.9515455304928976,39.145035,5.535774,28.137178,3.9370053,4.9439225,15.834836,0.7176792579506431,-8.978148,62.466972,-0.2553030303030303,4.4677615,4.8166347,-7.966021,45.31863,17.328869,139.41783,35.10538,3.68425,5.409063,114.284424
67.0,Greater Tzaneen,ssp585,mid-term_2041-2060,8.048988,-2.7446172,0.044151623,-0.018181818181818184,-5.604065,-0.29419381787802595,0.38884711779448605,13.296753,1.9732653,10.041839,1.4770675,1.5159149,7.0837555,0.27347939709251357,-5.4077597,29.607792,-0.21136363636363634,1.7785149,1.969314,-3.9356937,20.695168,5.1438994,65.1128,18.866056,1.4807673,2.2388828,31.536009
67.0,Greater Tzaneen,ssp585,near-term_2021-2040,5.111689,-1.224402,-0.26219654,-0.001475279106858059,-2.9387207,-0.35133667502088173,0.2356725146198828,9.5,1.3137436,4.7924533,0.6303341,0.6325467,5.6919174,0.22230346913656382,-1.5214592,14.116504,-0.1252392344497608,0.7865,0.908123,-0.2535852,11.223876,1.829067,30.282972,9.295128,0.57538253,0.90297574,13.927276
68.0,Ba-Phalaborwa,ssp126,far-term_2081-2100,10.597425,-1.53875,-0.11512585,-0.010181818181818184,0.47090453,0.11727944862155262,0.2890093984962407,10.046186,2.0503695,7.4256287,1.5012599,1.5914551,6.201657,0.22883963877874827,-2.468964,18.121017,-0.046227272727272735,0.6203732,0.47944242,-1.4170201,13.781204,2.2672703,38.10174,11.875427,0.89930785,1.4766502,18.678621
68.0,Ba-Phalaborwa,ssp126,mid-term_2041-2060,4.1724205,-1.9527501,-0.09862576,-0.005431818181818182,-5.6898346,-0.3149705513784468,0.11650939849624065,4.598497,0.97374785,4.6359553,0.9565953,0.9723686,3.9723256,0.05249641566239634,-2.5497344,17.115654,-0.05172727272727273,0.68602306,0.37731057,-1.0945033,12.629133,1.9380203,34.61648,10.799551,0.7041723,1.304451,16.157833
68.0,Ba-Phalaborwa,ssp126,near-term_2021-2040,5.6969237,-0.7385,0.35662383,-0.005931818181818181,5.0395265,-0.09122055137844676,0.15525939849624076,6.8759665,1.2378439,6.7697697,1.312218,0.52659035,4.718036,0.10247714524029146,-1.1322224,12.884802,-0.038227272727272735,0.31173658,0.035513688,-0.0679039,9.691729,1.2365203,25.845984,7.9537244,0.6079365,0.8579823,9.917569
68.0,Ba-Phalaborwa,ssp245,far-term_2081-2100,8.790368,-3.4602273,0.17748146,-0.013181818181818183,-3.0779939,-0.038458646616541615,0.48209273182957413,14.814428,2.9915066,10.904152,2.2028744,2.2307022,7.1859293,0.2931276416337324,-6.406285,35.165455,-0.07977272727272729,2.2861254,2.3629975,-5.0359564,24.116165,6.497775,72.18301,22.060064,1.928422,2.6651845,39.613922
68.0,Ba-Phalaborwa,ssp245,mid-term_2041-2060,5.3946624,-2.7025,-0.3682332,-0.007272727272727271,-2.6469512,-0.07417293233082685,0.3328070175438598,10.442472,2.0863252,8.75824,1.7357013,1.8937212,4.5034795,0.2011957204086185,-3.9979846,22.582561,-0.053181818181818184,1.4069233,1.4763905,-2.4953818,16.346354,3.440634,47.681805,14.539301,1.1287384,1.8118709,21.192795
68.0,Ba-Phalaborwa,ssp245,near-term_2021-2040,8.697923,-1.087201,-0.00087633135,-0.00409090909090909,-4.369928,-0.15722055137844554,0.012259398496240448,0.42653352,0.26663056,2.444838,0.5490459,0.4844078,1.7044445,0.11821369276614906,-1.1500425,13.237096,-0.018851674641148335,0.7274184,0.7187382,0.011446953,10.132371,1.5192995,26.198843,8.022184,0.5472441,0.8513195,11.416228
68.0,Ba-Phalaborwa,ssp370,far-term_2081-2100,15.524157,-3.753611,0.0738347,-0.013181818181818183,-8.061426,0.08362155388471174,0.5787593984962408,19.02325,3.580157,13.965094,2.5503101,2.6344898,6.6565504,0.40224652349414597,-8.549752,54.637974,-0.08022727272727273,3.7584465,3.3330092,-6.821031,34.584015,12.565937,95.22527,29.15593,2.8427434,4.196043,73.15133
68.0,Ba-Phalaborwa,ssp370,mid-term_2041-2060,5.718895,-3.1380556,-0.32248086,-0.012904040404040404,-10.771006,-0.2092731829573939,0.24691729323308284,7.5736876,1.8113314,7.2399554,1.5611119,1.3936999,4.048557,0.23533331589091339,-5.1067758,25.5328,-0.07244949494949496,1.6495428,1.1447246,-2.8202083,16.667408,3.2237148,49.241096,15.06904,1.2025067,2.0452619,21.954937
68.0,Ba-Phalaborwa,ssp370,near-term_2021-2040,4.1594214,-1.0577778,0.50225574,-0.011515151515151516,8.049871,0.3459899749373436,0.34507518796992465,11.882132,1.9406577,8.523757,1.4842665,1.8906425,5.71693,0.26363173314703586,-1.7705252,14.360264,-0.05772727272727274,0.7553348,0.33683053,0.03791561,9.945583,1.5156592,24.995258,7.603814,0.5734886,0.9757694,11.331604
68.0,Ba-Phalaborwa,ssp585,far-term_2081-2100,17.605614,-3.8197727,0.010338401,-0.013181818181818183,-4.084329,0.0029699248120302,0.8294736842105264,28.936108,5.6389847,21.086153,4.1135063,3.7812858,11.743995,0.5866990361751355,-9.029896,62.291176,-0.08,4.614213,4.752813,-7.9115047,43.003563,16.631996,113.67566,34.239815,3.591022,5.27832,105.01589
68.0,Ba-Phalaborwa,ssp585,mid-term_2041-2060,7.3934684,-2.935921,-0.15537567,-0.011363636363636364,-2.6365752,0.05130325814536363,0.34209273182957395,10.319291,2.103712,8.583866,1.730125,1.5922447,4.9629087,0.24085480565379233,-5.478242,29.418049,-0.060227272727272727,1.8363853,1.8847487,-3.808982,19.797443,4.8563514,60.04679,18.2521,1.4854301,2.2101014,28.657557
68.0,Ba-Phalaborwa,ssp585,near-term_2021-2040,6.0194197,-1.315048,-0.3263281,0.0015909090909090907,0.78140867,0.032255639097744294,0.27875939849624065,10.115243,1.8916487,6.236359,1.1852784,1.05902,4.7323756,0.20384660155126122,-1.5325054,13.894373,-0.02386363636363637,0.85209525,0.8342207,-0.12743254,10.670936,1.6884809,27.924528,8.666319,0.59001714,0.9310215,12.486128
69.0,Maruleng,ssp126,far-term_2081-2100,8.081149,-1.5954545,-0.04623413,-0.02295454545454546,-4.1204934,-0.21866750208855676,0.11281537176273966,5.782968,1.086717,6.2488103,1.097258,1.2030948,5.0179915,0.13821265630140175,-2.5091333,18.36705,-0.10428030303030301,0.6614332,0.45569515,-1.4380277,14.329987,2.3363357,41.102047,12.204667,0.8564825,1.5145245,18.889368
69.0,Maruleng,ssp126,mid-term_2041-2060,3.8107326,-2.018371,-0.06998428,-0.022121212121212125,-7.63562,-0.5074175020885564,-0.049684628237259686,1.9100037,0.41990438,4.3546376,0.75755787,0.85764664,3.1277313,0.009033446806959203,-2.4995527,17.35566,-0.12886363636363637,0.73592377,0.36742273,-1.1105479,13.067277,2.005919,37.369556,11.164746,0.672396,1.3446636,15.85779
69.0,Maruleng,ssp126,near-term_2021-2040,3.578233,-0.820871,0.28501573,-0.017954545454545456,6.7151084,-0.1824175020885539,0.1240653717627398,8.109015,1.2709023,9.575514,1.5659194,1.084918,6.3151574,0.09874453020958862,-0.995841,12.874389,-0.09303030303030302,0.31827068,0.00035826364,0.027677217,9.844704,1.2221692,27.159956,8.057006,0.5427621,0.83627826,10.3871765
69.0,Maruleng,ssp245,far-term_2081-2100,6.860293,-3.399621,0.22769451,-0.03257575757575758,-3.9795837,-0.13168337510442876,0.33567251461988284,12.56903,2.1732595,11.300852,1.9178299,2.2512999,7.31007,0.24845105061194475,-6.259141,35.095833,-0.18560606060606055,2.2244492,2.2508013,-5.0477123,24.958683,6.626216,79.61979,22.438015,1.9181131,2.7215755,40.572052
69.0,Maruleng,ssp245,mid-term_2041-2060,3.0170429,-2.7007575,-0.37309933,-0.023106060606060606,-5.432566,-0.14200083542188935,0.20273600668337521,9.111107,1.6108602,9.558506,1.6235245,1.9260603,4.652209,0.17405366384071894,-3.9430473,22.544538,-0.1356060606060606,1.3733835,1.4157938,-2.446303,16.761826,3.447548,51.369083,14.868635,1.1138309,1.7839985,21.649143
69.0,Maruleng,ssp245,near-term_2021-2040,6.049067,-0.9819376,0.16876554,-0.012500000000000004,-7.1484985,-0.33366750208855755,-0.13760129490392647,-2.444355,-0.18054311,2.849842,0.5467524,0.71904117,1.2977422,0.06602093407953265,-1.0099455,13.195719,-0.07717304625199362,0.74117446,0.73705196,0.07168452,10.341678,1.5533869,28.034662,8.231791,0.5520795,0.86882335,11.433041
69.0,Maruleng,ssp370,far-term_2081-2100,14.298493,-3.7153618,0.1681083,-0.03295454545454546,-9.125504,0.08387635756056522,0.5261487050960735,19.961416,3.1500251,18.039581,2.8407366,3.2816381,7.06679,0.39571269431466893,-8.548603,56.14313,-0.19886363636363635,3.7867463,3.2927783,-6.840542,35.789547,13.193928,108.07148,29.55424,2.8707387,4.2896237,75.604965
69.0,Maruleng,ssp370,mid-term_2041-2060,5.1362166,-3.1098063,-0.3976817,-0.030639730639730644,-16.046066,-0.5253341687552243,0.15290309106098557,6.44598,1.4823283,8.307113,1.5238532,1.3989111,4.530043,0.21208980499198957,-5.2054906,26.668724,-0.1882154882154882,1.712329,1.1720918,-2.8570359,17.487417,3.484669,53.783054,15.537019,1.20657,2.070449,23.079037
69.0,Maruleng,ssp370,near-term_2021-2040,2.6892853,-1.3436027,0.25231838,-0.028324915824915826,7.194712,0.35931495405179376,0.33842940685045964,12.344261,1.738834,9.891398,1.5114181,1.9064401,6.527542,0.2461211303638636,-1.8527906,14.930006,-0.14469696969696966,0.82247233,0.31866518,0.093755566,10.162209,1.5619838,26.468714,7.731909,0.5880849,0.908055,11.372093
69.0,Maruleng,ssp585,far-term_2081-2100,14.88053,-3.795833,-0.06317854,-0.03295454545454546,-7.166941,-0.37930242272347553,0.7463868003341686,29.58306,4.929621,24.455542,4.0300627,4.3020244,12.375482,0.5340509663953541,-9.016188,62.846992,-0.19659090909090907,4.55702,4.6129675,-7.8887987,44.747604,17.44376,130.75659,34.77382,3.6058435,5.392092,109.51026
69.0,Maruleng,ssp585,mid-term_2041-2060,7.00633,-2.9189196,-0.20087719,-0.02803030303030303,-4.202067,-0.05866750208855601,0.29321219715956554,10.58365,1.8459467,9.702965,1.6309656,1.6186705,5.488318,0.20771293229518908,-5.455538,29.998634,-0.15946969696969693,1.8665162,1.8569266,-3.8497655,20.58506,5.096551,65.15757,18.65203,1.4711939,2.2194443,29.350332
69.0,Maruleng,ssp585,near-term_2021-2040,4.703546,-1.4091108,-0.3754797,-0.011722488038277514,-2.4836934,-0.03763575605680961,0.13686299081035913,8.275475,1.3767706,6.562505,1.0504317,1.3254795,5.100895,0.1534814503724656,-1.5783201,14.347072,-0.1058213716108453,0.8744412,0.84375954,-0.18179877,11.227419,1.7595694,30.73007,9.1429405,0.58776635,0.93085986,12.654699
70.0,Lepelle-Nkumpi,ssp126,far-term_2081-2100,8.043175,-1.1298296,0.39193463,-0.1429545454545454,-5.3115845,-0.2097258771929802,0.11571741854636552,5.1075974,0.9288776,3.325778,0.5544841,0.26411676,3.8779583,0.08009664422329132,-2.398148,18.154453,-1.0660795454545458,0.5445401,0.45219803,-1.7150576,15.119838,2.4982686,36.673145,13.245707,0.8695791,1.4825974,22.91817
70.0,Lepelle-Nkumpi,ssp126,mid-term_2041-2060,5.490673,-1.3704548,0.10505915,-0.19857954545454543,-8.669403,-0.47285087719298335,-0.06553258145363461,2.1887932,0.44512892,1.3755937,0.23763496,0.042254925,2.1898098,-0.016907962788387687,-2.3118587,17.042753,-1.3317045454545455,0.6567451,0.38293457,-1.4557378,13.869291,2.0632687,32.54313,11.9770355,0.80100965,1.326518,19.125408
70.0,Lepelle-Nkumpi,ssp126,near-term_2021-2040,4.1387978,-0.66795474,0.38193512,-0.12857954545454542,4.774811,-0.13347587719298204,0.11821741854636558,8.632093,1.3369398,5.569643,0.87300885,0.5506706,5.00148,0.07309700842406675,-0.92671466,12.567782,-0.9710795454545457,0.23039168,0.04344225,-0.26975107,10.518147,1.3038934,23.013763,8.779497,0.52207065,0.82045555,13.101723
70.0,Lepelle-Nkumpi,ssp245,far-term_2081-2100,10.449156,-3.0255682,0.46785736,-0.2857954545454545,-4.4835205,-0.25582706766917074,0.19708646616541348,9.195396,1.5345752,9.574123,1.578918,1.5919342,5.4322376,0.18764522117673188,-6.1416407,34.963154,-1.8738636363636367,2.1915708,2.2897558,-5.3209662,26.723558,6.9322667,73.237076,23.649174,1.9397209,2.7954016,49.171207
70.0,Lepelle-Nkumpi,ssp245,mid-term_2041-2060,6.1836834,-2.3284092,0.035714388,-0.2079545454545454,-3.3936615,0.007863408521306958,0.2881578947368416,10.409054,1.710124,8.192583,1.3247274,1.2390862,5.153715,0.19539113291270827,-3.8006105,22.221558,-1.4500000000000002,1.3257873,1.4544883,-2.6297965,17.509632,3.523325,44.69638,15.543396,1.1583178,1.740572,25.547964
70.0,Lepelle-Nkumpi,ssp245,near-term_2021-2040,6.458168,-0.61587924,0.53693414,-0.1305023923444976,-4.8851624,-0.19910087719298186,-0.06178258145363469,-1.9273872,-0.16283011,0.7437124,0.14682674,-0.07527971,1.0083809,0.05484170559554635,-0.8214929,12.975252,-0.9695574162679428,0.68656003,0.76370144,-0.075698376,10.816259,1.5259304,23.959213,8.756752,0.4713862,0.81779003,13.542763
70.0,Lepelle-Nkumpi,ssp370,far-term_2081-2100,18.740513,-3.4392047,0.5843353,-0.31976010101010094,-7.4016266,-0.021271929824560942,0.5119674185463652,19.241053,2.9430857,15.589216,2.3713036,2.6193633,7.031124,0.3880394484448708,-8.485735,56.469482,-2.1732323232323236,3.777238,3.357028,-7.0151567,37.768898,13.775976,105.11835,30.577648,2.9617124,4.340992,87.94836
70.0,Lepelle-Nkumpi,ssp370,mid-term_2041-2060,8.318798,-2.7454548,-0.11632228,-0.3030934343434343,-13.779861,-0.6765350877192962,0.2856516290726815,8.95529,1.77371,4.750713,0.83333075,0.7401738,4.080288,0.18491911252316773,-4.904599,25.852402,-1.891287878787879,1.5904981,1.1580367,-3.121262,18.38129,3.6961157,47.150993,16.470995,1.1492913,2.042799,27.908085
70.0,Lepelle-Nkumpi,ssp370,near-term_2021-2040,4.7155075,-0.9301771,0.47117805,-0.21142676767676763,6.3556824,0.2537280701754403,0.3251253132832074,10.464638,1.4334307,5.9560814,0.8364632,0.8664479,5.528034,0.19755603198053096,-1.6179335,13.952664,-1.3780934343434343,0.7010888,0.21406555,-0.02203536,10.52837,1.4988935,22.069736,8.254809,0.57375646,0.84173965,12.711554
70.0,Lepelle-Nkumpi,ssp585,far-term_2081-2100,19.15689,-3.493182,0.27321434,-0.3193181818181817,-7.4371796,-0.45999373433583735,0.7381578947368418,27.698233,4.5115614,19.887594,3.1972828,3.0638318,10.25947,0.4813661082755447,-8.976924,62.984776,-2.1812500000000004,4.5374002,4.7857494,-8.056708,47.63746,17.990938,134.41171,35.987083,3.778851,5.5441036,126.31403
70.0,Lepelle-Nkumpi,ssp585,mid-term_2041-2060,10.327133,-2.7162082,0.06964302,-0.2630681818181818,-3.61055,0.12929197994987707,0.3542293233082703,11.324718,1.9110086,6.804791,1.1063696,0.83474827,5.0533047,0.19600397850427953,-5.3509216,29.858038,-1.7435107655502395,1.8386455,1.9581213,-4.112609,21.669785,5.3108854,57.777393,19.510063,1.5801721,2.2079897,35.23725
70.0,Lepelle-Nkumpi,ssp585,near-term_2021-2040,5.6664143,-0.90610063,-0.16547632,-0.14216507177033488,-0.9054718,0.026315789473685847,0.20184837092731767,8.493038,1.3644457,6.378995,1.022405,1.0884161,4.666399,0.17514916485560295,-1.417783,14.257721,-1.072308612440192,0.807694,0.9017272,-0.3836887,11.818934,1.8879784,26.792967,9.887876,0.5991185,0.84976196,15.375344
71.0,Thabazimbi,ssp126,far-term_2081-2100,6.2429795,-1.706165,0.3243199,-0.9027556818181819,-9.354425,-0.31836857769423543,-0.07279291979949876,-0.27579188,0.20463091,2.9916437,0.6483058,0.00906527,2.3797035,0.0635595146901568,-2.8578284,18.81096,-3.745553977272727,0.594192,0.71953404,-2.124534,17.746222,2.68551,39.634663,15.393868,1.169796,1.6173832,35.484562
71.0,Thabazimbi,ssp126,mid-term_2041-2060,7.7009497,-1.4813211,0.33244485,-1.0300994318181818,-1.237463,-0.15149357769423477,0.11564458020050125,5.93344,1.0879062,6.653598,1.2642033,1.677318,3.1074915,0.10721480093472097,-2.630385,17.252792,-3.8733664772727274,0.67924774,0.561002,-1.9307268,15.652787,2.1511347,34.091694,13.714171,1.0344675,1.5084321,29.847557
71.0,Thabazimbi,ssp126,near-term_2021-2040,8.3436,-0.86475855,0.2297889,-0.806661931818182,3.866911,-0.14977482769423622,-0.019042919799498847,7.6158733,1.1928675,7.932067,1.2657696,5.532554,5.2083287,0.12978412825412267,-1.1884165,13.199671,-2.7910227272727264,0.16072814,0.14835191,-0.67525405,12.230435,1.4000412,25.660921,10.51092,0.73485965,0.98108506,22.265814
71.0,Thabazimbi,ssp245,far-term_2081-2100,11.783526,-3.1544034,0.12553251,-1.4019886363636367,-3.6461353,-0.03463345864661582,0.11393327067669151,3.662331,0.89734054,4.780779,0.99576044,0.72639143,1.6534314,0.17030582274178718,-6.5584226,35.860996,-5.708522727272728,2.4719975,2.7514014,-5.7505074,31.546146,7.8244095,75.61025,26.100283,2.448653,3.0745413,76.66851
71.0,Thabazimbi,ssp245,mid-term_2041-2060,9.037104,-2.5080967,0.16615784,-1.1759943181818184,0.37410927,0.20301535087719258,0.35292136591478696,10.713409,2.0297673,7.6324425,1.4733722,1.5372726,4.148475,0.2176738950632235,-4.2411003,22.969852,-4.666193181818182,1.6445117,1.6711147,-3.0828905,20.486176,3.8849132,47.13777,17.640347,1.4857669,1.8786573,41.527836
71.0,Thabazimbi,ssp245,near-term_2021-2040,8.061259,-0.7424417,0.3865075,-0.782819976076555,0.63705444,-0.04868107769423491,0.10798833020050122,5.9803767,1.1690329,6.0661144,1.159383,2.2561367,2.920833,0.1666698141106283,-0.9926165,13.252589,-3.0118869617224875,0.8034331,0.9606861,-0.367463,12.436679,1.6082137,25.400946,10.074043,0.6639094,0.9588299,21.773504
71.0,Thabazimbi,ssp370,far-term_2081-2100,21.175627,-3.5105746,0.6006112,-1.5632417929292928,-3.3848114,0.031845238095238204,0.3920426065162907,13.50943,2.5860803,11.387276,2.140656,2.463655,5.235296,0.3165629486433473,-8.603445,56.251335,-6.738036616161617,4.058953,3.7382216,-7.4108152,43.982265,14.557072,104.869415,33.14346,3.4751325,4.805296,126.31461
71.0,Thabazimbi,ssp370,mid-term_2041-2060,11.535331,-2.817519,0.16952556,-1.387026515151515,-5.7331753,-0.35335213032581403,0.21885181704260653,7.8253555,1.6249373,6.6649337,1.3004647,1.5314093,1.7386975,0.15770452865845552,-5.2053537,25.922234,-5.578835227272727,1.602559,1.2422891,-3.5476437,21.87728,4.0471764,49.92965,18.676584,1.4701252,2.0832965,45.91479
71.0,Thabazimbi,ssp370,near-term_2021-2040,6.404733,-1.3940816,0.57840705,-0.9399779040404042,0.18483734,0.028391290726817675,0.18200971177944864,6.004889,1.1814272,5.2119327,1.0128435,1.1621969,2.32557,0.138285047727782,-1.728714,13.764479,-3.404529671717172,0.5355445,0.31057787,-0.31971705,11.990297,1.5070723,23.708641,9.504779,0.71177095,1.1104896,20.82729
71.0,Thabazimbi,ssp585,far-term_2081-2100,27.91686,-3.5941763,0.2603544,-1.582244318181818,-1.4143009,0.32503916040100456,0.5060463659147868,16.838879,3.2871094,13.096628,2.5296872,2.9669678,6.197641,0.47585528601289107,-9.162517,64.24663,-6.846022727272727,5.1561837,5.4608684,-8.448652,54.651684,18.42085,129.76746,38.484573,4.4417977,5.9754214,174.10611
71.0,Thabazimbi,ssp585,mid-term_2041-2060,11.337102,-2.9098685,0.27627695,-1.297712320574163,2.7491589,0.5259320175438611,0.37970708020050103,11.517069,2.1877925,8.433559,1.6257972,1.962888,4.2989717,0.27499954337277793,-5.65232,30.252937,-5.332468600478468,2.1066017,2.231181,-4.4661474,25.668564,5.6643543,60.31717,21.687824,1.8944621,2.3442028,57.91548
71.0,Thabazimbi,ssp585,near-term_2021-2040,7.181891,-1.162859,-0.014645994,-0.8202302631578947,4.242111,0.14721177944862174,0.2396773182957391,9.251764,1.7291615,9.133101,1.737039,2.512774,4.448358,0.1927835783514093,-1.8539643,14.836927,-3.3099058014354066,1.0378431,1.1273957,-0.61665756,13.795603,2.0283344,28.827694,11.493614,0.7980985,1.1069398,24.486912
72.0,Lephalale,ssp126,far-term_2081-2100,8.546473,-1.4481478,0.4842867,-0.2934659090909091,-3.6337066,0.07945927318295824,0.09164598997493745,3.0464725,0.9151949,1.7676998,0.43438655,-0.08838081,2.3672297,0.09893538463870635,-2.592459,17.47215,-1.549784090909091,0.58711606,0.66894186,-2.073616,16.313671,2.3581471,38.46165,14.3264475,1.1303,1.5504252,30.024807
72.0,Lephalale,ssp126,mid-term_2041-2060,7.000097,-1.2263979,0.2075367,-0.3425909090909091,-4.7519517,-0.14316572681704232,0.0808959899749374,2.469717,0.65885675,1.3965758,0.3017875,0.18532296,1.6754768,0.04754499488827344,-2.4255407,16.251686,-1.6396590909090907,0.62296665,0.60608673,-1.7981292,14.682333,1.9387722,33.5099,12.772968,1.0207813,1.3589637,25.4527
72.0,Lephalale,ssp126,near-term_2021-2040,7.532966,-0.6540228,0.23603678,-0.2728409090909091,1.048085,0.13845927318295762,0.1290209899749374,4.4315386,1.0931259,1.4562578,0.33050582,0.07058449,1.2640455,0.10538954348137844,-0.99256045,12.256465,-1.2699090909090907,0.19410968,0.12641001,-0.5951465,11.401885,1.3077722,25.345146,9.699789,0.66317904,0.8599396,18.702307
72.0,Lephalale,ssp245,far-term_2081-2100,11.787268,-2.888182,0.37918568,-0.4973863636363637,-3.112175,0.08966165413533966,0.19422932330827075,5.737093,1.5640951,4.0480294,1.0253177,0.9964484,2.9072146,0.19147421520249092,-6.341038,33.794662,-2.4661363636363633,2.4849615,2.7325833,-5.672349,29.045633,6.9144435,73.94596,24.690414,2.3046248,2.8935902,65.68589
72.0,Lephalale,ssp245,mid-term_2041-2060,8.955715,-2.1854546,0.2896615,-0.37988636363636363,2.1148772,0.42894736842105285,0.3382769423558898,8.98948,2.0094163,5.435314,1.2233133,0.7374066,3.3400307,0.2269695770005066,-3.9572873,21.417965,-1.9240909090909089,1.6298993,1.5958947,-2.9487944,18.907816,3.506579,45.86813,16.283012,1.4097296,1.8425379,35.00292
72.0,Lephalale,ssp245,near-term_2021-2040,6.2080903,-0.47935408,0.49016136,-0.2509270334928229,0.055133056,0.06770927318295836,0.06377098997493745,1.7517893,0.5184129,0.6316212,0.16140714,-0.15336227,0.5579723,0.09971649979784418,-0.8376599,12.544611,-1.2793241626794258,0.8135787,0.8697627,-0.24892434,11.6374,1.4794776,24.959627,9.324106,0.6101929,0.8212706,18.124512
72.0,Lephalale,ssp370,far-term_2081-2100,23.163483,-3.2286615,0.43584603,-0.545340909090909,-0.79978025,0.35739348370927393,0.46642230576441107,14.920879,3.263088,10.461081,2.2204523,2.1245127,6.8232684,0.32913035881207336,-8.482549,53.908802,-2.837575757575757,4.2971272,3.8246062,-7.2856107,40.314445,13.227147,99.736786,31.269543,3.293858,4.691408,108.493065
72.0,Lephalale,ssp370,mid-term_2041-2060,11.542959,-2.481717,0.047819804,-0.5103409090909091,-4.9553986,-0.04208020050125176,0.19918546365914785,6.183035,1.6311915,3.8256,0.95097333,0.61805725,1.750634,0.13382808434167598,-5.0864544,24.567001,-2.4928535353535355,1.8550441,1.3149474,-3.3464794,19.736961,3.4445083,48.116093,17.114649,1.3103878,1.9669288,37.509033
72.0,Lephalale,ssp370,near-term_2021-2040,5.3084793,-1.0256062,0.5997934,-0.3528409090909091,5.517493,0.37028822055137833,0.22826441102756884,6.972621,1.4530835,2.7759368,0.5713292,0.37283343,2.702891,0.1533282673225577,-1.7753818,13.150524,-1.6832702020202017,0.77773005,0.34433335,-0.13623019,11.047752,1.3888137,22.30317,8.395022,0.663857,1.0321348,17.348337
72.0,Lephalale,ssp585,far-term_2081-2100,27.6531,-3.2784092,0.29775715,-0.5543181818181816,-0.93687284,0.5643045112781958,0.5512531328320802,17.3927,4.143407,10.403837,2.40952,2.1293318,6.037628,0.4592795962829802,-9.0751,61.620193,-2.8581818181818184,5.251094,5.5398664,-8.347037,50.765278,17.137714,124.156425,37.01196,4.1666374,5.7495394,153.18732
72.0,Lephalale,ssp585,mid-term_2041-2060,12.0613165,-2.6474164,0.27204266,-0.45383971291866015,3.3778214,0.6326378446115295,0.32970551378446117,10.627953,2.442586,6.347205,1.4509676,1.1696845,4.478715,0.27915147743930824,-5.3878126,28.239388,-2.2541746411483254,2.1034565,2.1998892,-4.322548,23.384598,5.003834,58.46293,20.230104,1.7985537,2.2336364,48.492207
72.0,Lephalale,ssp585,near-term_2021-2040,6.280364,-0.76785886,0.050018646,-0.2603708133971292,5.3897705,0.34109022556391055,0.2516102756892232,7.7130985,1.709929,5.715899,1.281627,1.0288043,3.3984416,0.20749079845759502,-1.578243,13.741331,-1.3214174641148322,0.97152984,1.0430713,-0.58384454,12.743354,1.8080025,28.193352,10.590303,0.75357866,0.9783241,20.44161
73.0,Bela-Bela,ssp126,far-term_2081-2100,7.862497,-1.5501363,0.49848232,-0.5154090909090909,-3.43916,-0.2692368421052606,0.1375363408521304,4.7001204,0.8323843,3.976033,0.68901575,1.0752571,3.184198,0.10235974169949866,-2.6634312,18.013674,-3.0573181818181814,0.5431413,0.60531694,-2.0956907,16.897463,2.5714355,39.311142,14.571028,1.0926607,1.5801064,30.687794
73.0,Bela-Bela,ssp126,mid-term_2041-2060,7.788498,-1.2601362,0.19448224,-0.6314090909090909,0.4152344,-0.3287368421052612,0.23953634085212974,9.393837,1.5121673,7.8835936,1.3021656,2.5371273,2.9474213,0.09390111291262038,-2.5111308,16.826824,-3.2553181818181818,0.59250104,0.39784813,-1.925272,15.131631,2.0664353,34.36614,13.338367,0.918643,1.4016746,26.272532
73.0,Bela-Bela,ssp126,near-term_2021-2040,8.4155,-0.49163628,0.43248254,-0.458909090909091,3.8913453,0.030763157894736538,0.1175363408521302,5.572206,0.8905897,4.3553843,0.724063,0.9749199,1.7718842,0.11448108347555017,-0.9978525,12.602894,-2.309818181818182,0.11954714,0.026843261,-0.5611555,11.52657,1.3759353,25.168621,9.855122,0.58315027,0.8644058,18.964636
73.0,Bela-Bela,ssp245,far-term_2081-2100,13.2480755,-2.9831817,0.43774396,-0.8899999999999999,2.3695312,0.09240601503759435,0.288345864661654,9.767003,1.5884304,9.833393,1.653071,1.7899253,3.1854737,0.18510055689050803,-6.285035,35.405376,-4.741363636363637,2.3104644,2.493323,-5.594397,29.919569,7.5805984,76.71925,25.313213,2.228741,2.9787452,67.57995
73.0,Bela-Bela,ssp245,mid-term_2041-2060,8.615213,-2.2486362,0.19964905,-0.7250000000000001,3.1326294,0.30478696741854777,0.4883458646616538,13.619838,2.1658435,9.602625,1.5792972,1.8683708,5.1417236,0.22135539043002836,-3.9993896,22.343904,-3.7800000000000002,1.4392782,1.5303147,-2.966983,19.38342,3.6723444,47.201313,16.859398,1.3013227,1.8107345,36.172356
73.0,Bela-Bela,ssp245,near-term_2021-2040,6.734993,-0.59839714,0.5509823,-0.4587081339712918,2.661963,0.034763157894738585,0.2100363408521302,7.9610977,1.3035038,6.449429,1.0744771,1.4271228,2.3391862,0.16574349105082753,-0.7592522,12.684876,-2.4264832535885175,0.7004159,0.78190005,-0.26037845,11.711945,1.5576955,24.721264,9.3984375,0.4660551,0.84987336,19.179073
73.0,Bela-Bela,ssp370,far-term_2081-2100,20.635817,-3.410303,0.7340347,-0.9897979797979799,4.352234,0.3831578947368442,0.5887468671679194,20.344578,3.0783172,15.43451,2.4094543,3.38299,6.917302,0.3955581706895462,-8.533085,57.252724,-5.500151515151515,3.8377335,3.5646987,-7.283466,41.74755,14.534769,108.44369,32.40564,3.1819682,4.663203,112.53902
73.0,Bela-Bela,ssp370,mid-term_2041-2060,10.541609,-2.7819698,0.16350918,-0.8947979797979798,-3.3038208,-0.18263157894736678,0.31874686716791995,11.113922,1.863108,8.598448,1.4432353,2.0635178,3.8620543,0.17788896988683867,-4.9582667,25.756958,-4.561262626262627,1.444225,1.2064552,-3.4812195,20.889511,4.0486574,50.24925,18.15708,1.2832949,2.0413673,40.2118
73.0,Bela-Bela,ssp370,near-term_2021-2040,5.198451,-1.0975251,0.5350882,-0.6342424242424242,2.8677735,0.020526315789472706,0.32401002506265647,10.594533,1.6847302,7.216496,1.1813552,1.598676,3.2290177,0.13619427627857608,-1.5878052,13.447769,-3.0034848484848484,0.51772976,0.20136909,-0.28720397,11.520023,1.4792132,23.150911,9.084681,0.5843878,0.9768547,18.009577
73.0,Bela-Bela,ssp585,far-term_2081-2100,27.699974,-3.5013638,0.41155338,-0.9963636363636363,5.5519896,0.41145363408521407,0.7159649122807011,25.22131,4.0287824,18.277027,3.0194178,4.0514593,8.304013,0.5335967716193751,-9.037455,63.875065,-5.547272727272727,4.758169,5.0649595,-8.281523,52.46417,18.525526,137.45541,37.964375,4.241974,5.866063,159.14807
73.0,Bela-Bela,ssp585,mid-term_2041-2060,10.797114,-2.7707176,0.32060146,-0.8198803827751195,6.700427,0.5557393483709291,0.506917293233083,14.773895,2.30288,10.379837,1.6915237,2.3295548,5.1824493,0.29381488653956184,-5.5288606,30.220129,-4.436842105263159,1.948609,2.0621033,-4.3950152,24.240162,5.6407413,60.749695,21.030346,1.7495844,2.2361495,49.97712
73.0,Bela-Bela,ssp585,near-term_2021-2040,6.949974,-0.905574,0.012982178,-0.4602631578947369,6.404248,0.2324060150375935,0.3754887218045108,14.3481245,2.284172,12.544091,2.0806255,3.1894817,4.917836,0.2201340604648049,-1.5867052,14.400403,-2.6628229665071776,0.8371944,1.052459,-0.558239,13.047687,1.9286364,28.619503,10.856684,0.68205816,0.99169314,21.009022
74.0,Mogalakwena,ssp126,far-term_2081-2100,8.348286,-1.2030051,0.5552386,-0.2383585858585858,-2.5715163,-0.06895781119465244,0.18822403230297952,4.95962,1.1280591,1.5468335,0.34371695,-0.24052769,2.850157,0.11079261893062092,-2.5505285,17.488823,-1.5792424242424241,0.5521194,0.5776257,-1.9205941,15.594055,2.347391,37.6318,13.773431,1.0040709,1.4926728,26.72562
74.0,Mogalakwena,ssp126,mid-term_2041-2060,7.7680154,-1.1082827,0.17996079,-0.32058080808080797,-5.98331,-0.41701336675020984,0.06766847674742407,2.133765,0.51788116,1.5687199,0.3253388,0.15091705,1.8069314,0.02557079528346594,-2.3848822,16.38228,-1.7645202020202018,0.5907889,0.47880533,-1.7005639,14.351281,1.989891,33.082626,12.35205,0.95398974,1.2941632,22.616554
74.0,Mogalakwena,ssp126,near-term_2021-2040,8.473293,-0.41967165,0.36746088,-0.23752525252525247,2.2328186,-0.0786800334168753,0.24350181008075733,6.728582,1.3984256,2.0310557,0.42162302,-0.28759003,2.5093908,0.09015333837380643,-0.9491956,12.338758,-1.3439646464646466,0.20884334,0.094232135,-0.43714884,10.968368,1.3151687,24.429852,9.267705,0.5825318,0.7850804,16.220064
74.0,Mogalakwena,ssp245,far-term_2081-2100,13.207729,-2.7962122,0.36694473,-0.45808080808080803,-2.3882751,-0.04397103870788182,0.32347535505430236,8.44126,1.8335643,5.6594615,1.1845767,1.0666763,3.7672586,0.2049714730054203,-6.255377,34.3309,-2.606060606060606,2.3353891,2.5201654,-5.5609283,27.83639,6.924734,74.27833,24.139679,2.1586351,2.8134503,57.842697
74.0,Mogalakwena,ssp245,mid-term_2041-2060,7.8066654,-2.1055555,0.2984263,-0.3371212121212121,1.2899137,0.25179615705931485,0.4499303815093287,10.949901,2.1757612,7.002441,1.4042925,0.5412776,4.1420527,0.22120538774780585,-3.8704495,21.663553,-2.0252525252525246,1.4644853,1.5432023,-2.7847834,18.082441,3.5046384,45.164196,15.807488,1.282213,1.7333878,30.459425
74.0,Mogalakwena,ssp245,near-term_2021-2040,5.854128,-0.34546793,0.57496095,-0.2262493354598617,0.65687054,0.013819966583123467,0.06655736563631282,1.2522799,0.2971682,0.9358906,0.20329206,-0.20798683,1.0129819,0.10132184626895471,-0.7826623,12.595999,-1.339580010632642,0.73891574,0.8144639,-0.17217,11.178831,1.5146642,24.345789,9.016405,0.47769758,0.7938088,16.03815
74.0,Mogalakwena,ssp370,far-term_2081-2100,23.621199,-3.166863,0.5493176,-0.5019079685746352,-0.782274,0.33295739348371,0.5463380673906989,15.593557,2.8773608,10.341149,1.9300697,1.8176081,6.568468,0.36637551247500333,-8.49817,55.68804,-2.9967732884399556,4.1284075,3.626258,-7.172971,38.820293,13.609521,103.94899,30.9142,3.1079752,4.5001645,98.608376
74.0,Mogalakwena,ssp370,mid-term_2041-2060,10.863015,-2.3242705,-0.010331684,-0.477833894500561,-6.90881,-0.2530075187969925,0.30481759955444154,7.169344,1.6687301,3.2644358,0.7276707,0.4136997,2.4728708,0.15127720889694846,-5.03164,25.19853,-2.6239337822671156,1.7127047,1.2410134,-3.283618,19.022274,3.5514958,47.72492,16.761738,1.214474,1.9391428,32.627193
74.0,Mogalakwena,ssp370,near-term_2021-2040,5.8679867,-0.7532828,0.54142284,-0.3438832772166106,6.6451178,0.3063492063492045,0.35218602060707305,8.873467,1.6029595,3.2884982,0.58964545,0.068667516,3.5173433,0.16097000417507562,-1.7356089,13.358504,-1.8517115600448935,0.7607945,0.25447845,-0.062333636,10.806586,1.4468663,21.73479,8.239258,0.63245827,0.89165115,15.153739
74.0,Mogalakwena,ssp585,far-term_2081-2100,26.72757,-3.1984847,0.36191845,-0.5075757575757575,-1.9732157,0.25126705653021475,0.7144806460595934,20.5091,4.224194,12.615472,2.5869803,1.9494243,7.028924,0.4605486012204236,-9.040303,62.419342,-3.0166666666666666,4.9073067,5.227963,-8.2310505,49.226673,17.635448,133.17935,36.574978,4.0030766,5.658797,140.82768
74.0,Mogalakwena,ssp585,mid-term_2041-2060,11.896353,-2.4007175,0.28361142,-0.41702551834130774,2.8564928,0.5163464216095777,0.427179058758006,11.738859,2.3389833,6.8406596,1.3838277,0.862869,4.8771405,0.27847608246577976,-5.3754478,28.838865,-2.3902445507708667,1.9569832,2.093075,-4.247203,22.425434,5.0964646,57.91915,19.754124,1.7201818,2.1970139,41.861538
74.0,Mogalakwena,ssp585,near-term_2021-2040,6.433915,-0.59298235,-0.030673875,-0.22749867091972348,4.4993963,0.217404622667782,0.324004455583403,9.087349,1.7951587,6.2566485,1.2660755,0.9809407,3.7524235,0.23259687740012572,-1.4085405,13.708831,-1.3625332270069113,0.8325697,0.9697384,-0.4780642,12.248423,1.803203,27.70359,10.213788,0.644845,0.876461,18.104136
75.0,Ephraim Mogale,ssp126,far-term_2081-2100,10.04636,-1.329091,0.5508671,-0.2738636363636364,-3.1724854,-0.17538533834586545,0.11392230576441098,6.139141,1.0725341,3.818285,0.6453364,0.42116356,3.3418922,0.06707539916529415,-2.3741107,18.141903,-1.9267045454545448,0.5174341,0.39592743,-1.7982044,15.787455,2.5561724,38.793156,13.738163,0.89218616,1.5205898,24.345045
75.0,Ephraim Mogale,ssp126,mid-term_2041-2060,6.635113,-1.1928409,0.3421173,-0.3701136363636364,-3.934723,-0.5741353383458669,0.10142230576441058,5.409775,0.9422374,4.167491,0.7100549,0.7341757,2.422062,-0.007572337943879237,-2.3362367,17.082413,-2.161704545454545,0.6023948,0.2976427,-1.6779313,14.438725,2.0999224,34.356915,12.551783,0.8056078,1.3829517,20.251629
75.0,Ephraim Mogale,ssp126,near-term_2021-2040,6.3826103,-0.2928406,0.43211746,-0.23636363636363641,4.2634277,-0.10038533834586438,0.17267230576441084,7.843296,1.3147712,4.7240705,0.7938688,0.22597408,4.0097084,0.06274043590878442,-0.86370134,12.637575,-1.5442045454545448,0.15019551,-0.026871681,-0.33187246,10.776154,1.3699224,24.436905,9.186548,0.44621134,0.8729782,14.166101
75.0,Ephraim Mogale,ssp245,far-term_2081-2100,11.984394,-3.0306816,0.55902195,-0.5102272727272728,-0.2121582,-0.02675438596491375,0.3177318295739342,10.79509,1.768888,9.11048,1.513679,1.6002216,4.5099983,0.12117550086244266,-6.1766996,36.010296,-3.1863636363636356,2.2528641,2.2694492,-5.37887,27.993906,7.471711,76.328255,24.423038,1.9514856,2.9366837,54.37406
75.0,Ephraim Mogale,ssp245,mid-term_2041-2060,6.9058304,-2.0579545,0.31973648,-0.3954545454545455,0.36688232,0.23157894736842088,0.3653508771929821,11.483513,1.8821759,8.880471,1.4891162,1.4908838,5.413372,0.16607136205396777,-3.8129518,22.672384,-2.5034090909090905,1.3583105,1.434494,-2.7432532,18.102516,3.6223083,46.889404,16.046318,1.1469274,1.7504005,27.96735
75.0,Ephraim Mogale,ssp245,near-term_2021-2040,7.79261,-0.6631577,0.60836697,-0.25532296650717706,-0.08395386,-0.04788533834586417,0.12142230576441082,4.8174286,0.84592676,3.0035572,0.5024452,0.59804535,2.078434,0.09656063072317167,-0.74760437,13.050253,-1.6110047846889948,0.7099173,0.75407124,-0.17898178,11.061815,1.508187,24.88026,8.942553,0.44545555,0.8808365,14.600878
75.0,Ephraim Mogale,ssp370,far-term_2081-2100,21.12143,-3.4618688,0.8300123,-0.5863636363636364,-2.8387756,0.24191729323308486,0.5281328320801999,19.09932,3.0451202,13.225113,2.0971675,2.342286,6.328701,0.30419329326608047,-8.513973,57.988503,-3.723232323232323,3.7733998,3.2476997,-7.0560045,39.35202,14.6017275,107.19219,31.298302,3.03761,4.436449,94.68759
75.0,Ephraim Mogale,ssp370,mid-term_2041-2060,11.563538,-2.7285352,-0.023935795,-0.5349747474747475,-9.707855,-0.6265037593984975,0.31102756892230543,10.915054,2.106423,5.8475513,1.0824203,0.89447117,3.8472633,0.10545427390065543,-4.790037,26.421227,-3.1093434343434336,1.4899864,1.0108147,-3.252183,19.370247,4.0003395,49.838013,17.292404,1.1755447,2.0026226,30.805645
75.0,Ephraim Mogale,ssp370,near-term_2021-2040,7.7082787,-0.88547957,0.535275,-0.3960858585858586,3.0751038,0.05770676691729193,0.2939223057644107,10.104214,1.5783324,5.965292,0.93012595,1.0757866,3.7525444,0.10917404271584985,-1.5314336,14.346365,-2.1440656565656564,0.6425501,0.083740234,-0.17186928,10.86333,1.5322831,23.303295,8.57843,0.51495075,0.87986374,13.738983
75.0,Ephraim Mogale,ssp585,far-term_2081-2100,21.793922,-3.5238636,0.5447359,-0.5829545454545455,-2.5707092,-0.21365914786967366,0.7808270676691722,27.311066,4.6078224,19.990814,3.3480046,3.1365356,8.6975975,0.3849439411085198,-8.976545,64.023605,-3.7375,4.5465627,4.6962337,-8.0854645,49.596596,18.72231,136.06668,36.872868,3.8751316,5.6996403,136.26378
75.0,Ephraim Mogale,ssp585,mid-term_2041-2060,11.996304,-2.7968898,0.10545015,-0.47494019138755983,1.8952942,0.3565789473684191,0.44868421052631535,14.037418,2.3207412,9.147764,1.5231631,1.2675562,4.7277794,0.18677741216495658,-5.3519545,30.698341,-2.973983253588516,1.8589824,1.9473448,-4.2213993,22.611128,5.5775127,60.465485,20.163067,1.6637831,2.2686424,37.693542
75.0,Ephraim Mogale,ssp585,near-term_2021-2040,8.114159,-0.9305022,-0.18978786,-0.2553827751196172,2.242035,-0.055325814536340445,0.28439849624060143,12.216999,2.0477219,10.407339,1.7863879,2.045188,5.1331406,0.1660973966238748,-1.4233575,14.790939,-1.721172248803827,0.84569144,0.86451435,-0.52066946,12.337886,1.922488,28.653027,10.3663845,0.6360445,0.9367943,16.493546
76.0,Elias Motsoaledi,ssp126,far-term_2081-2100,7.763912,-1.3373866,0.43035904,-0.44147727272727283,-1.3845316,-0.015107560568086006,0.13513993316624862,5.597197,0.8405032,5.5698004,0.854126,0.9508467,3.3849385,0.07750212417389395,-2.3775504,18.247896,-2.7256439393939402,0.55846804,0.40417925,-1.87782,16.044699,2.6001635,36.868393,13.843276,0.9296382,1.5561422,24.877213
76.0,Elias Motsoaledi,ssp126,mid-term_2041-2060,6.490992,-1.1065532,0.23577611,-0.556060606060606,-0.35158285,-0.3951075605680862,0.12805659983291537,6.542974,0.97437716,6.010846,0.93304735,1.3267466,2.7195065,0.025152446620109476,-2.2534254,17.134415,-2.93314393939394,0.6090101,0.27413145,-1.719823,14.575186,2.12683,32.630474,12.723717,0.81131476,1.3874441,20.707916
76.0,Elias Motsoaledi,ssp126,near-term_2021-2040,4.8205795,-0.19821985,0.24619246,-0.35856060606060597,5.9735312,-0.0680242272347525,0.19055659983291542,8.628781,1.2820123,6.284885,0.97565913,0.7631461,3.955064,0.0629729849493299,-0.77594185,12.707946,-2.06314393939394,0.14830077,-0.03724162,-0.29414478,10.918544,1.4126633,23.008396,9.218131,0.45040098,0.9010169,14.52853
76.0,Elias Motsoaledi,ssp245,far-term_2081-2100,10.362487,-3.007576,0.4901215,-0.7878787878787877,2.6353252,-0.012071846282374565,0.3809732664995822,12.160338,1.7259709,11.132061,1.673874,2.163353,4.616198,0.12951079311864225,-6.181713,36.324112,-4.506439393939395,2.2697375,2.2829425,-5.4092946,28.333963,7.5754185,74.02736,24.68721,2.0001187,2.9905694,55.32406
76.0,Elias Motsoaledi,ssp245,mid-term_2041-2060,5.5216117,-2.042803,0.17980368,-0.6170454545454543,2.1169636,0.31530910609857976,0.4004177109440268,12.259125,1.7908949,9.958616,1.5423142,1.9774402,5.6022086,0.17683436322992133,-3.756891,22.792599,-3.5272727272727287,1.3508263,1.4204098,-2.793456,18.346743,3.6085725,44.600513,16.244793,1.1738728,1.7775644,28.978676
76.0,Elias Motsoaledi,ssp245,near-term_2021-2040,6.390995,-0.52769136,0.46410927,-0.41499202551834125,0.9850871,0.03364243943191347,0.14847326649958226,6.5062156,1.0319887,4.812514,0.7533643,1.1498207,2.3531444,0.11049654323994244,-0.7234499,13.040731,-2.3065988835725686,0.7284889,0.76152164,-0.20433395,11.155083,1.5232058,23.158014,9.036534,0.4593447,0.913716,15.048496
76.0,Elias Motsoaledi,ssp370,far-term_2081-2100,19.418566,-3.4673402,0.7616752,-0.9079124579124578,-1.5883077,0.18548454469506956,0.587990810359231,21.018843,3.0939105,15.214606,2.2577646,2.9082613,6.8047676,0.3019981973269184,-8.484888,58.570137,-5.290319865319866,3.7475612,3.202964,-7.063292,39.839302,15.007479,106.77868,31.609383,3.0650036,4.449927,95.92636
76.0,Elias Motsoaledi,ssp370,mid-term_2041-2060,11.12865,-2.7080808,0.03272708,-0.8125420875420876,-8.070231,-0.5136382623224733,0.32790309106098553,11.652823,1.9768852,7.634026,1.2589457,1.5551538,4.042759,0.08992303079189264,-4.820296,27.106468,-4.38152356902357,1.5316825,1.022796,-3.2879057,19.675423,4.2172008,47.646725,17.550077,1.2033097,1.9973704,31.355526
76.0,Elias Motsoaledi,ssp370,near-term_2021-2040,6.591806,-1.0803031,0.47746435,-0.6111531986531986,2.7180684,0.08153717627401906,0.27527151211361717,9.278233,1.3596567,6.318935,0.95649153,1.1254603,3.421627,0.0919230730514607,-1.5801507,14.602847,-3.0611531986531992,0.6737816,0.07322439,-0.22545052,11.05192,1.5195153,21.774042,8.782281,0.5361703,0.86749583,13.731916
76.0,Elias Motsoaledi,ssp585,far-term_2081-2100,19.13907,-3.528788,0.54369193,-0.902651515151515,1.9792175,-0.046595655806182044,0.855576441102757,30.113459,4.529387,23.482927,3.581182,3.9779959,9.935509,0.4104128676994077,-8.985706,64.59044,-5.339015151515152,4.543389,4.701914,-8.086165,50.190697,19.122585,137.98083,37.185524,3.9158952,5.7755494,138.99495
76.0,Elias Motsoaledi,ssp585,mid-term_2041-2060,10.027561,-2.7203748,-0.029323578,-0.7373803827751195,4.8967185,0.45340434419381676,0.5107351712614873,15.845164,2.3292644,11.431822,1.7381619,1.7861109,4.8437896,0.2079745705363029,-5.3587418,31.173101,-4.234230462519937,1.8825018,1.9447216,-4.2709737,22.972195,5.8022127,58.568058,20.526653,1.6815314,2.3158162,39.130657
76.0,Elias Motsoaledi,ssp585,near-term_2021-2040,7.122003,-0.8323167,-0.24876802,-0.4035087719298245,3.7700603,0.008166248955722821,0.42859231411862986,15.072403,2.301211,11.255773,1.7776278,2.622658,5.1038413,0.17200168257627121,-1.4835733,15.00836,-2.4457735247208943,0.8534388,0.8710349,-0.5493528,12.475393,1.950957,27.245583,10.506601,0.6704003,0.9604435,16.658041
77.0,Makhuduthamaga,ssp126,far-term_2081-2100,8.105171,-1.3417423,0.44477877,-0.2631060606060606,-4.1763916,-0.1918609022556422,0.1595426065162903,4.7690177,0.7752574,3.6869972,0.5719622,0.4061699,4.1140494,0.07881369340598028,-2.3875194,18.364187,-1.900530303030303,0.53589445,0.3771,-1.7670943,15.375591,2.505893,38.139526,13.426423,0.83979636,1.5192477,22.478487
77.0,Makhuduthamaga,ssp126,mid-term_2041-2060,5.9035034,-1.1684089,0.18227832,-0.3606060606060606,-5.7914834,-0.48352756892230647,0.06204260651629031,2.94267,0.4906114,2.1269848,0.30895886,0.27983093,2.3863018,0.00843100074893055,-2.30289,17.2037,-2.150530303030303,0.636758,0.32114473,-1.5213617,14.112246,2.0808933,33.628693,12.230725,0.76656276,1.3599739,18.962698
77.0,Makhuduthamaga,ssp126,near-term_2021-2040,4.8785043,-0.3825756,0.26977858,-0.23977272727272725,5.1289062,0.07313909774435838,0.17704260651629053,7.5201416,1.1433178,4.8892875,0.75360155,0.3731238,5.0886536,0.06859646031792217,-0.8958988,12.7494755,-1.5296969696969696,0.19112368,-0.009312312,-0.23677222,10.53394,1.3558931,23.854538,8.937695,0.43268934,0.86093396,12.958312
77.0,Makhuduthamaga,ssp245,far-term_2081-2100,9.435089,-3.0689392,0.40192223,-0.5181818181818182,-1.8046671,-0.1094402673350056,0.29958228905597295,10.564659,1.6298281,9.830434,1.5459052,1.7625052,5.5336,0.1779154595379738,-6.170459,35.83497,-3.1522727272727273,2.2340088,2.235759,-5.2992167,27.152924,7.217504,75.861916,23.995039,1.8659636,2.8973668,49.996784
77.0,Makhuduthamaga,ssp245,mid-term_2041-2060,6.0033417,-2.1151514,0.06303278,-0.39090909090909093,-2.0895183,0.2659565580618211,0.3495822890559728,11.264481,1.7668604,7.93104,1.2322797,1.4305445,5.7242227,0.18187041031775367,-3.7889736,22.640291,-2.4742424242424246,1.3395234,1.4201578,-2.660854,17.67169,3.5436208,46.419373,15.735795,1.1278038,1.7227898,25.476147
77.0,Makhuduthamaga,ssp245,near-term_2021-2040,6.805168,-0.70578146,0.42727914,-0.261762360446571,-3.708435,-0.16269423558897364,0.04537593984962399,1.4337158,0.30435562,0.88901967,0.15116055,0.39617348,1.7738571,0.08474596726133961,-0.8068463,13.146954,-1.6267145135566186,0.6987285,0.72478485,-0.14926116,10.832385,1.4944444,24.39004,8.831833,0.4623839,0.8467954,13.693317
77.0,Makhuduthamaga,ssp370,far-term_2081-2100,18.737015,-3.4566498,0.66583157,-0.593013468013468,-5.910848,0.08195488721804267,0.5845864661654132,19.678284,2.9502048,15.339452,2.299648,2.7125332,7.146744,0.3647826234770785,-8.510499,57.650543,-3.6956228956228956,3.7695017,3.2281792,-6.975149,38.562984,14.30793,108.4975,30.893763,2.979147,4.3709207,89.75855
77.0,Makhuduthamaga,ssp370,mid-term_2041-2060,9.660693,-2.72702,-0.04644966,-0.5337542087542088,-12.701355,-0.6285714285714287,0.3100250626566415,9.821437,1.8187695,5.743738,1.0151939,0.89171475,4.2913766,0.13643213475844096,-4.857183,26.572372,-3.1224747474747474,1.54664,1.0244986,-3.13033,18.77773,3.9375598,48.94749,16.848843,1.1397349,2.0189667,28.247446
77.0,Makhuduthamaga,ssp370,near-term_2021-2040,5.670344,-1.0455385,0.4096918,-0.40597643097643094,4.107666,0.16528822055137601,0.31353383458646605,10.213005,1.4111252,6.1015506,0.8542927,1.0953947,4.832049,0.14561805584109155,-1.6614838,14.581786,-2.2187710437710435,0.69809735,0.1199646,-0.083377205,10.584178,1.5366338,22.683603,8.365632,0.51422375,0.8497531,12.593741
77.0,Makhuduthamaga,ssp585,far-term_2081-2100,18.38192,-3.490909,0.3670012,-0.5893939393939394,-4.6755776,-0.3300751879699237,0.8273600668337512,29.099325,4.579424,22.162142,3.4396951,3.364949,10.292941,0.4562440312825933,-8.974926,63.765804,-3.7136363636363634,4.513943,4.6520805,-8.0126295,48.49329,18.559528,138.52391,36.3479,3.7531574,5.6416664,128.70631
77.0,Makhuduthamaga,ssp585,mid-term_2041-2060,10.702548,-2.8006778,0.014620781,-0.4810207336523125,-0.80371094,0.2088137009189642,0.4011695906432748,12.747437,1.9889513,7.66794,1.1839756,1.2327856,4.9857407,0.1973378418487286,-5.345224,30.603662,-2.9548644338118026,1.8463255,1.9143976,-4.1554008,22.00057,5.4676633,59.87727,19.793797,1.583602,2.241768,34.78964
77.0,Makhuduthamaga,ssp585,near-term_2021-2040,6.751757,-0.9822965,-0.20522086,-0.26614832535885163,0.19832356,0.0032581453634072943,0.2733918128654967,10.812177,1.68317,8.297861,1.3092486,1.6445084,5.346537,0.16498768149054044,-1.4636517,14.744896,-1.7253987240829345,0.8481212,0.8396314,-0.4701201,11.978605,1.8829746,28.220137,10.094253,0.59530354,0.8931732,15.014243
78.0,Chief Albert Luthuli,ssp126,far-term_2081-2100,2.9563107,-1.0706533,0.011469245,-1.7309943181818181,5.589966,-0.2551582080200516,0.2659562969924816,11.831431,1.1498255,8.156393,0.8539924,1.5804584,4.4845753,0.11893062251598419,-2.2551217,18.814749,-5.668607954545456,0.65113145,0.43193293,-1.7107819,15.47291,2.332213,22.375881,13.386782,0.94665563,1.6323595,19.348528
78.0,Chief Albert Luthuli,ssp126,mid-term_2041-2060,2.7647524,-0.8834659,0.07959461,-1.8547443181818182,6.7950516,-0.22265820802004876,0.17595629699248172,10.23906,0.960279,7.6167917,0.789939,1.971894,3.0711985,0.06472800089568365,-2.056774,17.829426,-5.754545454545456,0.6643511,0.27803326,-1.4947847,13.960235,2.0062754,19.682753,12.389164,0.7866894,1.4298811,15.868593
78.0,Chief Albert Luthuli,ssp126,near-term_2021-2040,1.711936,0.09497166,-0.09134281,-1.1728693181818182,16.005005,0.07171679197994862,0.2609562969924815,12.143319,1.1168898,7.726563,0.7972301,1.5853369,5.6525106,0.09851241911775788,-0.41886365,12.833926,-3.736420454545454,0.14657167,-0.028362274,0.026990175,10.472072,1.2322129,12.863379,8.751558,0.49696374,0.9659462,11.003791
78.0,Chief Albert Luthuli,ssp245,far-term_2081-2100,3.5854893,-2.8426137,0.6076592,-2.801420454545455,14.761612,0.1569548872180424,0.630137844611529,23.625847,2.2164283,14.209436,1.3949738,2.7058113,5.6877832,0.18143565805867923,-6.026728,36.59813,-9.98409090909091,2.2737906,2.199657,-5.2154393,26.778801,7.162231,46.130547,23.99616,2.0383387,2.9935465,43.26872
78.0,Chief Albert Luthuli,ssp245,mid-term_2041-2060,1.0860882,-1.8,-0.07061386,-2.1281250000000003,5.633026,0.04713345864661633,0.5030545112781961,17.361067,1.796993,12.954795,1.395633,2.3215902,6.0450144,0.16487137697376208,-3.5514452,23.095846,-7.478409090909091,1.3417159,1.341984,-2.7072954,17.593403,3.359599,27.00423,15.871549,1.1905814,1.802331,22.559053
78.0,Chief Albert Luthuli,ssp245,near-term_2021-2040,3.3334975,-0.39104366,0.023969412,-1.4408044258373207,1.3786392,-0.3423457080200505,0.3456437969924817,10.25963,1.1317676,7.770737,0.84516346,1.7559125,2.9959717,0.11282990794734638,-0.5430834,12.970262,-4.397428229665072,0.7268391,0.7066705,-0.0655601,10.614324,1.3979732,13.200254,8.703892,0.602178,0.9659424,11.450924
78.0,Chief Albert Luthuli,ssp370,far-term_2081-2100,9.064518,-3.2597854,0.41699576,-3.2838068181818185,-5.7766037,-0.24223057644110124,0.6946898496240607,28.524166,3.109382,21.434113,2.34362,4.2021866,7.8704557,0.36851879860017356,-8.366626,58.970364,-12.281628787878788,3.6119242,3.0724895,-6.916558,38.81398,15.297351,77.691574,31.097845,2.9493246,4.527038,82.26253
78.0,Chief Albert Luthuli,ssp370,mid-term_2041-2060,5.2592535,-2.5024936,-0.20339918,-2.765751262626263,-11.933449,-1.0425595238095253,0.21015037593984998,14.936742,1.8616774,12.061287,1.4343259,2.677158,4.9796677,0.18621887655181357,-4.913638,29.526,-9.578156565656565,1.6936909,1.1236918,-3.0783856,19.032566,4.2671432,28.975601,17.18551,1.2181734,2.0180063,25.204887
78.0,Chief Albert Luthuli,ssp370,near-term_2021-2040,2.5852404,-1.1056186,-0.08168852,-2.0442234848484855,-1.4671326,-0.20769110275689284,0.2818609022556394,10.663744,1.1255062,5.4105415,0.54761624,0.9662988,3.1442919,0.1296677700358847,-1.6768687,15.957217,-6.266698232323233,0.8066991,0.19744563,-0.08395004,10.745856,1.5411018,13.346436,8.722876,0.6513566,0.877121,10.655582
78.0,Chief Albert Luthuli,ssp585,far-term_2081-2100,6.784897,-3.2911932,0.43950474,-3.308522727272727,17.896439,0.06915726817042467,1.2096021303258149,48.80402,4.8991694,35.397648,3.696583,6.0085363,14.788565,0.5042946098886966,-8.90103,64.86195,-12.578977272727272,4.4760065,4.5530434,-7.91303,48.59637,19.711588,107.469864,36.48728,3.7161546,5.863617,122.21858
78.0,Chief Albert Luthuli,ssp585,mid-term_2041-2060,3.834598,-2.532177,0.13057697,-2.668301435406699,17.2779,0.5587406015037581,0.8381735588972435,23.703773,2.2185972,15.734734,1.5966064,2.5858996,6.359146,0.26517429945091664,-5.265174,31.983656,-9.580293062200957,1.9021978,1.8820949,-4.11586,22.478222,5.693331,36.600536,20.198149,1.5748441,2.4786859,31.9781
78.0,Chief Albert Luthuli,ssp585,near-term_2021-2040,3.3718004,-0.9826704,-0.33370924,-1.5943331339712923,11.486717,0.15368107769423434,0.5655545112781961,18.794682,1.9094158,11.798874,1.2763258,2.7085965,5.725794,0.17649768216903827,-1.442303,15.450562,-5.430472488038277,0.90554506,0.82011104,-0.53855455,12.084518,1.8152511,15.396277,10.197361,0.6928693,1.0236249,12.3304825
79.0,Msukaligwa,ssp126,far-term_2081-2100,2.5614371,-0.9518467,0.36586094,-3.338920454545454,8.878731,0.1632009711779454,0.29329965538847175,9.034358,0.8272854,7.2449594,0.787872,1.1856143,2.9987392,0.07858206900926534,-2.0942101,18.613241,-8.897272727272728,0.64019436,0.41659975,-1.850017,15.707901,2.372192,20.74474,13.800024,0.997373,1.7044549,20.091322
79.0,Msukaligwa,ssp126,mid-term_2041-2060,2.3920608,-0.92590916,0.44367337,-3.5386079545454545,11.628204,0.09882597117794845,0.1748621553884716,8.7694,0.77689815,9.50128,1.0645878,2.0462763,3.330986,0.05907895718194278,-1.9174649,17.643959,-8.855085227272728,0.6627619,0.2416346,-1.5913503,13.960883,2.016567,18.050053,12.593691,0.8272377,1.5059218,16.208427
79.0,Msukaligwa,ssp126,near-term_2021-2040,1.9011202,0.13190332,0.12054825,-2.1604829545454547,16.856087,0.17851347117794747,0.1426746553884718,8.41164,0.71957624,6.351499,0.6936438,1.1207373,4.7886457,0.07657567894152528,-0.30716598,12.61628,-5.627272727272728,0.14012557,-0.04108715,0.025935888,10.530755,1.239692,12.002865,8.827395,0.52015257,1.0242009,11.608428
79.0,Msukaligwa,ssp245,far-term_2081-2100,3.3117795,-2.6701705,0.93001246,-5.714488636363636,18.718315,0.6119360902255666,0.5487312030075195,18.470394,1.7078749,11.263044,1.130576,1.9136658,4.0506296,0.15693536800301788,-5.869995,36.14286,-16.59886363636364,2.2924209,2.2006686,-5.2545376,27.250656,7.1194973,42.82974,24.318787,2.1327953,3.0443149,45.039944
79.0,Msukaligwa,ssp245,mid-term_2041-2060,1.9067206,-1.6704546,0.28953636,-4.317897727272728,8.982048,0.4280075187969956,0.4320645363408525,14.717899,1.5744473,9.63129,1.0931026,1.6529822,5.002429,0.12547715872418685,-3.3669002,22.80614,-12.066761363636365,1.3790934,1.3150449,-2.7648382,17.931507,3.38276,25.21386,16.190746,1.2445556,1.8757329,23.575314
79.0,Msukaligwa,ssp245,near-term_2021-2040,2.7229996,-0.28527218,0.20836091,-2.6522876794258377,2.9667664,-0.14367402882205038,0.25673715538847186,9.431317,1.1044804,7.922431,0.9391707,1.7292957,2.5672712,0.10409250951105098,-0.3885101,12.723906,-6.809763755980861,0.70285565,0.72806716,-0.10236108,10.725231,1.3826871,12.412964,8.845776,0.6217526,1.0310669,11.387375
79.0,Msukaligwa,ssp370,far-term_2081-2100,9.135403,-3.1148674,0.65811396,-6.899684343434343,0.58304596,0.38367794486215745,0.6234805764411031,24.650906,2.7960753,20.641489,2.4200904,3.6884048,6.717243,0.3369479183822244,-8.26059,58.200478,-20.937689393939394,3.568712,3.0473201,-6.872542,39.148087,15.341567,72.28317,31.294815,2.982686,4.588529,83.62948
79.0,Msukaligwa,ssp370,mid-term_2041-2060,4.8228993,-2.389173,0.102193356,-5.6298926767676765,-7.3913345,-0.5906641604010008,0.19091478696741881,11.479625,1.5099312,12.210082,1.542686,2.3418305,3.9910583,0.16785453244130477,-4.8375044,29.54997,-15.519633838383836,1.7153226,1.1172965,-3.0310123,19.240307,4.4033723,26.947414,17.337982,1.2722853,2.0210018,25.951702
79.0,Msukaligwa,ssp370,near-term_2021-2040,2.7465844,-1.2245898,0.09725809,-3.9194760101010098,-2.9396362,-0.16730889724310538,0.19255952380952424,6.8766804,0.8257818,4.644227,0.52844405,0.38597727,1.8904371,0.08967384536284517,-1.6807971,15.988715,-9.622064393939393,0.8137318,0.19841504,-0.122850776,10.829083,1.5401781,12.388388,8.950043,0.6786554,0.89698553,10.745452
79.0,Msukaligwa,ssp585,far-term_2081-2100,5.7043395,-3.1642046,0.78834593,-7.04034090909091,25.800186,0.7696741854636602,1.1969454887218052,42.87447,4.4300017,30.912334,3.3980439,5.2953234,12.115327,0.4511859270482892,-8.791365,64.26935,-21.646306818181817,4.509598,4.578198,-7.885532,49.1553,19.712023,100.7775,36.760727,3.806641,5.971988,124.60388
79.0,Msukaligwa,ssp585,mid-term_2041-2060,3.8055282,-2.4674194,0.5341792,-5.566866028708135,20.785759,1.0071741854636618,0.7148026315789475,21.62814,2.0838962,14.506582,1.5435706,2.0682843,5.388957,0.24263499812999323,-5.165395,31.809343,-15.85423145933014,1.9662752,1.8723824,-4.144401,22.802567,5.7687945,33.97865,20.516317,1.6317812,2.521268,33.62204
79.0,Msukaligwa,ssp585,near-term_2021-2040,3.2436256,-0.78733575,-0.06939185,-3.276913875598086,15.618118,0.5053884711779468,0.5555764411027568,17.97915,1.8677734,13.086021,1.4985569,2.4114878,4.919462,0.1673771401844767,-1.3110563,15.4143095,-8.733971291866027,0.969873,0.81827545,-0.57092,12.170032,1.82965,14.199371,10.422345,0.6877831,1.0546379,12.72948
80.0,Mkhondo,ssp126,far-term_2081-2100,2.7485445,-1.0677922,0.30016246,-0.6681493506493507,7.393145,-0.056744539921231664,0.26471715001790086,10.221718,0.9794997,8.026624,0.8366927,1.1512557,3.2316906,0.07093340698416929,-2.098228,18.958035,-2.8338311688311686,0.5996896,0.36730713,-1.5638859,15.160176,2.2277682,23.720125,13.086499,0.92016697,1.6653906,15.899266
80.0,Mkhondo,ssp126,mid-term_2041-2060,1.7935431,-0.8442207,0.36909077,-0.7788636363636364,12.424708,0.024684031507339808,0.2032885785893301,11.655013,1.0193771,10.945292,1.1329799,2.2848454,4.346101,0.0596882847944018,-2.0058558,18.04971,-3.113474025974026,0.6839755,0.25350243,-1.2766936,13.351597,1.8631254,20.127981,11.868331,0.77313644,1.4545947,12.361296
80.0,Mkhondo,ssp126,near-term_2021-2040,1.7649738,0.08970792,0.14444788,-0.4970779220779221,20.145535,0.18004117436448602,0.162574292875044,12.2157135,1.0830318,8.245864,0.85491186,1.5507853,6.6209097,0.08409426628989713,-0.42931148,13.029003,-1.914545454545454,0.21024372,-0.019222531,0.35558727,10.13844,1.0891968,13.616912,8.091322,0.45045525,1.0239023,8.918815
80.0,Mkhondo,ssp245,far-term_2081-2100,2.6039357,-2.4853895,0.75596184,-1.161038961038961,18.274136,0.5049051199427177,0.5827783745076971,21.113857,1.9471548,12.3525915,1.2254037,2.1235583,4.7468696,0.14626675499923283,-5.848191,35.64013,-4.872727272727273,2.1861954,2.0869405,-4.9836574,25.54647,6.405895,47.622437,23.038824,1.9645895,2.82225,35.849785
80.0,Mkhondo,ssp245,mid-term_2041-2060,2.1355684,-1.4603895,0.2454172,-0.8837662337662336,7.401158,0.00116362334407378,0.39332259219477217,16.61094,1.7252471,11.807644,1.2913765,1.8518009,5.5037775,0.0932088703696382,-3.332427,22.645273,-3.6600649350649346,1.3573173,1.1795905,-2.5040238,17.012728,3.073872,27.932688,15.324591,1.1779567,1.7512659,18.537683
80.0,Mkhondo,ssp245,near-term_2021-2040,2.6117604,-0.30208468,0.24194773,-0.5863978127136023,0.60518104,-0.5196016827783738,0.2682885785893295,11.219599,1.2775295,9.727374,1.1147329,1.8560085,3.3283255,0.06912474899417845,-0.33115196,12.5116825,-2.291148325358851,0.64254963,0.6751134,0.09638841,10.131487,1.2246032,13.575513,8.308409,0.593347,0.95292884,8.681078
80.0,Mkhondo,ssp370,far-term_2081-2100,5.054993,-2.908189,0.67984265,-1.378823953823954,-0.9693255,-0.05495882563551798,0.61392767633369,27.152988,2.9088228,22.06395,2.4380293,3.9223478,7.2210226,0.2489183464224855,-8.305514,57.69715,-5.946608946608947,3.515567,2.9440002,-6.655805,37.165756,14.542848,80.73453,29.973059,2.8261912,4.4605637,69.28836
80.0,Mkhondo,ssp370,mid-term_2041-2060,3.4959695,-2.178824,0.12533188,-1.1653318903318903,-11.3615465,-0.9951843895452903,0.30753669889008195,14.706995,1.891638,13.211312,1.5978959,2.1190498,4.108391,0.10456659794733536,-4.884361,29.843508,-4.841450216450217,1.7038368,1.003073,-2.7884867,18.446032,4.0690384,30.68572,16.518501,1.2222164,1.9691821,20.557014
80.0,Mkhondo,ssp370,near-term_2021-2040,3.7042415,-1.1149349,0.0696922,-0.9395382395382397,-6.4722204,-0.5068385248836346,0.19738632295023192,8.314653,0.9938558,4.0713754,0.44818863,0.29010037,2.1808395,0.037094135384698745,-1.6969727,16.649036,-3.4247835497835495,0.8024671,0.16914476,0.05740302,10.615008,1.5174508,14.180164,8.61912,0.6157842,0.8790032,8.509792
80.0,Mkhondo,ssp585,far-term_2081-2100,1.8723052,-2.9282467,0.7331723,-1.3808441558441562,28.588545,0.6773540995345522,1.3001253132832074,47.7605,4.6618342,33.152065,3.430745,5.5800004,12.51299,0.42562817125233315,-8.768757,63.345642,-6.050974025974027,4.3628836,4.3367257,-7.7405066,46.490456,19.18556,111.237564,35.387222,3.610037,5.7603226,105.444824
80.0,Mkhondo,ssp585,mid-term_2041-2060,2.9321675,-2.1992822,0.46038356,-1.107758031442242,20.725786,0.8151092015753681,0.7940028643036156,24.409853,2.2713914,15.536932,1.5731888,2.4062095,5.854115,0.23000734513662952,-5.0816555,31.368261,-4.750871496924128,1.9241114,1.7191083,-3.8474724,21.606535,5.253674,38.491283,19.428251,1.5526162,2.434856,26.791084
80.0,Mkhondo,ssp585,near-term_2021-2040,2.9610798,-0.76948035,-0.1834943,-0.6805194805194806,13.770255,0.0566058002148248,0.5718940207662008,20.632505,2.0954025,12.363746,1.3349572,2.1173518,5.8656836,0.1302185109144737,-1.3204902,15.323531,-2.7271701982228302,0.9709099,0.7231628,-0.41096115,11.610276,1.627153,15.8599615,9.780551,0.6496153,0.9885859,10.140744
81.0,Dr Pixley Ka Isaka Seme,ssp126,far-term_2081-2100,3.149158,-0.8198864,0.5887457,-6.605738636363637,13.5108795,0.6166431704260673,0.23515429197994964,7.9493284,0.712471,6.440014,0.71970856,0.836128,2.6570911,0.08800976979752617,-1.8113222,18.069777,-12.072585227272729,0.5317389,0.31328845,-1.8948128,15.69016,2.271256,20.566273,13.912203,1.0423291,1.7274141,19.990414
81.0,Dr Pixley Ka Isaka Seme,ssp126,mid-term_2041-2060,2.9660325,-0.6536364,0.5415584,-6.391363636363636,17.544724,0.6825806704260651,0.2345292919799496,9.705844,0.868821,8.2479105,0.9207776,1.7723253,4.399296,0.09238161653175891,-1.6087188,16.940432,-11.78039772727273,0.5686147,0.20050812,-1.503126,13.780096,1.8956311,17.596586,12.5198555,0.8556539,1.4789958,16.142387
81.0,Dr Pixley Ka Isaka Seme,ssp126,near-term_2021-2040,2.061655,0.23667607,0.25468338,-3.902613636363637,19.729698,0.5466431704260666,0.011716791979949792,5.794093,0.43406916,5.432765,0.6144813,1.1224353,4.70119,0.08632927253496936,-0.07096529,12.190052,-7.027585227272731,0.07968107,-0.06115818,0.10718107,10.575941,1.154381,12.062525,8.735831,0.5167769,1.051084,12.005874
81.0,Dr Pixley Ka Isaka Seme,ssp245,far-term_2081-2100,3.083786,-2.378125,1.0043861,-12.02784090909091,26.174606,1.0301848370927331,0.4361215538847117,15.143625,1.3772316,8.999334,0.92600954,1.5433698,4.1496058,0.13824019826162193,-5.5382004,34.80421,-25.113352272727276,2.2146635,2.1215475,-5.087293,27.162125,6.792733,42.49386,24.208965,2.1581616,3.004353,45.797665
81.0,Dr Pixley Ka Isaka Seme,ssp245,mid-term_2041-2060,2.538248,-1.369034,0.49158835,-8.624431818181819,12.916733,0.5855419799498747,0.3358239348370924,11.14401,1.1825914,8.372348,0.9948156,1.4339082,5.020605,0.09423571963184318,-2.9884138,21.821342,-17.343465909090913,1.3084599,1.2074614,-2.6747193,17.983019,3.1776764,24.860394,16.169374,1.2788599,1.8427143,24.50976
81.0,Dr Pixley Ka Isaka Seme,ssp245,near-term_2021-2040,2.7566576,0.029306322,0.31937087,-4.8519736842105265,3.778511,0.15320567042606514,0.26890429197994964,9.027551,1.1314838,7.4610176,0.9773279,1.8203676,2.7805338,0.07384432577070077,-0.04111862,12.1439,-9.137933612440193,0.6259273,0.67738247,0.024220347,10.715723,1.3130583,12.309705,8.800328,0.6338519,1.0229979,11.596788
81.0,Dr Pixley Ka Isaka Seme,ssp370,far-term_2081-2100,7.0914755,-2.8608587,0.78823614,-15.307891414141416,7.9837418,0.7487155388471174,0.6505325814536338,23.396523,2.7554836,17.535465,2.1844263,3.3239336,6.411886,0.2938567609019914,-8.1131315,56.892895,-34.18734217171717,3.5163922,2.9467695,-6.7316875,39.074867,14.932853,71.486305,31.016039,2.994771,4.553175,83.50395
81.0,Dr Pixley Ka Isaka Seme,ssp370,mid-term_2041-2060,4.242135,-2.0650253,0.29448652,-11.677335858585858,-1.588562,-0.030231829573933666,0.2890194235588971,12.4467535,1.6258835,11.295956,1.5009003,1.9716756,3.847702,0.15236034676333166,-4.6319623,28.95203,-23.045328282828283,1.7060181,0.98758125,-2.8980045,19.479374,4.376256,26.880056,17.285616,1.2932262,1.9482117,27.385553
81.0,Dr Pixley Ka Isaka Seme,ssp370,near-term_2021-2040,3.3707519,-1.0726643,0.37178922,-7.578724747474749,-3.104599,-0.1391134085213026,0.04263784461152892,1.9787321,0.24276519,1.2612813,0.14220494,0.08182144,1.6296206,0.05013430380384243,-1.635962,16.064367,-13.476578282828285,0.83929527,0.1781702,-0.09606302,10.989998,1.5707004,12.203669,9.055278,0.70758533,0.83902454,11.048399
81.0,Dr Pixley Ka Isaka Seme,ssp585,far-term_2081-2100,4.0236654,-2.9556818,1.2109337,-15.830965909090908,34.927246,1.679887218045113,1.150704887218045,37.752518,4.013249,25.589422,2.9492126,4.4776444,9.76237,0.3927120573119969,-8.6401005,62.689735,-35.95170454545455,4.443713,4.5196705,-7.7484074,48.719833,19.216028,98.86096,36.52424,3.829808,5.989508,122.24339
81.0,Dr Pixley Ka Isaka Seme,ssp585,mid-term_2041-2060,3.509975,-2.2025719,0.62224257,-11.685630980861244,25.550407,1.4480419799498763,0.6298715538847119,19.188065,1.9110273,12.787817,1.4225073,2.097304,4.9435453,0.20500436156363377,-4.879908,30.899475,-23.735331937799046,1.9473072,1.7799175,-3.9957013,22.885157,5.666477,34.064686,20.466806,1.6818359,2.4700766,34.10083
81.0,Dr Pixley Ka Isaka Seme,ssp585,near-term_2021-2040,2.8947916,-0.66505677,0.1189692,-6.433283492822967,18.988564,0.8730419799498756,0.5658834586466159,18.142952,2.0193279,12.439988,1.5116434,2.1352413,5.1616955,0.1585107273156321,-1.064859,15.015573,-12.23696172248804,1.001662,0.76076007,-0.53504694,12.195272,1.7698865,14.241075,10.357052,0.71041703,1.0105844,12.920473
82.0,Lekwa,ssp126,far-term_2081-2100,3.8410149,-0.65049237,0.51255655,-7.247992424242423,12.5696,0.748455513784462,0.23168441938178788,7.511152,0.7190669,5.8629403,0.71798444,0.6246004,2.336242,0.09298276220193236,-1.7716686,17.69526,-12.495037878787883,0.4776316,0.39204946,-2.0734918,16.313488,2.3633573,28.388252,14.461871,1.1026975,1.7615408,24.515017
82.0,Lekwa,ssp126,mid-term_2041-2060,3.9189365,-0.25424242,0.64339036,-6.776325757575758,16.341501,0.7138721804511293,0.22460108604845463,9.717677,0.928837,8.245362,1.018319,1.7992849,3.8356063,0.09798464661406629,-1.4633694,16.44947,-12.01337121212122,0.48413944,0.20630486,-1.7279452,14.366453,1.9387739,24.490335,13.027493,0.9198084,1.4990107,20.425543
82.0,Lekwa,ssp126,near-term_2021-2040,3.0451813,0.43367445,0.12505706,-4.229242424242423,15.44279,0.5642888471177958,0.08918441938178805,4.1258698,0.3024726,3.9341354,0.48907962,0.62112397,2.9483051,0.06900784794798505,0.03583209,11.944894,-7.215871212121214,-0.0012797117,-0.06037299,-0.18257539,11.025127,1.2558572,17.459084,9.161617,0.52769184,1.0347595,15.006683
82.0,Lekwa,ssp245,far-term_2081-2100,5.663101,-2.5378788,0.99837065,-13.767803030303028,23.429718,1.0528404344193827,0.45472013366750225,15.636685,1.6186744,8.787354,1.0269567,1.2167975,3.0965137,0.14992337286196364,-5.6198072,34.962845,-27.00757575757576,2.2133534,2.1811836,-5.383828,28.638222,7.177253,57.56083,25.269373,2.3302872,3.048792,55.133377
82.0,Lekwa,ssp245,mid-term_2041-2060,3.2377064,-1.4375,0.38964033,-9.979924242424241,12.102977,0.8421261487050961,0.31146616541353395,11.304585,1.3018168,7.305113,0.9393025,1.0018972,4.3249583,0.11713937108807156,-3.0403285,21.767052,-18.612500000000004,1.2721053,1.286499,-2.9640195,19.009283,3.4152513,34.125633,16.906418,1.3481358,1.9023145,30.430471
82.0,Lekwa,ssp245,near-term_2021-2040,3.1168544,0.2036484,0.2763079,-5.468859649122808,4.5383606,0.4747055137844634,0.24710108604845452,8.824314,1.1754268,6.3034763,0.8942037,1.3846115,1.8347708,0.08752879652353125,-0.08868408,12.191039,-9.823584529505588,0.62983525,0.7318649,-0.1513098,11.278191,1.4180467,17.598007,9.269422,0.6516312,1.0520777,15.034544
82.0,Lekwa,ssp370,far-term_2081-2100,12.19994,-3.0432239,0.75367516,-17.62563131313131,9.63916,1.0422932330827066,0.6456975772765249,23.038555,2.9508069,16.703165,2.2817204,2.8600273,5.8928638,0.2883894580845719,-8.157417,56.94562,-37.12508417508418,3.4645262,3.0101159,-6.9992595,40.855206,15.299468,91.724495,32.155083,3.12825,4.60926,97.21572
82.0,Lekwa,ssp370,mid-term_2041-2060,5.0302024,-2.1733165,0.24139516,-13.320538720538721,1.3255615,0.31685463659148044,0.2825396825396827,12.415333,1.7038115,8.860747,1.258664,1.3828484,2.968855,0.14586656556099772,-4.6672196,28.493563,-24.507028619528622,1.6839247,1.0564703,-3.1315446,20.275763,4.526783,36.55228,17.894287,1.3650875,1.9386177,32.93748
82.0,Lekwa,ssp370,near-term_2021-2040,2.878891,-0.99970543,0.30981588,-8.583038720538719,0.60124713,0.2756265664160402,0.07376775271512163,3.252463,0.3996733,2.1364105,0.26801077,-0.16807874,1.7246252,0.04880042256714301,-1.6422124,15.825788,-14.162584175084177,0.8236093,0.17134984,-0.21206696,11.212972,1.6101165,17.024967,9.26718,0.73252517,0.86548424,13.624519
82.0,Lekwa,ssp585,far-term_2081-2100,11.238498,-3.1522727,1.1662277,-18.309848484848484,29.775473,1.8040309106098575,1.053529657477026,34.730545,4.0727615,22.53359,2.8466513,3.4064429,7.9848766,0.4085412101378245,-8.701972,63.232826,-39.48371212121213,4.478011,4.6569004,-7.9713364,50.917343,19.358812,124.38701,37.727646,4.0975614,6.083748,140.11935
82.0,Lekwa,ssp585,mid-term_2041-2060,5.459924,-2.308094,0.5701955,-13.46421451355662,22.916433,1.5762531328320801,0.5951963241436927,18.952665,2.0871856,11.190598,1.369011,1.4420325,4.0982533,0.21207558772816038,-4.95459,30.923124,-25.642503987240833,1.930616,1.887393,-4.3134155,24.025867,5.998764,45.934113,21.262981,1.7338659,2.4881527,42.068966
82.0,Lekwa,ssp585,near-term_2021-2040,3.0246086,-0.47492027,0.070989765,-7.301415470494416,19.2116,1.2480785296574777,0.5555137844611532,17.815943,2.1444614,10.403857,1.365554,1.783362,3.9617786,0.17025598691878333,-1.0280471,14.841788,-12.743102073365238,0.9711923,0.8401677,-0.62558955,12.665509,1.9266948,20.053288,10.769717,0.7406238,1.0755386,16.256662
83.0,Dipaleseng,ssp126,far-term_2081-2100,5.23887,-0.49881798,0.5604576,-8.377909090909089,8.444189,0.5531077694235599,0.20125563909774452,7.8004975,0.91912806,4.5410457,0.59158784,0.4988861,2.6129944,0.13313070267464938,-1.9064564,17.508852,-13.14127272727273,0.3788244,0.5056221,-2.2071424,17.044443,2.4866197,31.300531,14.81037,1.154122,1.82584,29.639174
83.0,Dipaleseng,ssp126,mid-term_2041-2060,4.9743743,-0.066817954,0.73995763,-7.687409090909088,13.230481,0.6371077694235574,0.2707556390977447,9.794904,1.0720392,7.3522916,0.9781874,1.2253624,3.5550628,0.11778130283665256,-1.4894272,15.974879,-12.341772727272724,0.35478783,0.25116578,-1.904177,14.9586935,1.9966197,27.076035,13.347246,0.9934519,1.5654793,24.802855
83.0,Dipaleseng,ssp126,near-term_2021-2040,4.0813704,0.6916817,0.3514576,-4.817909090909091,9.971814,0.6366077694235578,0.0537556390977449,3.8848891,0.41214162,2.075288,0.26572114,0.3280533,2.1600633,0.0781242575797874,-0.054089356,11.885854,-7.3397727272727264,-0.07126427,-0.026841354,-0.44612998,11.605115,1.3846197,19.525036,9.542555,0.5528189,1.0058937,17.897593
83.0,Dipaleseng,ssp245,far-term_2081-2100,9.552699,-2.56,0.8653385,-16.505,20.161108,0.8745363408521307,0.4503508771929832,14.084585,1.5733776,8.764386,1.1226894,1.2633388,2.8810668,0.1921769042903982,-5.7999907,34.86979,-28.994090909090914,2.1768942,2.2614849,-5.6301937,30.094149,7.5897374,63.452084,25.884258,2.3973432,3.0836463,65.950676
83.0,Dipaleseng,ssp245,mid-term_2041-2060,5.4984145,-1.4786361,0.37105313,-12.174999999999999,8.3990965,0.7112030075187967,0.28035087719298246,9.938993,1.2570555,5.443087,0.73314685,0.39918938,4.238393,0.14819664046765926,-3.303924,21.757425,-20.22318181818182,1.2607284,1.3336796,-3.2339652,20.033184,3.665574,38.13435,17.536512,1.40848,1.9582322,36.747242
83.0,Dipaleseng,ssp245,near-term_2021-2040,4.916373,0.17545466,0.32545757,-6.672129186602868,2.2286987,0.41060776942356014,0.18625563909774465,8.400157,1.2259102,5.5055833,0.8295185,0.87477034,1.5484664,0.11446006550719937,-0.2804323,12.199783,-10.5471052631579,0.5991849,0.72169,-0.3758959,11.850078,1.5441892,19.762482,9.677705,0.6198076,1.0773919,18.411028
83.0,Dipaleseng,ssp370,far-term_2081-2100,16.20621,-3.1462624,0.68558884,-21.292575757575754,7.9853516,1.0478446115288207,0.5801503759398501,22.478184,3.0828242,12.710091,1.8111838,2.4863262,6.1335173,0.32745851562075146,-8.222026,56.60413,-40.98005050505051,3.382985,3.1185894,-7.2157965,42.868176,15.734009,98.53921,33.14146,3.2682939,4.7021804,113.28224
83.0,Dipaleseng,ssp370,mid-term_2041-2060,9.216212,-2.321818,0.44243127,-15.726464646464644,1.6408203,0.4536340852130323,0.29120300751879746,11.642207,1.6226666,5.8921084,0.8200959,0.67683065,2.4049544,0.1814157420253668,-4.74281,27.724756,-25.705606060606062,1.5345016,1.0779785,-3.4060798,21.213226,4.636787,40.350864,18.334864,1.401112,1.9583137,39.10224
83.0,Dipaleseng,ssp370,near-term_2021-2040,3.1551576,-1.0862627,0.40927315,-9.735353535353534,1.7141602,0.4552130325814545,0.08751879699248147,4.1230955,0.5648487,0.99304354,0.11942501,-0.24666671,2.1678681,0.08694763199716746,-1.661944,15.422707,-14.086161616161615,0.7120885,0.16561623,-0.365901,11.596084,1.6367862,19.008648,9.44211,0.7105276,0.91700137,17.078356
83.0,Dipaleseng,ssp585,far-term_2081-2100,17.906988,-3.273636,0.9434341,-22.22090909090909,22.437403,1.4778696741854638,0.8317794486215544,29.745014,3.6961133,17.081852,2.229807,2.577638,7.3325515,0.4496266122894161,-8.818096,63.747032,-44.06772727272727,4.493809,4.8489575,-8.201327,53.11077,19.147392,131.57527,38.650436,4.333185,6.202388,157.80963
83.0,Dipaleseng,ssp585,mid-term_2041-2060,7.321274,-2.3982296,0.6634331,-15.945143540669855,18.41245,1.3369172932330797,0.5974937343358401,17.594357,2.1068742,7.9633703,1.011127,1.2871354,3.971875,0.2222813236046079,-5.125178,30.58265,-27.317416267942587,1.8777021,1.9913536,-4.551236,25.181623,6.1807413,50.405167,21.830193,1.7908741,2.512113,51.119625
83.0,Dipaleseng,ssp585,near-term_2021-2040,3.8855605,-0.3272725,0.2091486,-8.667248803827752,17.868189,1.0773934837092747,0.4884461152882208,17.872875,2.2883542,9.413788,1.2908823,1.6794338,3.5047195,0.19540999647514762,-1.1421915,14.529194,-13.185478468899523,0.8996049,0.89073485,-0.7885355,13.132275,2.0484688,22.340717,10.999079,0.7612988,1.1484108,20.029146
84.0,Govan Mbeki,ssp126,far-term_2081-2100,4.799265,-0.8098295,0.4269321,-6.787045454545456,8.769302,0.4989035087719307,0.19997493734335847,6.8015137,0.7180767,5.05125,0.65465,0.9213419,2.2730484,0.09396661190592659,-1.9936113,17.97218,-12.780511363636363,0.5005431,0.4616952,-2.114453,16.577797,2.5135975,29.152594,14.589991,1.1038506,1.7571497,26.647839
84.0,Govan Mbeki,ssp126,mid-term_2041-2060,4.149889,-0.52420455,0.6356833,-6.362045454545456,11.860214,0.40640350877192954,0.19122493734335855,7.3223724,0.7244618,8.398367,1.1135314,1.902597,3.2764015,0.07993886856945065,-1.6395543,16.662888,-12.323636363636362,0.5185956,0.2388277,-1.8370702,14.679811,2.0960975,25.469467,13.230381,0.94681287,1.5410471,22.097181
84.0,Govan Mbeki,ssp126,near-term_2021-2040,3.6642628,0.25579548,0.13818216,-4.154545454545456,11.521118,0.4095285087719285,0.08497493734335837,3.7370625,0.33720803,4.0592957,0.54882276,0.5385661,2.6060524,0.04960628852518867,-0.19794297,12.224479,-7.856761363636366,0.032242715,-0.065405846,-0.32774925,11.29918,1.3754725,18.209465,9.318304,0.53884697,1.0175219,16.122179
84.0,Govan Mbeki,ssp245,far-term_2081-2100,7.4353676,-2.8664773,0.9088974,-12.555113636363636,17.891037,0.7566416040100234,0.45247493734335864,13.336079,1.4409659,8.259228,1.0211126,1.5279579,2.7510872,0.15089476574825023,-5.870471,35.842922,-26.701704545454547,2.289171,2.2659063,-5.548352,29.335896,7.6351976,59.574547,25.633562,2.3656325,3.0973911,59.438942
84.0,Govan Mbeki,ssp245,mid-term_2041-2060,3.5395336,-1.8795455,0.2690153,-9.33409090909091,8.9470215,0.8441416040100247,0.29295112781954913,8.664103,1.0138936,6.931356,0.9455607,0.9093237,4.13159,0.13440727326370183,-3.355977,22.397924,-18.95340909090909,1.3148088,1.3537169,-3.1233702,19.385876,3.6463819,35.68998,17.158342,1.3662326,1.940176,32.541946
84.0,Govan Mbeki,ssp245,near-term_2021-2040,4.153017,-0.18110025,0.32755804,-5.307834928229667,4.074356,0.2970285087719313,0.1849749373433588,7.389887,1.0028255,6.476831,0.94435346,1.4664536,1.5568562,0.11007590646185061,-0.38788438,12.561182,-10.335974880382775,0.68651956,0.75204086,-0.26946878,11.494059,1.5377492,18.45789,9.445879,0.5959945,1.0466499,16.281672
84.0,Govan Mbeki,ssp370,far-term_2081-2100,14.917915,-3.3732321,0.6402881,-15.544128787878789,6.8264923,1.0429824561403507,0.593922305764411,21.42047,2.8356218,15.782824,2.2123861,2.971334,6.0391655,0.31548443493578215,-8.266467,57.94027,-35.701136363636365,3.5264554,3.122756,-7.132087,41.56602,15.677001,93.57356,32.637245,3.2019384,4.603441,103.26933
84.0,Govan Mbeki,ssp370,mid-term_2041-2060,7.6567287,-2.5940657,0.30015635,-12.071212121212122,-0.8226471,0.21929824561403422,0.305764411027569,11.289673,1.6181946,8.173597,1.1867993,1.3706026,2.7031078,0.1489400067246629,-4.830311,28.674995,-24.234469696969697,1.6714121,1.1358185,-3.3432612,20.614048,4.745056,37.67218,18.11437,1.374399,1.9719715,35.0235
84.0,Govan Mbeki,ssp370,near-term_2021-2040,3.1929207,-1.4162879,0.2468667,-7.917045454545457,0.6360779,0.17587719298245652,0.08208020050125309,3.0765343,0.41028047,3.6494718,0.5185785,0.20463037,1.7322483,0.059001564079461,-1.7790165,15.69058,-14.083775252525253,0.7950832,0.1703763,-0.29225516,11.341678,1.629778,17.493011,9.293126,0.7082057,0.8901844,14.984608
84.0,Govan Mbeki,ssp585,far-term_2081-2100,14.485956,-3.4937499,1.0088968,-16.05284090909091,23.664047,1.4167606516290725,0.9423558897243107,32.605495,4.0148187,21.911621,2.887494,3.8766313,8.349585,0.43604706875256305,-8.812143,64.38323,-37.63522727272728,4.557666,4.750822,-8.103728,51.951683,19.538994,126.79907,38.2073,4.2018714,6.1188736,147.91754
84.0,Govan Mbeki,ssp585,mid-term_2041-2060,6.688343,-2.554934,0.6160395,-12.194736842105266,18.723618,1.353070175438594,0.5584273182957397,16.688652,1.8882399,11.073549,1.4285012,1.6130605,4.0469093,0.22116071763844958,-5.1456513,31.443924,-25.344886363636366,1.9482914,1.9532647,-4.458111,24.454788,6.1761966,47.085197,21.543867,1.730458,2.4807043,45.16933
84.0,Govan Mbeki,ssp585,near-term_2021-2040,3.5972729,-0.6374999,0.17675376,-6.8833133971291875,16.7733,1.08937969924812,0.5048558897243108,16.783272,2.0679111,11.175022,1.5238072,1.9711971,3.4592113,0.17693008585166115,-1.2071099,14.970404,-12.869527511961724,0.9546169,0.8931761,-0.68964887,12.850204,2.0285587,20.928616,10.839293,0.7530997,1.094943,17.688974
85.0,Victor Khanye,ssp126,far-term_2081-2100,8.709103,-1.122614,0.2687044,-4.5209090909090905,2.5002136,0.36186403508771825,0.12194235588972391,6.4205475,0.86812687,4.7338514,0.69515574,0.81889725,2.2589493,0.1080238664716755,-2.3488405,18.35282,-11.029204545454544,0.5412482,0.5488968,-2.1636841,17.045486,2.776746,31.976696,14.805916,1.1324801,1.7568722,30.007954
85.0,Victor Khanye,ssp126,mid-term_2041-2060,5.9340935,-0.7101139,0.242455,-4.405909090909091,7.1453247,0.26311403508771924,0.1106923558897237,6.756817,0.7900281,7.72805,1.1010269,1.7559509,2.7652473,0.08751580009538662,-2.0116143,16.865255,-10.377954545454545,0.5212526,0.30295944,-1.9806395,15.1178055,2.2242465,27.750439,13.510717,0.98081017,1.527729,24.869797
85.0,Victor Khanye,ssp126,near-term_2021-2040,5.8078384,0.08613634,0.12745523,-3.0634090909090905,6.6773376,0.5768640350877217,0.05194235588972407,5.5507812,0.74362946,3.7475538,0.5445813,0.5623541,1.9810295,0.07466058313462565,-0.5480547,12.682135,-7.162954545454543,0.063003,-0.0131521225,-0.5090723,11.622145,1.5529966,19.796696,9.694977,0.5806737,0.9807625,18.118484
85.0,Victor Khanye,ssp245,far-term_2081-2100,11.627007,-3.0125003,0.41340685,-7.472727272727273,10.059692,0.5646616541353389,0.3376566416040099,12.544849,1.6100664,7.322731,1.0121235,1.7024384,2.411602,0.13881038906646026,-6.132928,36.613205,-20.307954545454542,2.2939954,2.375328,-5.711297,30.315533,8.061843,65.03515,26.021881,2.38384,3.1081085,66.83089
85.0,Victor Khanye,ssp245,mid-term_2041-2060,6.9948616,-2.089773,0.12888336,-5.739772727272727,3.745514,0.799185463659148,0.21622807017543821,9.745285,1.3483152,6.911726,1.0181004,0.7512789,4.1520653,0.13684254500455717,-3.7303567,22.872526,-15.36022727272727,1.3391356,1.4119749,-3.2907157,19.942614,3.8110647,39.18965,17.492714,1.4168444,1.9419003,36.561844
85.0,Victor Khanye,ssp245,near-term_2021-2040,5.9378357,-0.45203388,0.35745525,-3.664712918660287,1.3762207,0.43561403508772045,0.15819235588972402,8.265926,1.2415066,5.54292,0.8754772,1.3223896,1.6623383,0.10485235068692678,-0.66029215,12.8383465,-8.49120813397129,0.7174213,0.7590971,-0.41698933,11.810994,1.6742492,20.41106,9.595182,0.54795456,1.0363998,18.57431
85.0,Victor Khanye,ssp370,far-term_2081-2100,18.83797,-3.6058083,0.39166546,-8.804797979797979,2.6712952,0.9587719298245645,0.5124686716791982,18.274536,2.6253366,11.716818,1.7368919,2.72752,6.53405,0.3307893131971862,-8.435381,58.959476,-25.855176767676763,3.596654,3.3015137,-7.312951,42.766083,15.977858,99.74696,33.19913,3.2750454,4.644457,112.95291
85.0,Victor Khanye,ssp370,mid-term_2041-2060,11.573498,-2.8127527,0.06798124,-7.356186868686869,-3.0309143,0.4429824561403528,0.20062656641603982,10.560993,1.5845919,7.676096,1.1540242,1.3785124,2.4394264,0.1830133444520965,-5.038169,28.443924,-18.998232323232322,1.5872054,1.1699295,-3.5452096,21.233517,4.965358,41.05947,18.541351,1.4100952,2.0196438,39.805695
85.0,Victor Khanye,ssp370,near-term_2021-2040,6.3037643,-1.333586,0.28113937,-5.007575757575757,-0.43603516,0.30877192982456236,0.059837092731829244,3.944538,0.6344147,5.1381903,0.80007136,0.57476616,1.5105209,0.08819933129953794,-1.8342533,15.266792,-11.641287878787876,0.729999,0.14736557,-0.45921898,11.717063,1.7195241,18.87891,9.44717,0.69208765,0.9316597,17.515411
85.0,Victor Khanye,ssp585,far-term_2081-2100,21.187725,-3.6954546,0.5324545,-8.95340909090909,14.091766,1.1884711779448622,0.7888471177944865,28.74083,3.8268394,19.209373,2.6893816,3.6645756,7.7697296,0.44717136166731697,-8.946448,65.534225,-26.696590909090908,4.5949316,4.8897095,-8.271069,53.33763,19.51561,134.11691,38.76538,4.3351197,6.1072025,159.56541
85.0,Victor Khanye,ssp585,mid-term_2041-2060,10.629387,-2.7412682,0.34435987,-7.155083732057417,11.361908,1.2063283208020064,0.5031328320802002,15.795597,2.0450087,9.100689,1.2501706,1.7707367,3.7551422,0.21721310013998174,-5.43157,31.682348,-19.39814593301435,1.92496,2.0153904,-4.614029,25.06125,6.272727,51.311176,21.86938,1.8029943,2.4190044,50.46541
85.0,Victor Khanye,ssp585,near-term_2021-2040,5.340103,-0.7093904,0.15388346,-4.363696172248803,12.066162,1.1384711779448615,0.39003759398496163,14.90443,1.9883242,12.106438,1.764525,2.388586,3.1999054,0.16975402376793403,-1.491117,15.026093,-10.719019138755979,0.866869,0.9718828,-0.7733431,13.131612,2.162141,22.872612,10.958763,0.76402044,1.1026516,20.390413
86.0,Emalahleni,ssp126,far-term_2081-2100,6.044464,-1.1092426,0.2858483,-4.353560606060605,5.221761,0.3755242272347535,0.16736633249791147,6.163874,0.7328377,4.101215,0.567395,1.0716234,2.1537933,0.09445815136752511,-2.1914804,18.100464,-10.445681818181821,0.5421843,0.48241743,-2.0903862,16.609407,2.6107419,31.09556,14.535541,1.0790939,1.6887957,27.254223
86.0,Emalahleni,ssp126,mid-term_2041-2060,4.182795,-0.69590944,0.36668077,-4.249393939393938,8.814209,0.2030242272347517,0.1656996658312447,8.08535,0.93314487,7.7256184,1.0875051,2.0197277,2.784856,0.07158696188423914,-1.866484,16.862518,-10.016515151515156,0.53870636,0.2628231,-1.9070028,14.814048,2.1515749,27.207226,13.2229,0.9346752,1.4985021,22.74808
86.0,Emalahleni,ssp126,near-term_2021-2040,4.682795,0.19159071,0.10001501,-2.8793939393939385,9.175151,0.24802422723475104,0.060699665831244864,4.849749,0.5669988,3.3513687,0.47685757,0.6182607,2.5409012,0.058952084675585624,-0.4124867,12.4704685,-6.82318181818182,0.06579266,-0.039122898,-0.38324642,11.334944,1.454075,19.14723,9.399436,0.5413799,0.9863141,16.256851
86.0,Emalahleni,ssp245,far-term_2081-2100,9.1377535,-3.016667,0.59632427,-7.5674242424242415,13.059062,0.5811194653299919,0.40764411027568936,13.122795,1.54877,7.9191384,1.0489782,2.0220382,2.9261322,0.1370584477506244,-6.0151353,36.385914,-20.034848484848485,2.2987764,2.312558,-5.6202683,29.484709,7.8486843,63.587273,25.691729,2.3312695,3.0699806,60.624767
86.0,Emalahleni,ssp245,mid-term_2041-2060,4.042524,-2.018182,0.15188026,-5.758333333333333,6.793457,0.8104845446950707,0.26081871345029245,9.969623,1.2705685,7.523749,1.091191,1.2192135,4.1644135,0.13851165370196541,-3.5784452,22.73438,-14.842424242424244,1.3280522,1.3829244,-3.1564345,19.362232,3.6845298,38.074883,17.122293,1.3529415,1.9020361,33.018085
86.0,Emalahleni,ssp245,near-term_2021-2040,5.131129,-0.3188199,0.39084783,-3.5556220095693774,3.7562053,0.42969089390141707,0.1748663324979113,8.424586,1.1927067,5.8966866,0.89016366,1.6211433,1.6074575,0.11986728237861104,-0.589104,12.750002,-8.278389154704945,0.71914965,0.75576335,-0.32014784,11.53055,1.5638268,19.743856,9.427555,0.54010075,1.0155424,16.610275
86.0,Emalahleni,ssp370,far-term_2081-2100,17.107134,-3.5279465,0.4461988,-9.054208754208753,5.0352783,0.9781119465329967,0.5658312447786135,20.956823,2.8839445,14.450514,2.098972,3.076512,6.3795114,0.32819113968121955,-8.37916,58.690807,-25.570033670033677,3.599435,3.2024803,-7.2103233,41.65917,15.768704,97.88287,32.7516,3.2006092,4.558211,105.339645
86.0,Emalahleni,ssp370,mid-term_2041-2060,9.60714,-2.7399836,0.1470766,-7.350505050505052,-2.5546062,0.2640768588136974,0.28162071846282366,11.018437,1.64046,7.1921325,1.0934988,1.6082611,2.9104106,0.14984535810817481,-4.90487,28.51301,-18.584848484848486,1.6388263,1.1504568,-3.4426136,20.703665,4.8437047,40.111572,18.201126,1.3641815,1.9861107,35.798904
86.0,Emalahleni,ssp370,near-term_2021-2040,5.2123947,-1.4186871,0.09093634,-5.070875420875421,1.0224203,0.18074352548036407,0.09390142021720956,4.435145,0.63304615,4.4843497,0.6740661,0.62178355,1.8048376,0.0680523542917797,-1.7656711,15.357916,-11.337626262626264,0.74813795,0.1451772,-0.34799352,11.403775,1.627038,18.481024,9.196879,0.6886482,0.8729172,15.217426
86.0,Emalahleni,ssp585,far-term_2081-2100,16.75918,-3.6204548,0.6272771,-9.24469696969697,18.179586,1.1557226399331644,0.8608187134502919,31.91024,4.1464105,21.57505,3.0041776,4.1272817,8.577583,0.44123619555901633,-8.897503,65.08524,-26.56439393939394,4.569481,4.8022537,-8.1614685,52.242966,19.557257,132.15063,38.297276,4.208012,6.047548,151.24428
86.0,Emalahleni,ssp585,mid-term_2041-2060,7.975057,-2.668142,0.35426173,-7.29932216905901,14.817363,1.1938178780284023,0.49097744360902257,16.061142,1.942413,10.831076,1.4861189,1.9484278,4.1004357,0.2211996739146184,-5.2799582,31.58356,-19.11854066985646,1.932473,1.959828,-4.5019965,24.380886,6.17807,49.90287,21.523354,1.7363704,2.4226773,45.724438
86.0,Emalahleni,ssp585,near-term_2021-2040,4.234591,-0.68512774,-0.058437984,-4.30633971291866,13.019897,0.9652464494569758,0.45605680868838744,16.887705,2.2209604,10.414523,1.4977281,2.4114106,3.3189747,0.16892361976837478,-1.3310194,15.0118885,-10.299681020733653,0.88841987,0.92662174,-0.71347874,12.804367,2.0492423,22.449118,10.79779,0.7483308,1.0653826,18.263325
87.0,Steve Tshwete,ssp126,far-term_2081-2100,4.71447,-1.1128409,0.10499302,-2.642613636363636,4.636312,0.14210421888053482,0.18538116123642454,6.7528,0.8014188,5.680232,0.7788389,1.2728977,2.2932765,0.08787987044411756,-2.2458086,18.38624,-8.202613636363635,0.60677576,0.42701817,-1.9787177,16.243813,2.6246493,29.403597,14.154606,1.0306188,1.6230749,25.230368
87.0,Steve Tshwete,ssp126,mid-term_2041-2060,4.657804,-0.74992436,0.1287427,-2.7355303030303033,7.7175393,-0.10747911445280185,0.1762144945697579,8.439309,0.98748237,7.434274,1.0189719,2.0743797,2.392849,0.05671491039534793,-1.976485,17.242483,-8.02344696969697,0.60240096,0.25475407,-1.8343383,14.629536,2.1567323,25.739845,13.012479,0.8827057,1.4430002,20.69835
87.0,Steve Tshwete,ssp126,near-term_2021-2040,3.8923862,0.15632553,-0.046257496,-1.8434469696969693,9.981923,0.004187552213865686,0.12996449456975764,7.340132,0.9025388,4.885179,0.6869857,0.89859676,3.0890553,0.04819388908331564,-0.46746778,12.623809,-5.535946969696968,0.11721321,-0.035216648,-0.2939838,11.109449,1.4254825,17.838598,9.252339,0.5228775,0.9553604,14.698789
87.0,Steve Tshwete,ssp245,far-term_2081-2100,7.6576056,-2.960606,0.5669174,-4.355681818181818,12.001851,0.304385964912278,0.44214703425229746,15.376209,1.8338507,10.092375,1.322142,2.4077327,3.6370633,0.12705042534311284,-6.072604,36.70979,-14.687121212121212,2.3035553,2.285135,-5.5143576,28.75392,7.7988043,60.614372,25.21425,2.1931913,3.052948,55.750275
87.0,Steve Tshwete,ssp245,mid-term_2041-2060,2.8992703,-2.0094697,0.14429887,-3.3587121212121205,6.9083557,0.5702589807852938,0.32548036758563065,12.671364,1.6264768,8.371516,1.1779884,1.8679152,4.6581063,0.14954198481446568,-3.593503,22.968227,-11.093181818181817,1.3393128,1.4014698,-3.0055363,18.75439,3.6092703,35.919655,16.712633,1.288289,1.8510641,30.104282
87.0,Steve Tshwete,ssp245,near-term_2021-2040,5.119883,-0.36802235,0.20790942,-2.223265550239234,3.990804,0.19793755221386533,0.15538116123642434,8.880745,1.2164394,5.8812437,0.8443698,1.814393,1.7868932,0.11716160098252952,-0.5909664,12.924867,-6.412978468899522,0.74382865,0.76061535,-0.24939759,11.250601,1.5162058,18.403507,9.2108755,0.54613715,0.9771576,15.32924
87.0,Steve Tshwete,ssp370,far-term_2081-2100,15.64706,-3.4239058,0.51462,-5.082659932659932,3.2559407,0.5671261487050933,0.6331662489557225,22.68577,3.0656898,16.224735,2.291389,3.217468,6.3395233,0.33261729906050075,-8.369747,59.011642,-18.08867845117845,3.6468709,3.1523285,-7.117182,40.689354,15.669373,94.038605,32.172985,3.136026,4.5022826,98.32035
87.0,Steve Tshwete,ssp370,mid-term_2041-2060,8.986965,-2.6664984,0.021199226,-4.265993265993266,-3.8030396,-0.09471595655806257,0.3450083542188804,13.530017,2.0158877,7.591624,1.1350197,2.014486,3.5923398,0.1358967375532029,-4.82649,28.582537,-13.90210437710438,1.6401268,1.0982136,-3.369818,20.159588,4.6420565,38.013138,17.989101,1.294427,1.9800797,32.32683
87.0,Steve Tshwete,ssp370,near-term_2021-2040,4.76548,-1.0859427,0.1185681,-3.1044191919191917,1.5026245,0.08072263993316575,0.16167502088554708,6.7476783,0.9153492,4.56842,0.6432746,0.8668232,1.9368362,0.06478404721577435,-1.613619,15.249696,-8.847011784511784,0.7419411,0.11449019,-0.2735106,11.198998,1.623538,17.3636,9.033714,0.66493875,0.86351013,13.890261
87.0,Steve Tshwete,ssp585,far-term_2081-2100,14.249267,-3.4776516,0.5823938,-5.131818181818182,16.064138,0.6055764411027565,0.9238930659983294,34.826145,4.489265,25.692678,3.5324473,4.5619636,9.6961355,0.4322926022078373,-8.912847,65.14156,-18.575757575757574,4.5705557,4.719241,-8.091138,51.153473,19.755861,127.55072,37.767,4.025143,5.9656634,142.63007
87.0,Steve Tshwete,ssp585,mid-term_2041-2060,6.8163323,-2.5609052,0.13596503,-4.159011164274322,13.912506,0.9059732664995798,0.5258771929824563,18.999361,2.3441546,12.788989,1.728922,2.3316813,4.467294,0.2358246278184429,-5.2913704,31.82887,-14.031439393939394,1.9226015,1.9354315,-4.4048715,23.707546,6.1330943,47.427628,21.108622,1.702416,2.4189713,41.002296
87.0,Steve Tshwete,ssp585,near-term_2021-2040,3.8072078,-0.75317,-0.27117792,-2.4617623604465706,10.911743,0.5984335839598979,0.4711152882205516,17.555737,2.3046153,10.934152,1.5391333,2.67764,3.7526894,0.16993724791675366,-1.3714639,15.1834955,-7.841666666666666,0.8744372,0.8818137,-0.66465825,12.631836,2.001256,21.303751,10.654533,0.73790663,1.0170784,16.572536
88.0,Emakhazeni,ssp126,far-term_2081-2100,4.00468,-1.2886037,0.09644808,-3.1044805194805187,2.879255,-0.28317490153955865,0.2073388829215897,9.021291,0.9616315,8.062551,0.9184761,1.6045004,5.137317,0.11702674421428101,-2.3616924,18.658794,-8.799967532467528,0.65023506,0.3980988,-1.7098379,15.422644,2.4000514,20.193312,13.280874,0.9179715,1.567433,20.39855
88.0,Emakhazeni,ssp126,mid-term_2041-2060,3.1718297,-1.0903894,-0.12640885,-3.2373376623376617,2.8485892,-0.2499606158252752,0.12198174006444683,6.324102,0.6269519,5.6819205,0.6465052,1.5367911,3.0007367,0.05823760119666473,-2.1502173,17.619087,-8.822467532467533,0.6625789,0.271283,-1.5129732,14.071843,2.052194,17.816168,12.356963,0.7593877,1.36143,17.03652
88.0,Emakhazeni,ssp126,near-term_2021-2040,2.1657605,-0.028603554,-0.15819494,-2.2109090909090905,12.603202,-0.021746330110992522,0.16948174006444702,10.052398,1.0080041,8.795374,1.0161146,1.5979108,5.7030683,0.09192720283533731,-0.55841064,12.838202,-5.937467532467534,0.18208537,-0.05116027,-0.049105234,10.476069,1.2686226,11.519382,8.772415,0.46350166,0.9249589,11.524865
88.0,Emakhazeni,ssp245,far-term_2081-2100,4.9001985,-3.0909088,0.4092369,-5.111363636363636,9.228446,-0.07540279269602479,0.4695667740780527,20.514883,2.1240275,16.20695,1.8064455,3.0491464,6.4394584,0.18641660245337505,-6.0925274,36.478256,-15.875974025974026,2.2672322,2.1954093,-5.2337036,26.882929,7.28879,42.58877,24.013292,1.9597185,2.972585,45.76051
88.0,Emakhazeni,ssp245,mid-term_2041-2060,1.4505354,-2.0155842,-0.16933468,-3.9172077922077926,2.851545,0.024257071249555246,0.4083422842821344,16.11523,1.8171532,13.953602,1.6564521,2.69921,6.71378,0.1919790219488675,-3.6123083,22.910637,-11.903246753246753,1.3175954,1.3754834,-2.652277,17.527422,3.3679085,24.436361,15.796781,1.1498594,1.7447788,23.659328
88.0,Emakhazeni,ssp245,near-term_2021-2040,4.620759,-0.52775085,-0.0042660576,-2.4673444976076553,-0.27328926,-0.22317490153956193,0.22769602577873232,7.6926074,0.93602806,6.9278746,0.8257386,1.651243,3.090913,0.11910886896825026,-0.6060348,12.960817,-6.829118250170881,0.74347675,0.70391166,-0.102411546,10.645871,1.3839105,12.02382,8.726113,0.54493916,0.90992194,12.0360365
88.0,Emakhazeni,ssp370,far-term_2081-2100,11.445737,-3.4393575,0.42855304,-6.101623376623377,-7.045262,-0.5455245255997129,0.6114930182599355,26.337893,3.075175,20.804495,2.4308765,4.132656,8.376669,0.3635649562425978,-8.434053,58.935978,-20.135642135642133,3.7185276,3.064243,-6.9274597,38.811356,15.08775,71.55101,31.096003,2.953729,4.4393735,84.695435
88.0,Emakhazeni,ssp370,mid-term_2041-2060,6.0250597,-2.6841989,-0.30866447,-5.015909090909091,-11.840332,-1.152291442892945,0.2716433941997853,14.0466175,1.8971745,11.406232,1.4455322,2.6372135,5.429501,0.15522013851607777,-4.9162397,28.71417,-15.023340548340547,1.6853473,1.0653875,-3.0861058,18.975986,4.2218766,25.847038,17.14183,1.178552,1.9743205,26.120834
88.0,Emakhazeni,ssp370,near-term_2021-2040,3.3509996,-1.133802,-0.071446694,-3.5631313131313127,0.8400792,-0.16131399928392298,0.28216970998925917,8.960211,0.98097354,6.210172,0.7025166,1.1605219,3.7777765,0.13332094121604715,-1.6921471,15.587397,-9.463023088023087,0.8156835,0.14742088,-0.12600899,10.697453,1.561956,11.8406925,8.547291,0.5883183,0.83737457,11.286708
88.0,Emakhazeni,ssp585,far-term_2081-2100,9.9032545,-3.4889607,0.28848866,-6.146103896103895,9.321917,-0.2890082348728968,1.0790905836018616,45.072857,4.999135,34.488358,3.9503891,5.9461966,14.892154,0.5322476426234914,-8.952747,64.74513,-20.56331168831169,4.5032277,4.5576997,-7.9279532,48.550533,19.449076,99.88928,36.512524,3.6895542,5.792693,124.3828
88.0,Emakhazeni,ssp585,mid-term_2041-2060,5.216519,-2.679682,-0.17103468,-4.8119958988380045,11.155378,0.24296455424275315,0.7304511278195492,22.613312,2.3966258,15.41342,1.7498077,2.532529,6.21816,0.26592212976764784,-5.3006268,31.662216,-15.027409432672588,1.8891963,1.8902566,-4.0867896,22.315887,5.6601505,33.044003,20.131273,1.565777,2.4111798,32.773613
88.0,Emakhazeni,ssp585,near-term_2021-2040,3.9716237,-1.1904817,-0.5516469,-2.7996069719753924,6.9272985,-0.08458646616541492,0.5063014679556037,17.38682,1.9321182,10.622731,1.2519124,2.6425884,5.9619317,0.18263952108094209,-1.4626826,15.287237,-8.281459330143539,0.88858134,0.81119674,-0.5299267,12.074841,1.8215823,14.015911,10.19516,0.6742754,0.97187585,13.191299
89.0,Thembisile,ssp126,far-term_2081-2100,8.66303,-1.3590909,0.34345913,-0.8449242424242424,-0.06506348,-0.06729949874686743,0.15383667502088563,5.7311044,0.88523483,4.3276253,0.6968042,0.89831287,2.3632786,0.07188352520338981,-2.4231007,18.143501,-4.392651515151516,0.57508105,0.47083727,-2.0006173,16.639242,2.6798766,37.195396,14.276879,1.0296062,1.6042633,28.41955
89.0,Thembisile,ssp126,mid-term_2041-2060,7.063871,-1.026591,0.17179234,-1.023257575757576,3.6473591,-0.32896616541353413,0.14133667502088532,8.147868,1.1708971,6.1985946,0.98309296,1.9149736,2.4985275,0.04732158877960391,-2.2209594,16.972271,-4.519318181818182,0.5660809,0.2837607,-1.8623422,14.905599,2.1840432,32.37622,13.132781,0.8888655,1.4149361,23.600252
89.0,Thembisile,ssp126,near-term_2021-2040,5.851359,-0.20825775,0.11762619,-0.711590909090909,6.081095,-0.07563283208020266,0.06967000835421899,5.97568,0.89154845,4.03884,0.6543894,0.5871169,2.48923,0.06032942798193256,-0.76046914,12.652647,-3.0584848484848486,0.11142433,-0.009245555,-0.4205408,11.2908325,1.4915433,23.052881,9.458291,0.51025134,0.91978073,16.859022
89.0,Thembisile,ssp245,far-term_2081-2100,13.17982,-3.021212,0.36203036,-1.4098484848484845,5.1511636,0.21750208855471817,0.272765246449457,10.324402,1.4602858,9.631744,1.5130473,2.125106,3.38886,0.10676800700955802,-6.209538,36.42717,-7.128030303030304,2.2818542,2.3460572,-5.578402,29.42493,7.884769,74.59896,25.316214,2.1700726,3.0083618,61.956642
89.0,Thembisile,ssp245,mid-term_2041-2060,6.382998,-2.0409093,0.25568137,-1.1371212121212122,3.8723145,0.3928989139515444,0.3434001670843778,11.585673,1.7299023,8.702346,1.3976902,1.7692528,4.716057,0.1611576321061771,-3.7982535,22.855083,-5.596969696969698,1.3587312,1.4301186,-2.9817178,19.055603,3.7225282,44.888035,16.74178,1.2592045,1.8410378,33.400375
89.0,Thembisile,ssp245,near-term_2021-2040,7.383873,-0.5049441,0.35929236,-0.7871610845295055,3.4458416,0.17770050125313355,0.13967000835421942,7.418238,1.1495285,6.128364,1.0001019,1.363933,1.9910736,0.11523966540378439,-0.69884175,12.88891,-3.5811004784689,0.72653675,0.79652786,-0.2463096,11.545519,1.5811715,23.112165,9.301469,0.46598434,0.96402997,17.522766
89.0,Thembisile,ssp370,far-term_2081-2100,19.78395,-3.5266836,0.57468766,-1.610942760942761,3.177348,0.5345864661654147,0.5118629908103597,18.48364,2.7894952,14.48636,2.2783997,2.762411,6.5318933,0.29571830672656346,-8.482773,58.962177,-8.38644781144781,3.7342649,3.310587,-7.208037,41.223183,15.3740425,108.68493,32.416946,3.1630142,4.520144,105.6238
89.0,Thembisile,ssp370,mid-term_2041-2060,11.801494,-2.834091,0.119423866,-1.4442760942760942,-3.9004517,-0.033834586466165696,0.30396825396825405,11.150311,1.8563036,6.6538086,1.1118083,1.6061739,3.395813,0.08682865244469944,-4.892357,27.247171,-6.9253367003367,1.5370107,1.1129284,-3.449744,20.550493,4.4879317,48.17011,18.103773,1.3249458,2.004069,35.587673
89.0,Thembisile,ssp370,near-term_2021-2040,7.097112,-1.1544613,0.20451164,-1.108164983164983,2.4175212,0.1205513784461149,0.12326649958228897,7.5982795,1.1898502,5.800673,0.93094,1.0162582,2.5807164,0.054429413035888295,-1.6326733,14.310608,-4.578114478114478,0.634472,0.07272021,-0.329744,11.456598,1.5823765,21.732147,9.033455,0.5970109,0.8884633,16.046013
89.0,Thembisile,ssp585,far-term_2081-2100,22.7195,-3.5575757,0.5088561,-1.609848484848485,7.6491294,0.43972431077694313,0.7576858813700921,27.6649,4.2140036,22.110683,3.5069792,3.829626,8.442912,0.4208914059284705,-9.012215,65.1896,-8.48030303030303,4.5801353,4.8425426,-8.187421,51.871902,19.34071,142.7388,38.01552,4.1549115,5.8757834,151.02101
89.0,Thembisile,ssp585,mid-term_2041-2060,10.782994,-2.7643142,0.023935,-1.330781499202552,7.6103516,0.7770258980785307,0.42276524644945673,14.846576,2.1952028,11.320813,1.7774602,1.9309368,4.2588296,0.22378977622523402,-5.4195504,31.317705,-6.697129186602871,1.9232546,1.9684372,-4.4192896,23.957947,6.0260763,58.8994,21.131495,1.758921,2.3294933,45.508312
89.0,Thembisile,ssp585,near-term_2021-2040,6.8964868,-0.70378786,-0.10860443,-0.7652711323763954,5.9618325,0.3802005012531329,0.4164160401002506,15.583781,2.4121344,11.515565,1.8713163,2.8339767,4.1548333,0.16948603936036033,-1.5228478,14.877765,-3.9341706539074957,0.8286884,0.95403415,-0.6166792,12.834693,2.032496,27.378946,10.753868,0.69899243,1.0040079,18.946407
90.0,Dr JS Moroka,ssp126,far-term_2081-2100,9.653187,-1.578409,0.4196086,-0.0457954545454546,-2.2434998,-0.1759429824561387,0.17401315789473681,5.4036255,0.92944384,5.7054853,0.9857949,0.95336723,2.9289398,0.10307110599247737,-2.4659982,17.898804,-1.0743181818181817,0.5415752,0.5271225,-2.021501,16.669067,2.6035109,40.94919,14.391346,1.055893,1.5702915,28.88985
90.0,Dr JS Moroka,ssp126,mid-term_2041-2060,9.109436,-1.113409,0.27335978,-0.07454545454545458,0.6189575,-0.3159429824561357,0.20401315789473706,8.514847,1.4155807,7.153352,1.2142888,2.070057,2.5490723,0.06799170456698711,-2.3996208,16.855783,-1.3443181818181817,0.58017373,0.32804585,-1.8535833,14.974041,2.1035109,35.997932,13.176018,0.8906708,1.385498,24.560898
90.0,Dr JS Moroka,ssp126,near-term_2021-2040,7.4706917,-0.22090864,0.34835958,-0.013295454545454582,4.7466125,-0.01844298245613807,0.1315131578947366,5.9000397,0.9713378,4.5634956,0.7759217,0.7492943,2.2289085,0.11136976394003906,-0.87094975,12.615995,-0.9630681818181819,0.10975981,-0.002981186,-0.4708147,11.371912,1.4710109,26.00293,9.636898,0.52098846,0.87519836,17.481956
90.0,Dr JS Moroka,ssp245,far-term_2081-2100,13.943493,-3.0079544,0.52192974,-0.15681818181818186,2.9057312,0.16923558897243218,0.30407268170426005,9.127857,1.4724355,10.708292,1.8138944,1.7885895,3.2340279,0.14383467017926943,-6.2300744,35.87076,-1.7875,2.2718067,2.3858223,-5.5607357,29.53905,7.7337914,79.1441,25.207012,2.1624565,2.9662495,63.85263
90.0,Dr JS Moroka,ssp245,mid-term_2041-2060,10.593491,-2.1613636,0.17669249,-0.12840909090909097,3.3110352,0.36447368421053206,0.4385964912280702,12.19294,1.9670463,9.465255,1.5880781,1.8310432,5.0363426,0.20066354995622682,-3.8746216,22.571537,-1.4579545454545455,1.3897789,1.4593601,-2.9485972,19.146133,3.6986244,48.89952,16.631107,1.2321377,1.8157272,34.184025
90.0,Dr JS Moroka,ssp245,near-term_2021-2040,7.588188,-0.551136,0.519608,-0.04659090909090912,3.3388672,0.15280701754386072,0.22401315789473708,7.3879433,1.2200632,6.418598,1.0791351,1.1998348,2.2040558,0.14530721183406126,-0.719892,12.806978,-0.9953947368421052,0.7152287,0.80008316,-0.23805141,11.619077,1.6216905,25.740334,9.284832,0.43387794,0.8902111,17.98728
90.0,Dr JS Moroka,ssp370,far-term_2081-2100,21.713913,-3.5145202,0.7459903,-0.1781565656565657,3.2600098,0.5412280701754462,0.5921052631578945,19.153694,3.000536,14.51207,2.3413544,2.9236364,6.6536484,0.3368470926568121,-8.531975,58.23673,-2.0540404040404043,3.7759962,3.4231691,-7.2242393,41.26867,14.962259,110.10432,32.321457,3.1530237,4.563057,107.853676
90.0,Dr JS Moroka,ssp370,mid-term_2041-2060,12.004696,-2.8284087,0.14993763,-0.1781565656565657,-3.761322,-0.14166666666666394,0.32499999999999973,10.309132,1.8119597,8.235825,1.4310786,1.7509861,3.7376862,0.16442141167139912,-4.9035263,26.292473,-1.7957070707070706,1.4588844,1.1519985,-3.412434,20.59158,4.216428,52.245995,18.102222,1.3015957,1.9985008,37.27728
90.0,Dr JS Moroka,ssp370,near-term_2021-2040,6.78891,-1.0825757,0.51441145,-0.14343434343434347,3.2550354,0.1359649122807074,0.1842105263157896,7.889408,1.2942867,6.9426737,1.171394,1.3139257,3.0707169,0.1046816082859996,-1.5037398,13.6566925,-1.2859848484848484,0.5647836,0.12108803,-0.30654192,11.552723,1.4761497,24.308487,9.006683,0.5589037,0.9235649,16.82172
90.0,Dr JS Moroka,ssp585,far-term_2081-2100,27.581577,-3.5806818,0.5112152,-0.1795454545454546,4.465271,0.29304511278195733,0.7112155388471173,25.407196,4.154349,19.90805,3.3515058,3.5936165,8.108578,0.44532278043053974,-9.012175,64.52641,-2.059090909090909,4.6271696,4.9203987,-8.220581,51.943302,18.99294,138.26202,37.89487,4.1815386,5.8101215,153.68521
90.0,Dr JS Moroka,ssp585,mid-term_2041-2060,12.355385,-2.8207533,0.22550201,-0.13977272727272733,6.329132,0.6311403508771978,0.4219298245614036,14.101021,2.2661514,10.758234,1.7897607,1.9188452,4.6389694,0.25236345541396066,-5.4597836,30.676092,-1.7130980861244018,1.9296906,2.0255232,-4.3899755,23.971659,5.789474,63.238106,20.952957,1.7453089,2.2665558,46.67569
90.0,Dr JS Moroka,ssp585,near-term_2021-2040,8.941093,-0.91148305,0.0005016327,-0.050478468899521595,5.023712,0.14661654135339042,0.42192982456140316,14.367882,2.3838925,12.327511,2.1107545,3.0045805,4.7869606,0.20868402740187664,-1.4989915,14.663114,-0.9703947368421053,0.8235688,1.0017128,-0.5764375,12.965875,1.992225,29.93589,10.738371,0.6877632,0.994709,19.55783
91.0,Thaba Chweu,ssp126,far-term_2081-2100,5.093848,-1.2915455,0.012181473,-1.579090909090909,-3.1089234,-0.3004849624060146,0.1726359649122803,7.737162,1.0004811,7.446603,0.9262305,1.6686859,6.491454,0.137805513148023,-2.434721,18.563793,-5.3897045454545465,0.60411286,0.38452205,-1.4717848,14.775852,2.3204126,26.856047,12.538975,0.8582619,1.5675141,18.254612
91.0,Thaba Chweu,ssp126,mid-term_2041-2060,3.0630975,-1.4100455,-0.19481878,-1.7508409090909094,-4.1329775,-0.3567349624060164,0.025885964912280724,4.3135858,0.5367447,4.7703857,0.58617944,1.1298504,3.8918853,0.04259737645447732,-2.4026942,17.608406,-5.6839545454545455,0.68375385,0.2959465,-1.2349666,13.503334,1.9586626,23.892546,11.666108,0.6781389,1.327784,15.390139
91.0,Thaba Chweu,ssp126,near-term_2021-2040,2.0610967,-0.27179545,-0.048318386,-1.2305909090909093,10.975073,0.06801503759398386,0.13013596491228013,9.380036,1.0018371,9.707376,1.1887591,1.439326,7.4933496,0.13114411144025473,-0.8504483,12.978307,-3.896204545454546,0.21928988,-0.047590256,0.086420536,10.050848,1.2486626,15.503548,8.302145,0.46762323,0.859721,10.544612
91.0,Thaba Chweu,ssp245,far-term_2081-2100,3.942667,-3.1029546,0.2081459,-2.5836363636363635,1.7124084,-0.057556390977443785,0.4358145363408522,18.538967,2.1872084,15.843833,1.9232012,3.2165573,8.931354,0.2584812071910826,-6.1985826,35.796585,-9.473636363636365,2.2020988,2.1420643,-5.0675883,25.72,6.8157535,55.54778,23.05158,1.8817418,2.8478045,41.07203
91.0,Thaba Chweu,ssp245,mid-term_2041-2060,1.4929085,-2.1438637,-0.42375916,-2.0184090909090906,-3.7738585,-0.1680325814536346,0.28033834586466166,15.023632,1.8737284,13.421191,1.6802126,2.4526944,6.5890465,0.19109196571012327,-3.8300102,22.801296,-7.3154545454545445,1.3168993,1.3733101,-2.5001981,17.012672,3.3096175,32.81116,15.139832,1.1084397,1.7143981,21.537819
91.0,Thaba Chweu,ssp245,near-term_2021-2040,4.8398485,-0.6841626,0.18818149,-1.328409090909091,-6.752063,-0.44148496240601426,0.049135964912281074,2.026998,0.37978,4.5692763,0.612104,1.2741139,2.4685836,0.09335930745686208,-0.78734016,13.013711,-4.337117224880382,0.71465987,0.6795988,0.015189171,10.3236685,1.369887,16.180523,8.37333,0.5436681,0.8586006,11.192419
91.0,Thaba Chweu,ssp370,far-term_2081-2100,10.998836,-3.3984344,0.087694645,-3.0524242424242427,-11.305414,-0.6160902255639111,0.5993859649122802,27.995058,3.3784723,21.555561,2.6047597,4.68067,9.721847,0.40446541163194627,-8.552792,58.142178,-11.75628787878788,3.760848,3.1108868,-6.843386,37.126118,14.229718,88.80619,30.206974,2.893945,4.40069,77.97357
91.0,Thaba Chweu,ssp370,mid-term_2041-2060,4.148571,-2.6473234,-0.4020423,-2.571035353535353,-18.018335,-1.075037593984963,0.23122807017543864,13.127768,1.9870666,10.832,1.4790121,2.044438,6.284079,0.15272009173406956,-5.1554236,28.17559,-9.123787878787878,1.6973093,1.0805357,-2.8966463,18.110071,3.902496,34.802853,16.19308,1.1781166,2.0040603,24.027462
91.0,Thaba Chweu,ssp370,near-term_2021-2040,2.703046,-1.1295456,0.08979998,-1.9240909090909093,4.826257,0.07417293233082631,0.3901754385964911,14.437296,1.5715559,10.277801,1.20342,1.8201675,6.8893766,0.1974088844991182,-1.8893266,15.673666,-6.101287878787877,0.8135696,0.19124088,0.03763189,10.354361,1.5647182,16.114796,7.9900594,0.5483516,0.84295195,10.5919075
91.0,Thaba Chweu,ssp585,far-term_2081-2100,10.369813,-3.4602275,-0.07899704,-3.067045454545455,-0.84699094,-0.6008897243107771,1.0470050125313286,44.768467,5.3822427,34.65971,4.1952534,6.1362486,16.509174,0.6094879688463545,-8.994577,63.86767,-11.895227272727272,4.468136,4.4497724,-7.8463454,46.4446,18.510754,118.43344,35.48073,3.6009393,5.591472,113.767815
91.0,Thaba Chweu,ssp585,mid-term_2041-2060,5.09624,-2.6932657,-0.23566398,-2.4238995215311006,2.4194884,0.19196741854636593,0.6222431077694239,18.980871,2.2373054,12.063186,1.4514323,2.268763,6.4762716,0.2600416274959728,-5.423607,30.992342,-8.902033492822964,1.8581719,1.8552595,-3.9227438,21.283417,5.298696,43.570656,19.210104,1.4876951,2.3226395,29.219963
91.0,Thaba Chweu,ssp585,near-term_2021-2040,2.8298137,-1.2005383,-0.45828286,-1.4348684210526312,-0.5743774,-0.3216040100250638,0.2424812030075186,12.478041,1.5398476,9.4225025,1.1712899,2.0781994,6.3267527,0.14853443885574585,-1.5553892,14.875686,-5.055514354066984,0.89437044,0.7921196,-0.36359566,11.608993,1.74689,19.103888,9.618112,0.6186085,0.92743224,12.369963
92.0,Nkomazi,ssp126,far-term_2081-2100,2.8018107,-1.3648294,-0.24430263,-0.006590909090909092,-5.0923767,-0.29932330827067677,0.23319470551378435,10.768798,1.7622774,7.521003,1.1516356,1.1121624,4.870837,0.11311725998831679,-2.7418911,20.464184,-0.05954545454545453,0.5920669,0.61692595,-1.0782661,14.530587,2.522385,41.629612,11.692642,0.75080824,1.7133541,15.396021
92.0,Nkomazi,ssp126,mid-term_2041-2060,2.4218125,-1.7060796,-0.14836574,-0.007215909090909092,-3.250969,-0.31276080827067654,0.21319470551378455,9.979101,1.4882157,6.839343,0.9928498,1.6544778,4.1890135,0.046437644529705446,-2.8960526,19.880707,-0.06579545454545455,0.7341047,0.4927647,-0.89746404,13.274849,2.1689472,38.24555,10.82282,0.57726073,1.4422746,12.885823
92.0,Nkomazi,ssp126,near-term_2021-2040,1.5502486,-0.66420454,-0.17336571,-0.0015909090909090925,10.398209,0.1431766917293218,0.2672572055137844,10.714749,1.4159052,6.578529,0.9368104,1.1837988,5.4092226,0.11359544147947453,-1.4643095,15.152712,-0.04204545454545454,0.24180388,0.17319798,0.5501809,9.861539,1.3867599,26.896488,7.490766,0.3404734,0.9297819,8.281877
92.0,Nkomazi,ssp245,far-term_2081-2100,3.1314707,-2.8704545,0.14935803,-0.005965909090909092,0.53648376,0.5120457393483719,0.624906015037594,21.365849,3.1915884,12.522245,1.8694441,2.7609944,7.2562847,0.2753685294423849,-6.409711,35.868393,-0.08068181818181819,2.194919,2.053337,-5.0425854,24.298508,6.389384,78.83199,22.000921,1.8015196,2.6175122,33.466557
92.0,Nkomazi,ssp245,mid-term_2041-2060,1.525814,-2.1352272,-0.51046395,-0.003977272727272729,-6.4644394,-0.1427161654135336,0.40675125313283167,16.30708,2.5833645,10.612266,1.6284503,1.8514061,4.330309,0.12313527643569178,-4.1078634,23.11288,-0.06789772727272726,1.3836224,1.3090012,-2.4292045,16.307234,3.1411633,51.151142,14.495185,1.0720851,1.7039518,17.49068
92.0,Nkomazi,ssp245,near-term_2021-2040,2.1840005,-0.7590163,-0.029615283,0.0017045454545454542,-4.8293304,-0.26619830827067803,0.16913220551378466,6.992592,1.1391324,3.9242184,0.6001086,1.1255076,2.057416,0.09798225698136132,-1.030468,13.012077,-0.04431818181818182,0.66753465,0.66135836,0.20618689,9.796723,1.2434493,27.6306,7.882262,0.5758462,0.8024268,8.584132
92.0,Nkomazi,ssp370,far-term_2081-2100,5.4502835,-3.1815655,-0.0113095045,-0.009090909090909092,-14.479088,-0.48031015037593816,0.7285401002506267,26.355175,4.048571,18.944374,2.8338342,3.675499,7.5899744,0.2823181407022973,-8.702813,58.14478,-0.09204545454545454,3.6196392,3.1390643,-6.7882833,35.414722,13.582767,107.23662,29.101004,2.6668484,4.426358,66.757645
92.0,Nkomazi,ssp370,mid-term_2041-2060,3.2062044,-2.6732323,-0.58927023,-0.009090909090909092,-17.090569,-0.812218045112783,0.37196115288220555,14.519065,2.584578,8.539172,1.4200375,1.2159157,3.4554558,0.12023806906204282,-5.5918527,29.819534,-0.08579545454545454,1.6774619,1.21643,-2.6752894,17.47346,3.847003,54.544952,15.161192,1.065865,2.120422,19.638546
92.0,Nkomazi,ssp370,near-term_2021-2040,1.8160739,-1.0499682,0.13046706,-0.003535353535353536,3.613945,0.05258458646616759,0.500579573934837,18.081575,2.5108933,10.551692,1.5025396,1.7851806,5.404297,0.16938560312113915,-2.259235,17.49218,-0.07121212121212121,0.78963006,0.37102175,0.31179607,10.322895,1.6435308,27.168911,7.585485,0.44340038,0.9813595,9.255213
92.0,Nkomazi,ssp585,far-term_2081-2100,6.8826585,-3.2045455,-0.24677277,-0.009090909090909092,-1.0001373,0.25520050125313176,1.217763157894737,43.653282,6.467399,28.252838,4.166162,4.836808,14.552372,0.49446829746707355,-9.11869,63.6395,-0.08948863636363637,4.3489213,4.238741,-7.9200583,43.957256,17.638891,128.78865,34.50615,3.4327562,5.239133,98.78115
92.0,Nkomazi,ssp585,mid-term_2041-2060,2.7154007,-2.5562499,0.045488954,-0.007386363636363638,4.6024933,0.678414786967418,0.6487155388471177,19.87767,2.8029165,9.038696,1.2689886,1.9234359,4.517809,0.2488584307654601,-5.56867,30.787716,-0.07357954545454545,1.8068641,1.7883966,-3.8081558,20.318554,4.8657894,65.31461,18.350586,1.4726131,2.2377968,24.48324
92.0,Nkomazi,ssp585,near-term_2021-2040,1.9927807,-1.1982206,-0.27504718,0.003977272727272727,-0.19139862,-0.18348997493734576,0.24276315789473696,12.080407,1.7675215,8.072291,1.1694853,1.7157006,4.2810707,0.11997479744297124,-1.7114078,14.680838,-0.03151913875598086,0.86565614,0.7358546,-0.26186395,11.03613,1.5948415,31.702278,9.017328,0.6478069,0.9416461,9.80437
93.0,Moretele,ssp126,far-term_2081-2100,7.9129333,-1.6636364,0.40546894,-0.7463636363636365,-4.192627,-0.3296553884711706,0.08132832080200458,5.127884,0.89245224,3.65806,0.6407838,0.95113945,1.8218689,0.08434441907185697,-2.7054696,18.45765,-4.155909090909091,0.5883861,0.61035156,-2.1192455,17.30407,2.5965672,39.395325,14.918278,1.1538715,1.7132683,32.787598
93.0,Moretele,ssp126,mid-term_2041-2060,8.062927,-1.3236363,0.2579689,-0.8888636363636363,3.112915,-0.3121553884711794,0.21132832080200403,10.474136,1.5580807,10.121508,1.6242895,2.4538288,2.388565,0.10935789616873404,-2.4692926,16.976734,-4.283409090909091,0.5999319,0.43570328,-2.009472,15.401185,2.1440668,34.340317,13.597778,0.9549427,1.494854,27.537596
93.0,Moretele,ssp126,near-term_2021-2040,8.217918,-0.53613615,0.31796837,-0.6513636363636364,3.1031494,-0.16715538847117983,0.05132832080200389,6.092491,0.92264557,4.8245335,0.7780571,0.98447037,0.7850876,0.08995659048281457,-1.041317,12.774869,-2.968409090909091,0.09604299,0.048620224,-0.6084595,11.8006735,1.3990672,25.235306,10.100761,0.57899666,0.91145706,20.124435
93.0,Moretele,ssp245,far-term_2081-2100,14.058395,-3.2090907,0.25701714,-1.259090909090909,3.7714233,0.16165413533834894,0.3194235588972423,9.611511,1.4377136,10.672018,1.7578487,2.0607052,2.1833649,0.20453055155567146,-6.338858,35.99213,-6.297727272727273,2.3148112,2.5115604,-5.64142,30.617931,7.822009,77.12163,25.74207,2.2380028,3.120472,71.26567
93.0,Moretele,ssp245,mid-term_2041-2060,8.446487,-2.4795454,0.16415882,-1.0318181818181817,1.8830566,0.07355889724310671,0.43370927318295704,16.077423,2.5466442,9.908293,1.6182461,1.9474506,4.635689,0.1893645998120279,-3.9914107,22.60165,-5.013636363636364,1.4201505,1.5416794,-3.0753374,19.934097,3.7722485,47.472122,17.327969,1.3476219,1.897255,38.566784
93.0,Moretele,ssp245,near-term_2021-2040,6.68042,-0.92966485,0.49296856,-0.6702153110047846,1.8730469,0.07284461152882216,0.16632832080200455,11.769119,1.8949509,6.973295,1.1666403,1.7137737,1.5482101,0.15824163053608675,-0.75245,12.739547,-3.2677033492822973,0.71044916,0.80096626,-0.3452587,11.882443,1.6599681,24.297516,9.546314,0.44964027,0.9375305,20.60564
93.0,Moretele,ssp370,far-term_2081-2100,20.517921,-3.6525252,0.6432333,-1.3891414141414142,6.471985,0.40100250626566236,0.5786967418546367,24.18647,3.5555935,16.74962,2.5937934,3.567625,7.1088867,0.38545108707968634,-8.51608,57.65323,-7.335353535353535,3.7911804,3.5556374,-7.3254437,42.919506,14.917954,109.38475,32.95625,3.2392788,4.7488747,118.27751
93.0,Moretele,ssp370,mid-term_2041-2060,11.067917,-2.9886363,0.15112686,-1.2641414141414142,-1.2160645,-0.08057644110275675,0.23395989974937192,13.295006,2.0277843,10.603373,1.669374,2.1069164,2.922615,0.1565084496221658,-5.016891,26.339882,-6.0659090909090905,1.4394763,1.1884823,-3.5745492,21.475845,4.2679563,50.451447,18.533566,1.3387547,2.0847015,42.421955
93.0,Moretele,ssp370,near-term_2021-2040,6.0258026,-1.1497474,0.42744255,-0.9280303030303031,0.15289307,-0.07005012531328347,0.15238095238095184,8.208595,1.3165474,6.483618,1.0879664,1.4373894,2.0351868,0.07929125784069768,-1.6189795,13.82768,-3.935353535353535,0.5173257,0.17808151,-0.3750038,11.794133,1.5540671,23.040329,9.37735,0.5994797,1.0324669,19.077505
93.0,Moretele,ssp585,far-term_2081-2100,27.825058,-3.7045453,0.39511108,-1.4,10.614624,0.43308270676692473,0.6908521303258137,30.597237,4.6093636,21.173796,3.353623,4.7108097,8.000992,0.5844323585426956,-9.033122,64.48818,-7.420454545454546,4.7500935,5.086418,-8.31526,53.652435,18.788158,139.01082,38.49329,4.337204,5.998207,165.9025
93.0,Moretele,ssp585,mid-term_2041-2060,11.527451,-3.0416265,0.18797016,-1.163397129186603,6.7400513,0.4735588972431124,0.4289473684210523,16.944824,2.6009064,11.04928,1.7788229,2.4100704,4.1641846,0.3010491339138728,-5.5406957,30.769547,-5.888995215311005,1.9229798,2.065239,-4.513868,25.044312,5.9665074,61.17009,21.529972,1.7648983,2.2942734,54.00965
93.0,Moretele,ssp585,near-term_2021-2040,7.4869537,-1.1476073,0.06892109,-0.680023923444976,6.5252686,0.19260651629073422,0.3575187969924811,17.539574,2.660944,13.35449,2.15563,3.220644,3.8715668,0.210621136985786,-1.6675472,14.69749,-3.6910287081339717,0.86441606,1.0772362,-0.6188898,13.2053995,2.0065792,28.335785,10.9622345,0.66975975,1.0420265,22.4287
94.0,Local Municipality of Madibeng,ssp126,far-term_2081-2100,7.9439745,-1.7023183,0.38274747,-1.0910454545454547,-6.9577513,-0.3028333333333343,-0.006172932330826786,1.1868317,0.35492498,2.581981,0.5000516,0.6252659,1.5892776,0.093795458057593,-2.8330579,18.762932,-4.989909090909092,0.57743466,0.66945994,-2.1503985,17.719463,2.780237,39.745197,15.295926,1.1589699,1.7017791,34.46431
94.0,Local Municipality of Madibeng,ssp126,mid-term_2041-2060,7.541972,-1.5508182,0.27024803,-1.2575454545454547,2.352356,-0.2503333333333352,0.1678270676691735,7.650749,1.1484311,9.515939,1.5867893,2.407938,2.761232,0.13510292905830035,-2.5933337,17.248833,-5.144909090909091,0.6206149,0.47696114,-1.9906849,15.657607,2.2527368,34.235695,13.855412,0.9906155,1.5332596,28.849047
94.0,Local Municipality of Madibeng,ssp126,near-term_2021-2040,8.965978,-0.6158183,0.31124726,-0.9515454545454546,1.1546997,-0.1658333333333367,0.01532706766917329,3.5861938,0.6034702,4.203782,0.74238414,0.9434975,0.6362747,0.0971787036440798,-1.095138,13.061094,-3.523409090909091,0.09866352,0.11374931,-0.6659279,12.131987,1.4242368,25.51219,10.367258,0.6266308,0.9588722,21.421154
94.0,Local Municipality of Madibeng,ssp245,far-term_2081-2100,13.37133,-3.1531818,0.31591377,-1.7263636363636365,0.8486694,0.02095238095238159,0.20368421052631608,6.5980287,1.1120145,7.6415324,1.3609871,1.5925052,1.80112,0.18351292698733487,-6.479902,36.395096,-7.656818181818181,2.3588998,2.5977073,-5.681143,31.338068,8.047344,76.799446,26.148487,2.3270123,3.1453424,75.01131
94.0,Local Municipality of Madibeng,ssp245,mid-term_2041-2060,8.911815,-2.411818,0.12305679,-1.4590909090909092,0.4998291,0.15619047619047705,0.3874937343358399,13.140984,2.1903696,8.993153,1.5512755,1.8491375,4.4675508,0.2027959397681876,-4.116339,22.95789,-6.1,1.4526638,1.568483,-3.1503868,20.354206,3.9142826,47.47224,17.660309,1.4232715,1.8928741,40.350975
94.0,Local Municipality of Madibeng,ssp245,near-term_2021-2040,6.7634735,-0.83203346,0.39974746,-0.9729425837320577,0.5539185,0.011166666666665038,0.18632706766917345,8.1434555,1.395232,6.7151294,1.1877816,1.4889076,1.5846145,0.16465696927265866,-0.87208045,13.023719,-3.8837320574162684,0.72437006,0.84828836,-0.38876134,12.15239,1.7127299,24.750639,9.838022,0.4997074,0.97705615,21.420025
94.0,Local Municipality of Madibeng,ssp370,far-term_2081-2100,21.70901,-3.5684848,0.6355635,-1.9256565656565656,1.7689941,0.23982456140350691,0.48609022556390996,17.935852,2.8282652,13.70335,2.2495987,3.195084,5.8142166,0.35829613910041436,-8.532474,57.629715,-8.940353535353534,3.773604,3.6015904,-7.381241,43.93505,15.106403,109.115486,33.37889,3.337193,4.803977,124.29098
94.0,Local Municipality of Madibeng,ssp370,mid-term_2041-2060,11.557947,-2.8690405,0.083984375,-1.7017676767676768,-3.166272,-0.20438596491228295,0.23293233082706796,9.357344,1.5355437,8.568404,1.4360719,2.0219104,2.2440612,0.17142865531435608,-5.0569987,26.488224,-7.323131313131313,1.4067619,1.189523,-3.5540824,21.938078,4.3025146,50.77381,18.90549,1.3954391,2.1069138,44.815422
94.0,Local Municipality of Madibeng,ssp370,near-term_2021-2040,6.411638,-0.99904054,0.3639841,-1.1828787878787879,-0.7283691,-0.14859649122807142,0.20293233082706755,7.296533,1.262738,5.21054,0.9181162,1.4508412,1.664183,0.11532102067507495,-1.594073,13.8986435,-4.385353535353536,0.46583155,0.23739854,-0.37486076,12.041778,1.5825146,23.551594,9.615666,0.6471588,1.0759926,20.296534
94.0,Local Municipality of Madibeng,ssp585,far-term_2081-2100,27.910854,-3.6613636,0.33115253,-1.9409090909090907,6.8283935,0.42476190476190256,0.6103508771929829,24.9439,3.9110308,18.019955,2.9858313,4.25002,7.4487257,0.5516589943569417,-9.085117,65.00587,-9.084545454545454,4.8210254,5.1533566,-8.371828,54.63445,18.9011,136.72133,38.773647,4.416991,6.0420356,171.75287
94.0,Local Municipality of Madibeng,ssp585,mid-term_2041-2060,11.483711,-3.010574,0.21734257,-1.6192344497607656,4.6279297,0.4838095238095221,0.44844611528822076,14.949507,2.4260793,8.98213,1.5306455,2.2188523,3.9917998,0.2852379759199632,-5.6396317,31.02339,-7.144234449760765,1.9455005,2.115651,-4.5355425,25.66895,6.0763397,61.506607,21.89143,1.7984638,2.3496337,57.2605
94.0,Local Municipality of Madibeng,ssp585,near-term_2021-2040,6.8460937,-1.0298085,-0.017895317,-1.0076076555023923,5.738757,0.18476190476190268,0.32606516290726856,15.114273,2.4024024,12.348971,2.0937903,2.97011,3.896907,0.21060827937108045,-1.7158056,14.8800125,-4.457296650717703,0.9047327,1.0927582,-0.581287,13.600513,2.1254785,28.43951,11.236157,0.7213348,1.0906296,23.756216
95.0,Rustenburg,ssp126,far-term_2081-2100,7.814946,-1.6993182,0.43358383,-1.7002727272727278,-9.975525,-0.2769774436090223,-0.0810150375939851,-0.072718814,0.24756698,1.6149495,0.34631094,0.13086662,0.9333237,0.08293352096111714,-2.8576283,19.030487,-6.108272727272727,0.5823677,0.7359398,-2.1741648,18.38586,2.9202797,39.703865,15.733142,1.1939402,1.7444496,37.39614
95.0,Rustenburg,ssp126,mid-term_2041-2060,7.592448,-1.4693182,0.48808384,-1.8827727272727277,2.2920654,-0.09997744360902203,0.19198496240601468,9.023929,1.3808037,7.3214025,1.2062407,2.1179757,3.034883,0.1280832443621703,-2.5903025,17.441378,-6.136272727272727,0.6070346,0.5202881,-1.9844368,16.18739,2.31228,34.19837,14.257693,1.0429987,1.6126289,31.166668
95.0,Rustenburg,ssp126,near-term_2021-2040,9.151947,-0.68431824,0.22658387,-1.3152727272727276,-0.8604981,-0.2929774436090227,-0.04801503759398438,3.1204667,0.597716,3.4823623,0.63673115,1.1654632,0.79041135,0.08482717968295184,-1.1152632,13.289917,-4.157272727272727,0.09875743,0.17080002,-0.6420002,12.606584,1.4552798,25.694366,10.692266,0.7089437,1.0425698,23.262981
95.0,Rustenburg,ssp245,far-term_2081-2100,13.096062,-3.256818,0.29596424,-2.7131818181818184,-0.93563235,-0.04050125313283317,0.1849373433583959,6.538266,1.1933044,5.458914,0.99716055,1.4621537,1.5554321,0.1702348725770964,-6.5700436,37.08943,-9.81409090909091,2.409751,2.6604285,-5.719796,32.522655,8.418158,76.74057,26.69294,2.4103327,3.2529328,81.33516
95.0,Rustenburg,ssp245,mid-term_2041-2060,8.556066,-2.3481817,0.22644158,-2.237727272727273,-2.6285279,0.05949874686716754,0.3196992481203006,12.222722,2.1104026,7.3592978,1.297913,1.7510929,4.420047,0.1832262422791205,-4.1776457,23.27969,-7.790909090909091,1.4654047,1.5953385,-3.2107906,21.191603,4.0501437,47.729733,18.233221,1.5035846,1.955368,43.898647
95.0,Rustenburg,ssp245,near-term_2021-2040,7.6979475,-0.58679426,0.508584,-1.4506698564593303,-1.69552,-0.01847744360902226,0.19798496240601474,7.799533,1.3896596,6.834657,1.2182398,1.3091717,1.8618698,0.1511850291282945,-0.8878778,13.431857,-4.730095693779903,0.7610425,0.8957756,-0.45582676,12.653628,1.7401357,25.06215,10.2583065,0.55444413,1.0728333,23.377996
95.0,Rustenburg,ssp370,far-term_2081-2100,22.26319,-3.6573737,0.6014786,-3.06949494949495,-3.8186157,0.08323308270676719,0.412406015037594,14.635442,2.463392,10.048027,1.6987268,2.3960845,4.668704,0.310558999915253,-8.547788,57.868607,-11.713939393939393,3.6901536,3.5916417,-7.4387455,45.80212,15.53989,111.02115,34.120483,3.4747624,4.881846,132.97412
95.0,Rustenburg,ssp370,mid-term_2041-2060,13.231606,-2.7807071,0.23674163,-2.5883838383838382,-3.9083374,-0.29255639097744324,0.2013533834586469,9.082611,1.5438652,7.3314323,1.2350142,1.950058,1.6540512,0.16276140018979657,-5.0660267,26.911383,-9.07282828282828,1.3744366,1.1810436,-3.5986805,22.889982,4.5165577,51.11115,19.515316,1.4724325,2.1265016,48.485237
95.0,Rustenburg,ssp370,near-term_2021-2040,7.1600294,-0.98292935,0.4451626,-1.592828282828283,-1.3902344,-0.06729323308270523,0.19977443609022555,6.95856,1.2168276,4.290106,0.77674276,1.2455025,1.4159302,0.10736296827528787,-1.4592657,14.132463,-5.043383838383837,0.432596,0.24876289,-0.4347168,12.468073,1.6126689,24.320591,10.074076,0.6952642,1.139608,21.921345
95.0,Rustenburg,ssp585,far-term_2081-2100,27.923206,-3.78,0.6164408,-3.116818181818182,3.7905884,0.2604511278195488,0.6554135338345866,25.91285,4.132991,15.4336195,2.4994934,4.1059823,7.1657653,0.5283134334528723,-9.12904,65.887634,-12.02090909090909,4.829711,5.2052913,-8.42578,56.233162,19.228327,138.83792,39.253857,4.5349216,6.1745696,180.29959
95.0,Rustenburg,ssp585,mid-term_2041-2060,11.681776,-3.141818,0.31691703,-2.5099282296650722,1.2521241,0.3323558897243096,0.4773182957393485,14.6475525,2.461904,7.2005835,1.2253492,1.9768463,3.8263962,0.26436765427956105,-5.658061,31.504541,-9.049401913875597,1.9387534,2.181338,-4.60631,26.866285,6.444426,61.760906,22.461884,1.8199854,2.4695153,62.89531
95.0,Rustenburg,ssp585,near-term_2021-2040,6.8274946,-1.0410767,0.009774208,-1.6022009569377988,4.8357177,0.1042606516290732,0.3406516290726815,14.925916,2.4231012,11.012757,1.840026,2.5930183,3.7754471,0.20700548788918613,-1.7105995,15.141725,-5.570645933014353,0.9277456,1.1094707,-0.6194601,14.125813,2.1925838,28.54292,11.513884,0.7706558,1.1669708,25.875315
96.0,Kgetlengrivier,ssp126,far-term_2081-2100,4.9601946,-1.6489998,0.40372086,-3.105954545454545,-13.48949,-0.4213759398496258,-0.13221428571428576,0.35267028,0.4054888,3.1548042,0.65715635,0.45128518,1.1924118,0.07224303059079454,-2.9346366,19.484533,-8.663681818181818,0.5844453,0.79756624,-2.240952,19.162178,3.0970502,39.758614,16.095448,1.2230896,1.7877632,40.50712
96.0,Kgetlengrivier,ssp126,mid-term_2041-2060,6.628194,-1.5079997,0.5187208,-3.2954545454545454,1.3969605,-0.1258759398496238,0.2212857142857138,10.548346,1.6369549,9.213903,1.4900175,2.4965427,3.502655,0.1238969152098699,-2.6659489,17.794392,-8.456681818181819,0.6006084,0.5791756,-1.9240211,16.781994,2.38105,33.898132,14.599817,1.0953588,1.6818504,33.900276
96.0,Kgetlengrivier,ssp126,near-term_2021-2040,7.810193,-0.8574995,0.024720764,-2.3124545454545453,-3.5141845,-0.5293759398496242,-0.09571428571428556,4.190169,0.84096086,4.1096773,0.7513794,1.6003895,1.0978286,0.06926052864856835,-1.2284485,13.630536,-5.601181818181819,0.114494406,0.24380226,-0.65464896,13.175214,1.5655502,25.97263,11.035127,0.74865115,1.1333374,24.921854
96.0,Kgetlengrivier,ssp245,far-term_2081-2100,11.83253,-3.2431815,0.13202953,-4.886818181818181,-2.9247558,-0.19466165413533928,0.11952380952380937,8.492601,1.5719576,7.5891523,1.350538,1.9525379,2.0901732,0.19699267311888172,-6.6701727,37.9853,-14.432727272727274,2.4413536,2.742086,-5.7326255,33.89889,8.87055,76.24399,27.240126,2.48494,3.3475602,88.23235
96.0,Kgetlengrivier,ssp245,mid-term_2041-2060,6.789197,-2.201818,0.15631524,-3.977727272727273,-6.5056763,-0.10561403508772145,0.21999999999999967,12.262426,2.1737869,8.601433,1.498002,2.3400388,4.6819506,0.16550375239066817,-4.280355,23.787256,-11.322272727272729,1.5026772,1.6391506,-3.2026043,22.212542,4.2932773,47.89526,18.834448,1.569107,2.0291429,48.050903
96.0,Kgetlengrivier,ssp245,near-term_2021-2040,7.303197,-0.5868178,0.49972135,-2.542200956937799,-3.6960692,-0.05087593984962595,0.21628571428571375,9.820439,1.6988541,7.91264,1.3639307,1.305328,2.4282258,0.16650474350245617,-0.9962994,13.869819,-6.675047846889951,0.7590881,0.9055794,-0.53190196,13.211841,1.8480514,25.387302,10.747106,0.62759894,1.1551659,25.384058
96.0,Kgetlengrivier,ssp370,far-term_2081-2100,21.034985,-3.5961108,0.281905,-5.62989898989899,-10.785547,-0.17879699248120245,0.29796992481202966,15.017668,2.7288888,10.78367,1.84586,2.3236477,4.2287903,0.2894661095747916,-8.631645,58.331535,-17.668737373737375,3.6216068,3.638052,-7.460089,47.84193,16.09444,112.97163,34.78361,3.6242757,4.9975,142.63574
96.0,Kgetlengrivier,ssp370,mid-term_2041-2060,11.493405,-2.7327776,0.21085128,-4.584898989898989,-4.5193725,-0.2672180451127815,0.09744360902255611,10.022524,1.6606493,7.900052,1.2917879,2.6518764,2.1544724,0.14060041597479653,-5.099451,27.389261,-12.822070707070708,1.3306822,1.2557701,-3.628052,23.96099,4.714995,50.8133,20.101908,1.5497458,2.1718392,52.833527
96.0,Kgetlengrivier,ssp370,near-term_2021-2040,5.8823576,-0.9938886,0.42137796,-2.6837878787878786,-1.4720703,0.030676691729323125,0.23112781954887235,8.088699,1.3541107,5.789469,0.99934053,1.478925,2.5032623,0.12131104040839258,-1.4311148,14.338972,-6.7681818181818185,0.4090439,0.2790901,-0.42228165,13.053693,1.6555502,24.516077,10.541822,0.70661086,1.214048,23.960188
96.0,Kgetlengrivier,ssp585,far-term_2081-2100,26.186817,-3.7268178,0.51964873,-5.748636363636363,-1.2497193,0.008671679197994563,0.6561904761904761,26.082981,4.2510242,17.780313,2.8425148,4.6430163,7.998076,0.5365149421383416,-9.207242,66.7,-18.279545454545453,4.851436,5.3558817,-8.480455,58.0518,19.286913,142.81845,39.633778,4.6307225,6.3130746,190.31995
96.0,Kgetlengrivier,ssp585,mid-term_2041-2060,10.871579,-3.0804543,0.24250603,-4.528947368421052,-3.300171,0.18676691729323308,0.45428571428571474,15.07106,2.57665,8.128268,1.3538908,2.1188648,4.1786776,0.2688601413295718,-5.706791,32.111935,-13.222799043062201,1.931724,2.2354674,-4.6041737,28.269844,6.742871,61.64751,23.072052,1.8627523,2.5757706,68.82995
96.0,Kgetlengrivier,ssp585,near-term_2021-2040,5.819667,-1.0624639,-0.017970275,-2.889425837320574,4.082776,0.15010025062656568,0.30047619047619073,15.530771,2.481661,11.632374,1.8756355,2.6734233,4.1920013,0.21818509468706218,-1.7793982,15.523022,-7.828947368421052,0.9339552,1.1312969,-0.6584343,14.766406,2.28189,28.703897,11.919604,0.79862916,1.2630104,28.315186
97.0,Moses Kotane,ssp126,far-term_2081-2100,5.981406,-1.7284662,0.39517176,-1.3030397727272727,-13.437084,-0.4213283208020062,-0.10313126566416081,0.06479931,0.36567605,2.0328941,0.46498814,-0.4195795,1.4653664,0.057965753817104115,-3.0852733,19.819622,-4.999630681818181,0.6322677,0.8355663,-2.1797447,18.883614,3.0436153,39.95333,16.13002,1.2093041,1.6980829,39.82597
97.0,Moses Kotane,ssp126,mid-term_2041-2060,7.316717,-1.680966,0.3779843,-1.5099147727272726,-1.095993,-0.18414082080200478,0.1359312343358393,8.1187935,1.4391241,8.194057,1.4754415,2.0609634,3.3007526,0.12340409613911707,-2.8290067,18.157816,-5.189943181818181,0.70693076,0.63095164,-1.9255244,16.565126,2.420178,33.961143,14.445998,1.0872979,1.6343546,33.195705
97.0,Moses Kotane,ssp126,near-term_2021-2040,8.239534,-1.0134661,0.18829691,-1.1424147727272727,6.847122,-0.3769533208020053,-0.057193765664160456,13.919603,1.935987,14.047252,1.9801455,10.601751,10.037295,0.18003536960052846,-1.4441893,13.96051,-3.632755681818182,0.16914022,0.25029016,-0.672222,12.978776,1.5439279,26.057085,11.14385,0.74186873,1.0961952,24.665445
97.0,Moses Kotane,ssp245,far-term_2081-2100,13.106318,-3.3008523,0.118921876,-2.0411931818181817,-5.5363503,-0.1976973684210548,0.0968984962406017,5.6630936,1.2971021,5.846271,1.1762924,1.1192632,1.7672253,0.18433512316556344,-6.7784557,37.765335,-7.763352272727272,2.5377505,2.8210545,-5.754158,33.515667,8.599522,76.5688,27.101345,2.5265646,3.2913342,85.94718
97.0,Moses Kotane,ssp245,mid-term_2041-2060,8.484297,-2.4786935,0.11416006,-1.767613636363636,-4.4613304,0.08533834586465971,0.30046992481202983,12.915762,2.498402,8.164295,1.5367899,1.8656569,4.556677,0.19079164982839003,-4.44126,24.087696,-6.332386363636364,1.6273282,1.7293289,-3.191969,21.857857,4.2268543,47.6835,18.647697,1.5318553,1.9760957,46.50785
97.0,Moses Kotane,ssp245,near-term_2021-2040,8.476407,-0.8920007,0.3939222,-1.1836423444976076,0.43289948,-0.015078320802007106,0.1590562343358396,10.46464,1.8387254,10.284389,1.8139379,4.0260596,4.8286266,0.19533935739622643,-1.1616204,13.9604,-3.9756877990430626,0.80806607,0.9710212,-0.5056429,13.14616,1.7927947,25.500128,10.649825,0.65180373,1.0996032,24.83324
97.0,Moses Kotane,ssp370,far-term_2081-2100,21.88546,-3.5663826,0.50806653,-2.2584911616161616,-9.639538,-0.16192042606516388,0.28663847117794505,11.983977,2.3767738,9.654944,1.778707,1.5254316,3.702304,0.259627853217819,-8.689724,57.929592,-9.15022095959596,3.9110289,3.742099,-7.443658,46.83743,15.441532,109.867485,34.404724,3.620157,4.9534955,139.70442
97.0,Moses Kotane,ssp370,mid-term_2041-2060,12.033473,-2.8785355,0.12944841,-1.971685606060606,-5.882168,-0.33626253132832185,0.1573621553884712,8.786992,1.6341591,8.6866255,1.5577164,1.9857025,1.814311,0.1408440404949084,-5.2663164,27.354734,-7.398137626262627,1.4897153,1.2945108,-3.6140733,23.433289,4.6269484,50.72618,19.793201,1.5454752,2.1402035,51.411022
97.0,Moses Kotane,ssp370,near-term_2021-2040,5.1203194,-1.4080493,0.3764876,-1.3383522727272728,-2.6418533,-0.09909147869674229,0.13137531328320817,5.941552,1.1785059,5.6205025,1.0605203,0.82352424,1.6178522,0.09322194173280018,-1.749205,14.404711,-4.280429292929293,0.47039735,0.35448337,-0.36629617,12.804016,1.5991709,24.269238,10.327097,0.7055626,1.2048182,23.27144
97.0,Moses Kotane,ssp585,far-term_2081-2100,27.322685,-3.6639206,0.409994,-2.2863636363636366,-4.9520264,0.12015977443608916,0.43886278195488737,18.421072,3.4651592,15.081751,2.7553608,3.3436685,6.531555,0.5064855996300887,-9.225627,65.96903,-9.35028409090909,5.0440617,5.460274,-8.491539,57.316063,19.084524,136.27982,39.34005,4.594762,6.1782694,187.85309
97.0,Moses Kotane,ssp585,mid-term_2041-2060,11.100364,-3.0610948,0.20671988,-1.879366028708134,-1.7416649,0.27194548872180446,0.3936246867167917,12.8801155,2.4482975,8.0848675,1.4939932,1.6760504,3.9023685,0.26485245299781224,-5.7940826,31.837969,-7.201824162679426,2.0494728,2.2657175,-4.5348983,27.57737,6.4005237,61.574295,22.802563,1.909169,2.4923372,66.006355
97.0,Moses Kotane,ssp585,near-term_2021-2040,6.945011,-1.1547549,0.029041052,-1.256623803827751,4.070732,0.10349310776942389,0.30850563909774464,13.299828,2.3717103,10.385697,1.863696,2.8559875,4.89079,0.20581691440269123,-1.9478443,15.663642,-4.586064593301435,1.0357755,1.1915276,-0.69540846,14.647945,2.2480264,28.71987,12.025284,0.7952697,1.2176642,27.783741
98.0,Ratlou,ssp126,far-term_2081-2100,5.655613,-0.9890057,0.0132187605,-2.371164772727272,-20.192047,-0.7856782581453639,-0.12378054511278175,1.6694555,1.205589,4.5933623,1.3432045,1.3631442,2.0428305,0.056052733005066635,-2.632419,19.562237,-6.316107954545454,0.5002353,0.8009,-2.0195487,22.077888,3.1913066,38.35796,17.58938,1.208434,1.8139119,49.81139
98.0,Ratlou,ssp126,mid-term_2041-2060,5.9081125,-0.9018182,0.20946813,-2.4367897727272725,-2.0113258,-0.08567825814536367,0.13371945488721837,6.2325993,1.4778137,5.89847,1.3614299,1.470429,3.5264206,0.17252892089479976,-2.3779128,17.635696,-6.233920454545454,0.5769689,0.58290386,-1.4822621,19.106483,2.3656816,31.752035,15.537016,1.265947,1.6485953,42.028824
98.0,Ratlou,ssp126,near-term_2021-2040,2.7418566,-0.7427558,-0.21396887,-1.733352272727272,-5.5061836,-0.45974075814536364,0.0015319548872181898,4.398882,1.2192174,4.9024262,1.1721115,0.8622775,1.7318058,0.027251726454671887,-1.1100931,13.555694,-4.084545454545455,-0.008116625,0.27724242,-0.29059517,14.8721695,1.5259943,24.34328,11.883919,0.71138716,1.1540122,30.436388
98.0,Ratlou,ssp245,far-term_2081-2100,8.186686,-2.6019886,0.024781108,-3.7525568181818176,-12.944775,-0.6430294486215549,-0.03453947368421029,4.4713173,1.5836276,7.4825277,1.924895,1.5159185,0.7552242,0.0852734839558158,-6.4936914,37.19368,-10.870454545454544,2.2153382,2.7973087,-5.298211,38.20034,9.3216505,71.29971,28.379942,2.5739536,3.2791238,105.128746
98.0,Ratlou,ssp245,mid-term_2041-2060,5.2337065,-1.909659,-0.27283788,-3.0738636363636362,-19.271221,-0.7418389724310783,-0.12174185463659126,3.433917,1.448792,6.326396,1.6400148,1.9532061,1.9218159,0.05821566280573176,-4.1041517,23.765076,-8.320738636363636,1.4217837,1.7134421,-2.887682,25.485184,4.55625,45.31365,20.285187,1.7007304,2.017826,59.346336
98.0,Ratlou,ssp245,near-term_2021-2040,3.6549854,-0.17600185,-0.061469078,-1.949910287081339,-9.842693,-0.4703657581453635,-0.030030545112781692,3.997305,1.2456629,5.428179,1.3520806,0.9067359,1.7999439,0.051393626097953504,-0.9876127,14.155487,-4.90641447368421,0.6291206,0.97498465,-0.3981763,15.162699,1.9134203,24.977905,12.125332,0.70861447,1.188086,31.559258
98.0,Ratlou,ssp370,far-term_2081-2100,22.912392,-2.9224432,-0.040350676,-4.327241161616161,-27.883022,-1.1097901002506272,-0.06846804511278154,5.7499657,2.309948,8.666357,2.3149185,1.6454132,1.1591234,0.10899395131697287,-8.467728,55.847466,-13.026767676767676,3.0952928,3.7699795,-7.254593,53.688084,16.965057,106.87569,35.92547,3.844337,5.0367756,171.34395
98.0,Ratlou,ssp370,mid-term_2041-2060,8.025215,-1.9932766,0.070504546,-3.3046717171717166,-3.1095657,-0.3268953634085221,0.1358082706766921,9.43764,2.027299,8.245297,1.7707632,2.107788,2.4351482,0.15613115258663535,-4.780462,26.494297,-8.894476010101009,0.97804934,1.381346,-3.316934,27.08134,4.88589,47.981224,21.352404,1.697229,2.1635933,64.921036
98.0,Ratlou,ssp370,near-term_2021-2040,1.7380428,-0.82834595,0.07872856,-1.9366161616161608,-2.0243034,-0.1565006265664164,0.17791353383458675,10.0238905,2.2988238,8.647445,1.9500272,1.8599298,4.3665504,0.15492031452339572,-1.240547,14.1929865,-4.758364898989899,0.28923818,0.3039918,-0.24702442,14.944029,1.7549874,23.907614,11.58363,0.71300113,1.1795487,29.921038
98.0,Ratlou,ssp585,far-term_2081-2100,23.817036,-2.9838068,-0.12343359,-4.532954545454545,-18.757,-0.5468984962406005,0.3782581453634089,16.304737,4.4104257,13.787588,3.323803,3.3688009,5.183753,0.401626842147236,-9.180308,65.62317,-13.902272727272726,4.5432267,5.589958,-8.304306,63.174644,20.546593,132.32614,40.09818,4.831574,6.334134,217.01776
98.0,Ratlou,ssp585,mid-term_2041-2060,9.954245,-2.2735047,-0.102005124,-3.4991776315789473,-13.415207,-0.4138627819548879,0.1711152882205516,8.742757,2.4723835,7.5784616,1.8868012,1.7052183,4.051859,0.20598542779114437,-5.485427,31.469212,-9.752781100478467,1.7021102,2.2857292,-4.1902804,32.04061,7.0347037,58.96157,24.611378,2.0738287,2.6386714,82.77074
98.0,Ratlou,ssp585,near-term_2021-2040,3.3625765,-0.7812799,-0.23563612,-2.2668361244019133,-0.60900116,-0.20166040100250693,0.08599624060150451,6.021124,1.3865016,5.459316,1.2238044,1.3689187,1.5087805,0.09995116716073815,-1.8182944,16.048933,-5.923923444976076,0.89687884,1.1653771,-0.59919214,16.884277,2.3857057,28.223867,13.27655,0.9855479,1.2605653,34.673416
99.0,Tswaing,ssp126,far-term_2081-2100,6.9257584,-1.1050854,-0.17673397,-4.4919034090909085,-21.024311,-0.734353070175439,-0.0547376253132828,-1.010622,0.57865655,2.8111994,0.83448845,0.20211506,1.495039,0.037697481101361396,-2.6369557,18.671663,-9.594090909090907,0.50755703,0.7689216,-2.019967,20.937798,2.927153,39.81825,16.628407,1.2101992,1.8238945,46.29353
99.0,Tswaing,ssp126,mid-term_2041-2060,6.6932573,-0.85164785,0.23107839,-4.230028409090909,-0.726387,-0.09404057017543854,0.16588737468671694,5.9362144,1.2163543,6.0636864,1.2181399,0.93941927,3.4586143,0.11185961915124953,-2.2379842,16.779406,-8.986590909090907,0.49753487,0.57827926,-1.558203,18.240559,2.2043407,33.041374,14.79991,1.1883115,1.6588316,39.328728
99.0,Tswaing,ssp126,near-term_2021-2040,4.9801273,-0.48852274,-0.11860883,-2.7678409090909084,-6.4830055,-0.5796655701754394,0.014637374686716942,3.226534,0.88324964,3.5477042,0.79085654,0.4236338,1.3520164,0.028843151285462887,-0.813658,12.868472,-5.781278409090907,-0.022293165,0.19759655,-0.24246943,14.080779,1.414028,25.281687,11.01558,0.6395632,1.1458321,28.003399
99.0,Tswaing,ssp245,far-term_2081-2100,10.354611,-2.5264204,-0.044799447,-7.095170454545453,-9.373268,-0.25194235588972513,0.04661654135338367,4.578189,1.2836403,8.318911,1.8433315,1.3854403,1.5786066,0.15830412423198803,-6.2930083,35.61105,-17.076988636363637,2.1562457,2.7419362,-5.419406,36.405613,8.669199,74.00727,27.339317,2.5292892,3.2909422,97.949936
99.0,Tswaing,ssp245,mid-term_2041-2060,7.6028233,-1.7897727,-0.32783532,-5.617329545454545,-19.568317,-0.8546209273182956,-0.039990601503759216,2.0410986,1.0658809,7.0943384,1.6590137,1.4969177,2.1540842,0.049048924944436245,-3.9414878,22.766699,-13.130965909090907,1.3854109,1.7006853,-2.9948318,24.4226,4.149596,48.121517,19.345343,1.6856533,2.0208116,56.233147
99.0,Tswaing,ssp245,near-term_2021-2040,7.3091927,-0.016417295,-0.11235881,-3.1729964114832536,-11.124142,-0.5765405701754394,0.077137374686717,4.6481867,1.349245,5.160203,1.2034707,0.61291265,1.6858244,0.0744444059081637,-0.817415,13.415042,-7.247697368421053,0.59912103,0.9144952,-0.40559494,14.451655,1.8163576,26.068508,11.428011,0.67824936,1.1624184,28.98142
99.0,Tswaing,ssp370,far-term_2081-2100,23.846825,-2.8751893,-0.013016582,-8.56256313131313,-26.814396,-1.0346491228070174,-0.012155388471177808,4.694332,1.8680192,8.549707,2.1010804,1.6182959,1.9382763,0.14165762255078918,-8.397082,54.48767,-21.40006313131313,2.9921029,3.6337361,-7.3298874,51.58936,16.25875,111.05697,35.15942,3.7407787,5.0676537,161.0435
99.0,Tswaing,ssp370,mid-term_2041-2060,9.918206,-2.0234532,0.08500934,-6.02506313131313,-2.3700485,-0.3849780701754395,0.24968671679198023,9.5234785,1.7945837,7.7119217,1.4636348,1.5471961,2.025978,0.1518253051271059,-4.6273355,25.55873,-13.621243686868686,1.0044394,1.2739105,-3.3647811,25.961105,4.544514,50.205235,20.439941,1.5817274,2.1784902,60.659485
99.0,Tswaing,ssp370,near-term_2021-2040,3.2543888,-0.530745,0.0103389025,-3.208049242424242,-2.1380653,-0.16787280701754392,0.18027882205513812,6.976798,1.3905131,7.5690775,1.5205421,1.330719,3.5970736,0.12830292223658468,-1.1010796,13.664781,-6.942771464646466,0.28820312,0.28788877,-0.23790109,14.320249,1.5594448,25.389954,10.903386,0.6731827,1.1976619,27.902193
99.0,Tswaing,ssp585,far-term_2081-2100,25.311457,-2.9991477,-0.09985864,-9.046022727272726,-17.87999,-0.46444235588972504,0.39572368421052645,15.917139,3.8361878,14.7557745,3.146678,3.3511686,6.0836515,0.40610470285884015,-9.095149,64.3527,-23.273295454545455,4.4271564,5.5232773,-8.336694,60.94185,20.068914,138.97606,39.52242,4.7386284,6.41648,205.5882
99.0,Tswaing,ssp585,mid-term_2041-2060,12.199252,-2.2534091,-0.056703687,-6.553782894736841,-14.080639,-0.45997807017543746,0.12875939849624068,6.4297543,1.7600168,6.956274,1.5630448,0.8922584,2.8469753,0.16839417384443034,-5.36577,30.42147,-15.530846291866029,1.7320223,2.2818565,-4.329653,30.689278,6.700658,61.835175,23.742886,2.0315673,2.6660295,78.41321
99.0,Tswaing,ssp585,near-term_2021-2040,5.209668,-0.64512557,-0.07545447,-3.9299790669856463,0.6912575,-0.007001879699249036,0.15614035087719308,7.0461693,1.4046663,7.6520367,1.547637,1.3679292,2.8081055,0.12476912530036477,-1.5399113,15.135799,-8.737036483253588,0.8426953,1.1131692,-0.5524366,16.02919,2.1812499,29.58913,12.391769,0.86819184,1.3141809,32.788204
100.0,Mafikeng,ssp126,far-term_2081-2100,6.0313506,-1.1386817,0.02790985,-1.6993636363636369,-19.418116,-0.762265664160401,-0.14364285714285757,0.50664675,0.7642988,3.3462665,0.8577427,1.2174861,2.0174637,0.06990668578206165,-2.87041,20.058966,-5.566,0.55353904,0.8328327,-2.153773,21.394466,3.26295,40.23398,17.423605,1.2573147,1.8376992,48.03544
100.0,Mafikeng,ssp126,mid-term_2041-2060,5.2208467,-1.1381817,0.35940972,-1.8858636363636367,-1.2677186,-0.1877656641604002,0.1583571428571422,6.7643204,1.359092,6.6306105,1.312707,2.3392825,3.2818313,0.14071665597025582,-2.644385,18.145664,-5.602000000000001,0.62244105,0.6174847,-1.713048,18.495628,2.4584498,33.499973,15.496806,1.2639297,1.6990837,40.464386
100.0,Mafikeng,ssp126,near-term_2021-2040,4.389351,-0.7426816,-0.2755905,-1.3523636363636369,-5.090088,-0.6502656641604005,0.015857142857142924,4.0379057,0.9889156,3.8255324,0.8141099,1.8969936,1.7406327,0.033139209448290255,-1.2936637,13.965051,-3.7020000000000004,0.058920592,0.30915985,-0.43967837,14.518348,1.5674497,26.277477,11.874051,0.75793535,1.175003,29.247019
100.0,Mafikeng,ssp245,far-term_2081-2100,9.019498,-2.8031816,-0.04418545,-2.730454545454546,-8.421381,-0.35197994987468667,-0.028095238095238083,4.255559,1.1820152,7.01328,1.5202386,2.3573468,1.6963593,0.17364649339388621,-6.7690034,38.54358,-9.126363636363639,2.354334,2.8458436,-5.5879707,37.352264,9.471555,74.8267,28.386147,2.6142669,3.3242905,102.12486
100.0,Mafikeng,ssp245,mid-term_2041-2060,6.5818787,-1.9954544,-0.09847126,-2.318181818181819,-15.519903,-0.6372180451127829,0.019523809523809187,6.568817,1.7009703,7.85338,1.6491106,2.7613711,3.4404464,0.1054771986329536,-4.3496647,24.324547,-7.243181818181819,1.5107229,1.7355244,-3.0872235,24.796915,4.5903587,47.864437,20.120913,1.717297,2.0672393,57.446068
100.0,Mafikeng,ssp245,near-term_2021-2040,5.063353,-0.33177027,0.013910103,-1.4583492822966508,-7.910187,-0.3977656641604,0.07985714285714281,5.9238787,1.3788189,5.772002,1.2278247,1.1064342,2.0665817,0.10096472114893747,-1.1944301,14.46865,-4.259665071770337,0.69808173,0.9450989,-0.55293596,14.76485,1.9512945,26.050053,11.91526,0.7360573,1.1953499,30.246918
100.0,Mafikeng,ssp370,far-term_2081-2100,22.851833,-3.0837374,0.087067984,-3.0941414141414145,-23.280066,-1.0057393483709287,0.04759398496240612,8.734674,2.3972502,9.335265,2.0263994,2.451994,2.7079208,0.18534507719107243,-8.663424,57.763992,-10.856111111111112,3.3217432,3.8561654,-7.3927193,52.329357,16.88945,111.046196,35.889793,3.855369,5.1008363,164.84868
100.0,Mafikeng,ssp370,mid-term_2041-2060,9.580774,-2.2670705,-0.04819546,-2.5313636363636367,-2.6057312,-0.3857393483709274,0.23022556390977433,10.155457,1.8944438,8.085683,1.5237937,2.999946,2.3525436,0.16445889279084672,-5.0883036,27.516703,-7.971666666666667,1.1588591,1.4208844,-3.5362005,26.35178,5.031672,50.347862,21.213116,1.688556,2.212133,62.43035
100.0,Mafikeng,ssp370,near-term_2021-2040,2.8644562,-1.0298483,-0.06240616,-1.5913636363636368,-0.8097107,-0.31626566416040125,0.32601503759398504,10.111708,1.9455233,7.737485,1.5312872,2.2113125,4.411093,0.1602382005604019,-1.4796093,14.5714245,-4.301666666666667,0.36203778,0.34647712,-0.336092,14.443811,1.7183386,25.392303,11.366381,0.6943037,1.2201202,28.669796
100.0,Mafikeng,ssp585,far-term_2081-2100,24.708544,-3.1831818,-0.020375634,-3.1868181818181816,-14.867694,-0.4610275689223052,0.3957142857142859,18.343197,3.9580503,15.86043,3.1523054,4.15528,6.4758897,0.48299422758518007,-9.269012,67.05022,-11.328636363636363,4.7402787,5.626145,-8.470573,62.147484,20.19945,138.48534,40.20611,4.8699007,6.4056945,212.3675
100.0,Mafikeng,ssp585,mid-term_2041-2060,10.542353,-2.4756458,-0.057518385,-2.5900717703349283,-11.169452,-0.31436090225563973,0.28428571428571436,9.837422,2.2785745,8.053785,1.6791406,2.342242,4.3724546,0.264527817817447,-5.7175007,32.39174,-8.383803827751198,1.8626075,2.3042896,-4.408661,31.253164,7.1463637,61.82438,24.538895,2.0327168,2.6523643,81.06416
100.0,Mafikeng,ssp585,near-term_2021-2040,3.816162,-0.929402,-0.39608994,-1.642727272727273,2.33042,-0.08674185463659256,0.175714285714286,9.016118,1.6915567,7.650715,1.4725528,2.2865748,2.5116546,0.186566707226749,-1.9863989,16.205187,-5.099736842105264,0.9710122,1.1376148,-0.65002173,16.360718,2.418708,29.76807,13.0637865,0.9181818,1.3110832,33.720352
101.0,Ditsobotla,ssp126,far-term_2081-2100,6.3230844,-1.1621364,0.14663935,-4.1273409090909094,-17.902637,-0.5873728070175442,-0.09958709273182946,1.4860275,0.7707428,2.9407926,0.7393631,0.67321336,1.7214264,0.08879485352974541,-2.858129,19.509727,-9.935704545454547,0.5424782,0.8290764,-2.1987488,20.333403,3.1054642,40.127144,16.658571,1.2492731,1.8513054,44.728245
101.0,Ditsobotla,ssp126,mid-term_2041-2060,6.767587,-1.1451365,0.31838894,-4.1295909090909095,1.3942871,0.03812719298245533,0.2104129072681707,10.176159,1.7557425,8.027026,1.4379325,2.3927588,3.680867,0.13826610499582098,-2.5302508,17.611189,-9.463204545454545,0.54166716,0.6280783,-1.7733257,17.748116,2.3024642,33.716896,14.95915,1.1814955,1.7038071,37.752193
101.0,Ditsobotla,ssp126,near-term_2021-2040,6.6130853,-0.6733864,-0.16736087,-2.758840909090909,-6.188965,-0.48787280701754343,-0.03983709273182998,3.9888854,0.9207729,3.7952352,0.7761023,1.433082,1.3576256,0.05558242321793454,-1.1660721,13.565322,-6.268454545454546,0.051683415,0.31691074,-0.49351996,13.8687,1.5267141,26.112389,11.254963,0.7217032,1.1886097,27.323246
101.0,Ditsobotla,ssp245,far-term_2081-2100,11.658373,-2.7420454,-0.010789489,-6.541590909090909,-4.511261,-0.10459899749373455,0.018258145363408484,7.5100465,1.5428566,8.492797,1.6539656,2.417433,2.0040145,0.21378871165636032,-6.63488,37.696888,-17.277500000000003,2.3136675,2.807863,-5.652895,35.83733,9.155514,75.54424,27.690727,2.574673,3.3620827,96.19464
101.0,Ditsobotla,ssp245,mid-term_2041-2060,7.1833715,-1.9352274,-0.004122734,-5.277727272727273,-12.723785,-0.40150375939849636,0.051353383458646554,7.9527984,1.7733629,8.200666,1.6224834,2.5689783,3.5922058,0.10732951450701451,-4.205263,23.747356,-13.347272727272728,1.4653563,1.7139196,-3.1638856,23.797506,4.3611007,48.74501,19.471403,1.6935565,2.0688057,54.292995
101.0,Ditsobotla,ssp245,near-term_2021-2040,8.720085,-0.31358853,0.14863881,-3.082416267942584,-6.7134767,-0.22587280701754436,0.16366290726817048,7.674318,1.5434783,6.0601006,1.1964034,1.1568476,2.2661178,0.1312157295119615,-1.0623926,13.975203,-7.506746411483254,0.66898906,0.8998426,-0.56259453,14.117537,1.8649468,26.167845,11.312825,0.7071861,1.1751766,27.92856
101.0,Ditsobotla,ssp370,far-term_2081-2100,23.560392,-3.1069698,-0.015150261,-7.737702020202019,-18.75556,-0.5546491228070192,0.11121553884711761,11.425098,2.5216362,10.619385,2.0906005,2.785417,4.131299,0.28357102210512464,-8.622286,57.31798,-21.474621212121214,3.3051994,3.7347198,-7.4350657,50.449753,16.380241,112.324196,35.341145,3.7440104,5.1135893,155.47006
101.0,Ditsobotla,ssp370,mid-term_2041-2060,10.794615,-2.240581,0.074586295,-5.871035353535353,-2.9033751,-0.23701754385964904,0.22042606516290722,11.134896,1.8754532,7.984048,1.3804544,2.9091487,2.2700493,0.19009140836065228,-4.931932,27.094635,-14.432676767676767,1.1553907,1.3782635,-3.5719466,25.354261,4.810797,50.945312,20.56666,1.594392,2.2243094,58.27089
101.0,Ditsobotla,ssp370,near-term_2021-2040,4.9464507,-0.734192,0.13274412,-3.1974242424242423,-1.2786255,-0.05280701754386037,0.26463659147869684,9.809023,1.7469501,6.697633,1.251729,2.141684,3.8180213,0.1719728703641663,-1.3720887,14.217015,-7.5735101010101005,0.3472836,0.33181876,-0.35334882,13.889109,1.6599641,25.223648,10.845193,0.65538377,1.2324444,26.404781
101.0,Ditsobotla,ssp585,far-term_2081-2100,26.085512,-3.2009091,0.09825792,-7.998181818181818,-9.801578,-0.08436090225563894,0.510877192982456,22.874771,4.3110933,16.833126,3.0435886,4.6933794,7.807142,0.5112438067196495,-9.217767,66.34322,-22.6075,4.7092433,5.541329,-8.466018,60.32007,19.739965,141.5216,39.862694,4.776162,6.457139,202.23466
101.0,Ditsobotla,ssp585,mid-term_2041-2060,11.8150425,-2.5209212,0.11706772,-6.098193779904305,-9.089426,-0.07459899749373484,0.26230576441102765,11.562491,2.2759438,8.334797,1.5657138,2.2361846,3.783902,0.2457155038506887,-5.650292,31.95455,-15.665203349282297,1.8634441,2.3095412,-4.523648,30.059889,6.9126315,62.05501,23.824347,1.9888529,2.661632,76.43656
101.0,Ditsobotla,ssp585,near-term_2021-2040,5.7840853,-0.8321053,-0.08745632,-3.7009808612440187,3.8746886,0.20349624060150368,0.23516290726817063,12.505132,2.1435363,9.034511,1.6054996,2.3520472,3.7791915,0.19636827176509355,-1.7894967,15.640526,-9.033421052631578,0.9085251,1.1353085,-0.6188178,15.636867,2.2944617,29.508423,12.378853,0.841585,1.343673,31.367043
102.0,Ramotshere Moiloa,ssp126,far-term_2081-2100,5.3721952,-1.4063843,0.17904021,-0.9467148760330578,-17.560413,-0.7505052403736632,-0.11653394850763252,0.7829555,0.65061945,1.4842079,0.4082488,-0.33109874,1.1775264,0.07396280171913966,-3.141329,20.661522,-3.814070247933884,0.6209094,0.89131546,-2.2317855,20.317932,3.320696,40.188194,17.0146,1.258182,1.7717576,44.913067
102.0,Ramotshere Moiloa,ssp126,mid-term_2041-2060,6.373791,-1.3963844,0.26176775,-1.1258057851239671,-1.7894953,-0.18891433128275426,0.14482968785600325,8.008857,1.5268633,6.1127214,1.1687335,1.7123151,2.9035256,0.1292183326697818,-2.8840733,18.773975,-4.014297520661157,0.72333586,0.70246124,-1.8952633,17.685608,2.5554686,33.935913,15.122527,1.1774315,1.6865963,37.810917
102.0,Ramotshere Moiloa,ssp126,near-term_2021-2040,7.5760617,-0.9488843,-0.16936857,-0.8410330578512397,1.5576088,-0.46414160401002663,0.009147869674185653,11.945797,2.059959,11.025526,1.8120432,7.495996,6.9346924,0.14082448794043467,-1.5723528,14.483267,-2.81702479338843,0.1405965,0.3347678,-0.61410594,13.990783,1.6613777,26.44069,11.789302,0.78052944,1.1584369,27.68675
102.0,Ramotshere Moiloa,ssp245,far-term_2081-2100,10.125341,-3.007438,-0.042561617,-1.5770661157024792,-6.6262736,-0.29776714513556707,0.026896787423103016,5.5115924,1.3778884,5.7598515,1.2010127,1.8446789,2.080986,0.2108505639727255,-6.955782,39.239098,-6.077479338842974,2.5851014,2.904649,-5.7786202,35.906788,9.261168,76.29608,28.137308,2.638716,3.3742957,96.5187
102.0,Ramotshere Moiloa,ssp245,mid-term_2041-2060,7.2244782,-2.185124,-0.18282102,-1.3510330578512397,-8.99563,-0.1473342447026673,0.1613123718386878,10.629432,2.2884226,6.163083,1.2387061,2.267296,3.7981215,0.17625873517732843,-4.539958,24.85887,-5.017768595041322,1.6610595,1.7657157,-3.2260244,23.593473,4.5988364,47.7746,19.66173,1.6362858,2.073539,52.92195
102.0,Ramotshere Moiloa,ssp245,near-term_2021-2040,6.1678753,-0.6311549,0.151313,-0.8924206176598521,-3.1289313,-0.11005069491911712,0.1455115060378219,8.701931,1.7068506,7.330279,1.424315,2.312012,3.1161401,0.14522613171475063,-1.366156,14.680935,-3.080926489778165,0.8148077,0.9849831,-0.6087151,14.169674,1.9695556,26.104136,11.515577,0.7452565,1.1853433,28.157473
102.0,Ramotshere Moiloa,ssp370,far-term_2081-2100,21.240005,-3.1939855,0.12325096,-1.7247704315886139,-15.5581665,-0.4877420824789269,0.11584643426748711,10.097759,2.3040576,8.590266,1.6850289,1.49766,2.8461554,0.2775628532506704,-8.759499,58.43831,-7.075711662075299,3.7674093,3.8805187,-7.4689736,49.93624,16.158272,110.39471,35.325867,3.7757864,5.0772214,154.52304
102.0,Ramotshere Moiloa,ssp370,mid-term_2041-2060,10.990006,-2.480349,-0.1789021,-1.4916896235078054,-4.6026473,-0.3358282068808394,0.06847801321485546,9.318272,1.695404,8.814277,1.6141573,3.2197902,2.8109465,0.1556920710576074,-5.297246,28.148144,-5.628489439853078,1.4244307,1.4272492,-3.6309373,25.054905,4.9782214,50.649754,20.723848,1.664215,2.204544,58.05334
102.0,Ramotshere Moiloa,ssp370,near-term_2021-2040,4.2842636,-1.1414602,0.13688694,-1.0275482093663912,-1.8371638,-0.07075643654591217,0.15292777398040538,7.877747,1.5655837,5.356787,1.0504323,1.2597603,2.8918784,0.1430377499863093,-1.7375486,14.905024,-3.29263085399449,0.4620967,0.38703364,-0.38998032,13.75194,1.7640798,24.948246,10.936476,0.68770903,1.251306,26.685913
102.0,Ramotshere Moiloa,ssp585,far-term_2081-2100,25.020582,-3.3183885,0.07172454,-1.7522727272727274,-10.004996,-0.13889268626110862,0.37191843244474804,18.412857,3.7509983,13.858188,2.6775978,3.3781126,6.5646977,0.5228980470570394,-9.29214,66.88269,-7.260743801652893,5.003261,5.627238,-8.567804,60.24092,19.39615,137.20786,39.984905,4.794004,6.3331585,203.38991
102.0,Ramotshere Moiloa,ssp585,mid-term_2041-2060,9.640716,-2.672325,0.007438833,-1.4625163114397566,-7.030104,0.01630211893369804,0.26001367053998636,11.426185,2.4419038,6.1343784,1.2454395,1.615522,3.940882,0.2730525335624163,-5.884412,32.739315,-5.653751631143975,2.0244863,2.2997303,-4.5201654,29.74866,6.8911376,61.801743,23.917631,1.9911844,2.590141,74.979744
102.0,Ramotshere Moiloa,ssp585,near-term_2021-2040,5.0156064,-0.9442366,-0.18520217,-0.9756742061765984,2.9745123,0.11413761676919423,0.25763271815903394,11.583458,2.1560993,7.457372,1.3896794,2.446519,3.4970605,0.18439096298532132,-2.11146,16.364876,-3.5386581122227057,1.0340102,1.1732849,-0.73924065,15.630648,2.4420183,29.32728,12.709887,0.8426254,1.2902569,31.501171
103.0,Naledi,ssp126,far-term_2081-2100,5.7151313,-1.0375,-0.15982349,-5.468181818181818,-24.035421,-0.7913262322472834,-0.02758249791144529,0.29541397,1.120366,3.1400583,1.0449703,0.08884128,1.7762476,0.04447610554068119,-2.2589126,18.051498,-10.103901515151515,0.46842608,0.71977824,-1.7077181,21.36491,2.7806559,36.785683,16.483683,1.1251972,1.7517868,47.30968
103.0,Naledi,ssp126,mid-term_2041-2060,6.5907593,-0.7122917,-0.018573245,-5.046515151515151,-2.434372,-0.2040345655806172,0.23512583542188803,7.8339005,1.7070556,5.297464,1.192803,0.43340206,4.140261,0.17457303057835402,-1.8846929,16.242548,-9.593068181818182,0.47025558,0.5182598,-1.2187248,18.544104,2.0821142,30.614433,14.561799,1.1680713,1.6214666,39.823277
103.0,Naledi,ssp126,near-term_2021-2040,4.1603413,-0.20041662,-0.12044863,-3.2856818181818173,-7.1793313,-0.5994512322472839,0.004292502088554843,4.9472413,1.3700386,5.40978,1.2877128,0.53404313,2.3792381,0.05609379225997735,-0.57431746,12.52634,-5.920776515151515,-0.0039581656,0.14447165,0.013801415,14.230658,1.3619059,22.818401,10.715121,0.5696737,1.1069183,28.44104
103.0,Naledi,ssp245,far-term_2081-2100,8.832376,-2.2316287,-0.09448651,-8.790340909090908,-16.312994,-0.6791040100250623,0.056683375104427815,4.881369,1.8638693,6.9897995,1.817194,0.770596,1.2127062,0.11843789426933056,-5.9282236,33.954193,-18.553787878787876,2.0480456,2.6906483,-4.9573617,36.80266,8.297199,68.10381,26.907173,2.4504383,3.2605584,98.87732
103.0,Naledi,ssp245,mid-term_2041-2060,7.369678,-1.4558712,-0.45658934,-6.701704545454546,-23.287859,-1.006286549707602,-0.07069757727652463,1.8707434,1.4092659,4.09354,1.2097447,0.70788497,0.79238635,0.04259120540187348,-3.5487514,21.825642,-13.748863636363632,1.2835257,1.5944704,-2.6067452,24.739624,3.973156,44.10934,19.152613,1.5946566,1.9676847,56.489986
103.0,Naledi,ssp245,near-term_2021-2040,5.3524227,0.19452743,-0.06794842,-3.925169457735246,-12.665306,-0.6757012322472846,0.08387583542188799,4.352671,1.4868093,2.7697258,0.8046001,0.21614344,1.9724573,0.047111386290128975,-0.47473803,12.940723,-7.823524720893141,0.57941735,0.9199216,-0.17277949,14.639169,1.6343623,23.963905,11.262352,0.62756115,1.1247011,28.962626
103.0,Naledi,ssp370,far-term_2081-2100,23.861204,-2.6590278,-0.1662488,-10.758922558922558,-33.31122,-1.4168964076858803,-0.0924289891395154,3.2310092,2.1467779,6.0663233,1.8606312,0.60583115,0.37130293,0.08806100522426268,-8.086615,51.965996,-23.71492003367003,2.8011591,3.521432,-7.0401874,52.459362,16.042137,104.40654,34.835827,3.7189014,5.0414405,164.7346
103.0,Naledi,ssp370,mid-term_2041-2060,9.276339,-1.7303241,0.14230354,-7.083228114478113,-4.929438,-0.5675543024227236,0.12357978279030905,7.431782,1.7028183,6.3026843,1.3798411,0.7537711,2.5776157,0.1106330075398317,-4.2384143,24.438292,-14.34871632996633,0.84273434,1.1848584,-3.060933,26.377844,4.322461,46.61557,20.275373,1.5689803,2.140214,61.535522
103.0,Naledi,ssp370,near-term_2021-2040,3.4283154,-0.6333334,0.13660209,-3.8117003367003366,-4.977394,-0.3903613199665828,0.09090434419381781,4.5662255,1.1405793,3.9752448,0.9102995,0.33762217,2.992307,0.07906472521146557,-0.8924869,13.209541,-6.988994107744108,0.23740941,0.21261899,-0.04678154,14.69361,1.5810263,23.287098,10.926131,0.6580947,1.1584698,28.471632
103.0,Naledi,ssp585,far-term_2081-2100,25.289522,-2.7941287,-0.2548034,-11.636363636363635,-26.133705,-1.038826232247285,0.3509294068504596,13.710559,4.401255,11.593699,3.035696,2.1883166,5.665764,0.35932387851218794,-8.960463,62.04845,-26.348106060606057,4.2396355,5.5091634,-8.169601,61.461533,20.17827,129.22052,39.004204,4.6074824,6.2954993,207.18364
103.0,Naledi,ssp585,mid-term_2041-2060,11.261939,-1.9038477,-0.17206569,-7.939324162679426,-17.604212,-0.6310881370091895,0.1400167084377609,6.2816906,2.2353315,5.28815,1.4774637,0.4085474,3.2983391,0.16720022247563673,-4.966056,29.15383,-16.451854066985646,1.5788403,2.2305715,-3.9425247,31.114294,6.4487643,56.915478,23.373207,1.9517072,2.6521664,79.14415
103.0,Naledi,ssp585,near-term_2021-2040,4.526823,-0.474701,-0.023255745,-4.783552631578947,-3.9174347,-0.3164055973266488,0.04557226399331674,3.6613872,1.0230336,2.940742,0.74347657,0.3555379,1.7534447,0.05750226174908627,-1.2822396,14.86654,-9.253728070175438,0.7658664,1.0577207,-0.39070448,16.397438,2.2077253,27.36616,12.401387,0.91965467,1.2479016,33.254074
104.0,Mamusa,ssp126,far-term_2081-2100,6.690062,-0.8511362,-0.17274246,-6.7064090909090925,-23.344555,-0.6087669172932312,0.04448746867167941,0.19195709,1.0820824,1.2710369,0.6096032,-0.6217114,1.4484459,0.02981562579098327,-2.0851116,17.15021,-11.169045454545454,0.4762001,0.68351364,-1.7062299,20.484756,2.5426269,36.80311,15.760765,1.0743287,1.767411,45.183533
104.0,Mamusa,ssp126,mid-term_2041-2060,8.265572,-0.47363624,0.047257997,-6.137909090909092,-2.2299867,-0.1652669172932324,0.23648746867167922,7.8566604,1.7396252,4.44748,0.9724804,0.0911396,4.080697,0.13763870046610177,-1.6715593,15.597675,-10.383045454545451,0.46237317,0.46079904,-1.2646809,17.920563,2.1226268,30.534597,13.932731,1.0889661,1.640097,37.7309
104.0,Mamusa,ssp126,near-term_2021-2040,6.0580673,-0.16613618,-0.08574238,-3.9114090909090917,-6.6668396,-0.4357669172932333,0.07698746867167952,5.2384615,1.3965966,4.5193295,1.0834907,0.18201295,2.0671258,0.04071548448628128,-0.38506928,11.927838,-6.3710454545454525,0.03692584,0.10120163,0.07059173,13.640835,1.2691268,22.509602,10.047259,0.5123289,1.115464,26.961426
104.0,Mamusa,ssp245,far-term_2081-2100,10.256594,-2.1613634,-0.14531288,-11.079545454545455,-13.310931,-0.4348621553884705,0.19022556390977474,6.9290514,2.1373076,5.7994876,1.4221432,0.69452894,1.695359,0.11926907811572604,-5.658744,32.57721,-21.294090909090908,2.0351098,2.6508057,-4.9861417,35.42784,7.7879186,68.215645,26.047915,2.3893216,3.2514489,93.57481
104.0,Mamusa,ssp245,mid-term_2041-2060,8.804213,-1.3581818,-0.4691229,-8.441363636363636,-20.558716,-0.8048621553884722,0.09451127819548892,4.7344728,1.9046654,4.6912622,1.265105,0.5040123,1.7706474,0.059931747155537354,-3.3089314,20.832771,-15.779090909090908,1.2552028,1.5734825,-2.610119,23.81617,3.7011724,44.371655,18.394804,1.5583801,1.9540542,53.665287
104.0,Mamusa,ssp245,near-term_2021-2040,6.7630706,0.18074179,-0.10974197,-4.831555023923445,-12.624689,-0.5602669172932331,0.18748746867167937,5.3639007,1.7220936,1.5677036,0.53004825,-0.19608155,1.8450279,0.04731614815467218,-0.31495553,12.308641,-8.731698564593298,0.58298683,0.9083263,-0.13627549,14.090228,1.5806061,23.698685,10.74487,0.560022,1.1251175,27.22694
104.0,Mamusa,ssp370,far-term_2081-2100,25.226023,-2.606414,-0.19621544,-13.914242424242426,-29.224432,-1.2088721804511267,0.11446115288220585,6.2520933,2.656428,7.10343,2.0265567,0.7927952,1.3787941,0.10106773785503904,-7.912886,50.234066,-27.84287878787879,2.7488937,3.3868308,-7.032664,50.906227,15.25996,105.00434,34.05317,3.6242049,5.081735,157.56361
104.0,Mamusa,ssp370,mid-term_2041-2060,9.750229,-1.6436363,0.13641644,-8.73257575757576,-2.8559387,-0.30413533834586454,0.20656641604010045,8.931211,1.9412292,4.942601,1.0287539,0.50844,2.8333824,0.09230657215333818,-4.0273824,23.464209,-16.178989898989897,0.8674733,1.0857311,-3.0092912,25.503975,4.0727377,46.640987,19.583956,1.4649388,2.1661658,58.438625
104.0,Mamusa,ssp370,near-term_2021-2040,4.3028593,-0.28141397,0.09010029,-4.662575757575759,-4.713916,-0.3036090225563914,0.14288220551378447,4.5221496,1.1066837,2.0630975,0.4790206,-0.061349105,2.527607,0.03753709640545573,-0.76727545,12.66985,-7.587323232323231,0.29054984,0.21043777,-0.039139938,14.259389,1.4438491,23.359882,10.387616,0.6173891,1.2018197,27.231953
104.0,Mamusa,ssp585,far-term_2081-2100,27.740402,-2.7504544,-0.214361,-15.308636363636364,-23.65656,-0.8358145363408525,0.4359398496240601,14.788847,4.413541,11.711185,2.9062643,2.0270722,5.889712,0.32964085317957464,-8.820788,60.679585,-31.452272727272724,4.126105,5.4518423,-8.155807,59.720413,19.670717,130.53665,38.36921,4.51242,6.306327,198.42671
104.0,Mamusa,ssp585,mid-term_2041-2060,12.0404,-1.7809329,-0.099598505,-10.12519138755981,-15.355286,-0.47200501253132787,0.18927318295739362,6.754059,2.1856205,3.778195,1.047497,0.014753342,2.7099342,0.14677938411281452,-4.7412105,27.99358,-18.898995215310997,1.5943738,2.2265434,-3.9538531,30.016693,6.057703,57.227364,22.621468,1.8833647,2.6612906,75.291
104.0,Mamusa,ssp585,near-term_2021-2040,6.291827,-0.23889942,0.1370678,-5.835191387559809,-1.7163696,-0.16629072681704252,0.15117794486215538,6.892038,1.6453164,4.0675755,0.943333,0.3917946,2.6311576,0.09518228962250301,-1.0608991,14.10025,-10.363732057416268,0.75191295,1.0232708,-0.3393301,15.72332,2.0651433,26.88709,11.758206,0.8238716,1.2761185,31.459574
105.0,Greater Taung,ssp126,far-term_2081-2100,7.284608,-0.47234845,-0.38369882,-6.914015151515149,-29.697744,-1.0794931773879137,-0.10371623503202462,-1.2300067,1.132864,1.0758822,0.72312754,-0.2148145,0.6980023,0.0182300024419362,-1.7606919,17.002987,-11.280656565656564,0.4350597,0.68779373,-1.4508606,20.740711,2.6328416,34.280735,15.648983,1.0219736,1.7871289,44.804638
105.0,Greater Taung,ssp126,mid-term_2041-2060,8.428215,0.002651453,-0.2678653,-6.527070707070705,-5.412842,-0.34449317738791346,0.2123948760790866,8.900617,2.100349,5.765253,1.3609842,0.41239506,4.314532,0.17633563035360675,-1.3812543,15.403386,-10.680934343434343,0.41625178,0.45754325,-0.9366636,17.94399,2.0092306,28.412954,13.694001,1.0414618,1.6349368,37.130367
105.0,Greater Taung,ssp126,near-term_2021-2040,8.306835,0.4018182,-0.13953236,-4.074292929292929,-10.1267395,-0.7306042884990249,-0.04566067947646893,5.3198047,1.6029328,5.294428,1.3201047,0.77547413,2.4634917,0.04861854097057113,-0.19481213,11.889813,-6.533989898989901,0.07945911,0.14609867,0.25521797,13.566213,1.293675,20.770735,9.876553,0.4899822,1.1015006,26.03066
105.0,Greater Taung,ssp245,far-term_2081-2100,11.684951,-1.7207069,-0.3313839,-11.662878787878789,-21.572649,-0.82610693400167,0.0870509607351712,6.6191263,2.5134635,7.1572633,1.9532977,0.5021375,0.8898866,0.15157255574324088,-5.4223833,31.71834,-21.365656565656565,1.9349242,2.6967547,-4.6043067,35.582012,7.8383574,63.120155,25.618584,2.2905366,3.249096,92.9744
105.0,Greater Taung,ssp245,mid-term_2041-2060,10.742359,-0.7669192,-0.60678035,-8.731313131313131,-26.11495,-1.108117516012252,-0.042049568365357795,2.2316904,1.7789168,3.245591,1.1611983,0.40195167,0.4813453,0.07719179347226006,-3.0379775,20.434973,-15.709090909090914,1.1579697,1.5018096,-2.370879,23.835693,3.6851141,41.120808,18.074306,1.444243,2.0174992,53.085896
105.0,Greater Taung,ssp245,near-term_2021-2040,7.5415473,0.774681,-0.29675442,-5.27577086656034,-16.087166,-0.7544931773879132,0.04406154274575326,3.725969,1.6208369,2.590544,0.8257046,-0.023354001,2.166008,0.05866967798785014,-0.06046634,12.111367,-8.885313662945244,0.56312984,0.8782802,0.08257283,14.00315,1.520651,21.93634,10.4314375,0.53031677,1.139049,26.877596
105.0,Greater Taung,ssp370,far-term_2081-2100,28.010248,-2.1441076,-0.46315777,-14.733922558922554,-37.218376,-1.6452241715399607,-0.08561681982734631,4.571667,2.7561684,6.993049,2.218915,0.69504464,1.1883935,0.1600952051775952,-7.6722846,48.682934,-28.200224466891136,2.6546502,3.380972,-6.821248,51.20727,14.979446,98.509834,33.746128,3.600206,5.0479436,158.33379
105.0,Greater Taung,ssp370,mid-term_2041-2060,11.262298,-1.1246632,-0.017251173,-9.129910213243546,-7.5236917,-0.7224171539961017,0.14713171818434972,8.431873,2.1260524,5.575552,1.2974576,0.48103163,2.893431,0.1242080166410539,-3.727211,22.728834,-16.198063973063977,0.7673792,1.1250529,-2.709782,25.671268,4.015558,43.682686,19.3395,1.4478656,2.1900215,57.97236
105.0,Greater Taung,ssp370,near-term_2021-2040,6.0427074,-0.29287305,-0.076023206,-4.856762065095397,-7.8076,-0.516861598440546,0.025786688944583396,3.547431,0.998277,2.01852,0.47328344,0.070065394,2.279869,0.07755091409254779,-0.6247673,12.526349,-7.627693602693603,0.27055165,0.19272,0.15469043,14.342808,1.456607,22.169104,10.422878,0.58075744,1.2177726,26.668037
105.0,Greater Taung,ssp585,far-term_2081-2100,30.207966,-2.3401515,-0.5014899,-16.3270202020202,-36.123886,-1.338276246170982,0.15768588137009176,9.613255,4.2442536,9.426844,2.9249303,1.5536169,5.5419574,0.35176431746862785,-8.704715,58.87905,-32.188131313131315,4.0296617,5.526748,-7.978582,59.99396,19.634863,122.005165,37.89601,4.4084005,6.236271,198.14886
105.0,Greater Taung,ssp585,mid-term_2041-2060,13.767754,-1.2279638,-0.35651636,-10.337147793726738,-19.144663,-0.7282233361180739,0.14340016708437758,6.8182187,2.4865735,5.6864934,1.642854,0.51572543,3.1933491,0.2202698456198021,-4.4405847,27.410088,-18.64401913875598,1.4908832,2.246048,-3.5893264,30.097107,6.0663877,52.642925,22.135412,1.7896768,2.6772282,75.1306
105.0,Greater Taung,ssp585,near-term_2021-2040,6.2727814,0.040909212,-0.015775574,-6.039420520999467,-8.943569,-0.53615984405458,0.028320802005012673,2.5603976,1.1022617,1.0612082,0.42980984,-0.19427913,1.0129437,0.055175470041194705,-0.90194577,14.187631,-10.330555555555554,0.73640245,1.0332732,-0.20117177,16.068647,2.072847,25.29,11.804836,0.85819274,1.3054004,30.904678
106.0,Lekwa-Teemane,ssp126,far-term_2081-2100,7.319415,-0.58700013,-0.20585975,-6.967181818181818,-22.927423,-0.5397681704260634,0.079,0.09117584,1.0289295,0.18854141,0.33665508,-0.76635206,1.3473107,0.04164508512014482,-1.7383353,16.512146,-11.114954545454543,0.40535086,0.6597351,-1.6055334,20.02748,2.407854,35.34395,15.272203,1.0447502,1.8090729,43.745415
106.0,Lekwa-Teemane,ssp126,mid-term_2041-2060,7.4714127,-0.20750017,-0.031859778,-6.320181818181818,-2.6730957,-0.13376817042606354,0.2165,7.3634872,1.6701896,4.2312765,0.93616796,0.26583862,4.343377,0.1374510739990443,-1.3731308,15.083458,-10.380954545454543,0.39942002,0.4113636,-1.2154516,17.515656,1.983354,29.325937,13.411742,1.0417503,1.6429863,36.27278
106.0,Lekwa-Teemane,ssp126,near-term_2021-2040,7.2229204,0.052000046,-0.05635948,-3.9681818181818187,-7.0868897,-0.47276817042606323,0.12499999999999982,4.8351197,1.3681885,2.8877895,0.73450416,0.09520874,1.7191299,0.03867739836200705,-0.17250156,11.558355,-6.200954545454546,0.04754634,0.074495696,0.15628377,13.254269,1.182854,21.441448,9.570435,0.4894535,1.1061485,25.768044
106.0,Lekwa-Teemane,ssp245,far-term_2081-2100,11.104512,-2.0600002,-0.16195545,-11.963636363636363,-13.609912,-0.3767919799498724,0.20571428571428568,6.1873274,1.9820007,4.09181,1.0190959,0.4715988,1.4266945,0.11309424811065369,-5.3438334,31.364862,-21.852272727272727,1.938535,2.6063962,-4.8822436,34.565517,7.4181104,66.00136,25.337008,2.3319423,3.2575936,89.9386
106.0,Lekwa-Teemane,ssp245,mid-term_2041-2060,10.034508,-1.0795457,-0.45243138,-8.978636363636365,-19.402735,-0.6972681704260644,0.1514285714285714,5.6085615,2.0748317,2.471543,0.7565702,0.30304068,1.9530647,0.0687671034957269,-2.9352803,20.071474,-15.984999999999996,1.1618207,1.5206856,-2.523913,23.213753,3.4766266,42.590755,17.763239,1.4966139,1.9731872,51.87629
106.0,Lekwa-Teemane,ssp245,near-term_2021-2040,6.766916,0.28009543,-0.19585991,-5.064377990430623,-13.0123415,-0.5487681704260637,0.20299999999999993,5.0969224,1.7251545,0.123096466,0.19779387,-0.43927115,1.5396721,0.051192231076206164,0.00015659332,11.82936,-8.635143540669855,0.53553593,0.87252885,-0.04570923,13.70409,1.4785646,22.491217,10.298407,0.52397156,1.141346,26.31188
106.0,Lekwa-Teemane,ssp370,far-term_2081-2100,24.927998,-2.4805558,-0.20807,-15.299848484848486,-27.452423,-1.1256892230576434,0.126315789473684,7.4068146,2.796452,5.780788,1.6527163,1.070818,2.254795,0.13899552151865624,-7.6688557,48.556774,-28.999343434343434,2.6416597,3.2998328,-6.976772,49.967274,14.623242,102.72671,33.41376,3.5403934,5.1139956,152.83684
106.0,Lekwa-Teemane,ssp370,mid-term_2041-2060,9.057999,-1.4055558,0.066140555,-9.248737373737374,-2.6989503,-0.1414786967418543,0.30052631578947364,9.611798,2.1591084,2.8497462,0.6178864,0.32887,3.012127,0.13367281824570137,-3.6616545,22.566164,-16.20934343434343,0.8024402,1.041056,-2.9079285,24.940922,3.7926874,44.950603,19.004765,1.380591,2.218577,56.217407
106.0,Lekwa-Teemane,ssp370,near-term_2021-2040,5.249574,-0.16333342,-0.026491165,-4.850959595959596,-5.5999513,-0.32463659147869456,0.18631578947368385,4.3816056,1.1447926,0.8542549,0.22315355,-0.24697304,2.0509803,0.046745914892190044,-0.52455884,12.287703,-7.523232323232321,0.28512734,0.20246582,0.00713253,14.005594,1.3693541,22.515604,10.070789,0.59568846,1.2600899,26.33907
106.0,Lekwa-Teemane,ssp585,far-term_2081-2100,27.737843,-2.6781821,-0.21481267,-16.992727272727272,-23.605316,-0.7215538847117781,0.38095238095238093,13.664137,4.0936413,9.240326,2.2961903,1.7319603,5.506785,0.31687088710427674,-8.651985,59.118565,-33.22136363636363,3.975351,5.3959045,-8.09103,58.66633,19.227081,127.57076,37.79398,4.4340043,6.31162,192.70296
106.0,Lekwa-Teemane,ssp585,mid-term_2041-2060,11.9911785,-1.5492824,-0.15719299,-10.820143540669857,-14.260236,-0.38155388471177787,0.23047619047619064,6.9978013,2.168452,2.7656434,0.77934796,-0.025237273,2.6015372,0.1509444710358757,-4.3615913,27.05949,-19.264234449760764,1.5114217,2.2017913,-3.8331661,29.313576,5.7345934,55.004375,21.92911,1.8282883,2.6805587,72.529625
106.0,Lekwa-Teemane,ssp585,near-term_2021-2040,6.8745117,-0.047009848,0.092806436,-6.17153110047847,-1.9981323,-0.12917293233082566,0.17999999999999988,6.7740526,1.6197685,2.937458,0.696542,0.4294033,2.5580955,0.10728681699205982,-0.7668503,13.586886,-10.31102870813397,0.6979914,0.99324113,-0.29027653,15.424007,1.8855503,25.451202,11.331696,0.7676342,1.2945678,30.339624
107.0,Kagisano-Molopo,ssp126,far-term_2081-2100,5.7615747,-0.52313215,-0.095526755,-3.4870241477272725,-19.104515,-0.6435833724937345,-0.027503916040100343,1.0055956,1.4761167,2.767923,1.1665235,0.46072644,1.0540692,0.05461809160388892,-2.0540264,18.948816,-7.283742897727273,0.33261546,0.7718889,-1.6163682,22.897192,3.235009,33.211147,17.70344,1.1481706,1.7874955,51.496136
107.0,Kagisano-Molopo,ssp126,mid-term_2041-2060,7.7298527,-0.16406967,0.19337961,-3.4723366477272726,-1.0993152,-0.08014587249373459,0.1874960839598998,6.7310266,2.0287292,5.1770353,1.604474,1.1569779,3.6488495,0.20532510282717184,-1.7841767,17.0406,-7.354992897727272,0.43341675,0.57333386,-1.0177085,19.726402,2.2689152,27.48982,15.631932,1.1810246,1.5818961,43.04959
107.0,Kagisano-Molopo,ssp126,near-term_2021-2040,5.160401,0.19569597,-0.13826127,-2.2904616477272723,-7.031668,-0.4533489974937341,0.05913670895989977,4.0887017,1.5909375,3.093931,0.9641263,0.5831208,1.9365418,0.05535679177421779,-0.5305958,13.2766,-4.439992897727272,-0.12883183,0.29402423,0.0963068,15.13502,1.5468059,20.708809,11.917581,0.6143106,1.1228116,30.62829
107.0,Kagisano-Molopo,ssp245,far-term_2081-2100,11.354898,-2.0384233,-0.07154636,-5.992045454545453,-11.987683,-0.5056704260651631,0.09017465538847116,4.6422195,2.127245,4.919334,1.6519382,0.5743725,0.6457975,0.11411065275074858,-6.019507,35.617584,-13.961576704545454,2.089495,2.807173,-4.7368436,39.395187,9.201608,63.371555,28.127893,2.4313755,3.2689393,108.79024
107.0,Kagisano-Molopo,ssp245,mid-term_2041-2060,7.7999115,-0.9448154,-0.29431385,-4.566264204545455,-16.212265,-0.654033521303258,-0.02247415413533837,2.3977792,1.6750121,3.2083793,1.2369965,0.8644381,0.58475626,0.10185938134110342,-3.4959364,22.978645,-10.228622159090907,1.2651968,1.6432574,-2.4329855,26.278648,4.4973383,39.84069,20.29376,1.5888078,2.0288677,61.215008
107.0,Kagisano-Molopo,ssp245,near-term_2021-2040,5.020088,0.3900382,0.0043951273,-2.741327751196171,-8.236648,-0.42631774749373463,0.018355458959899866,3.1616678,1.5217633,2.4008126,0.8883551,0.6878365,1.8010567,0.06865760398491105,-0.5176218,13.767121,-6.022349730861245,0.545049,0.95713806,-0.033745974,15.489914,1.7874099,21.529022,12.060313,0.6908701,1.110329,30.93132
107.0,Kagisano-Molopo,ssp370,far-term_2081-2100,22.777832,-2.5297902,-0.22367641,-7.196772411616161,-24.957134,-0.9948621553884712,0.04243029448621548,5.116464,3.078813,5.870311,2.2726674,1.1968966,1.6252531,0.15500171578281996,-8.181517,53.446117,-17.409880050505052,2.9051182,3.697592,-6.876535,55.43725,16.9452,96.14319,35.97176,3.771389,4.978828,179.04993
107.0,Kagisano-Molopo,ssp370,mid-term_2041-2060,9.743622,-1.3835227,0.047787353,-4.887223800505049,-5.0787697,-0.36624373433584,0.1786145050125313,7.7433023,2.5355887,4.9693017,1.4811952,1.1173186,2.1654158,0.12456882381334708,-4.186994,25.549614,-10.833751578282829,0.7960833,1.3107598,-2.8892667,27.905172,4.787474,42.539722,21.49819,1.5908797,2.1674843,67.10574
107.0,Kagisano-Molopo,ssp370,near-term_2021-2040,4.711054,-0.39663032,0.07928401,-2.7827099116161618,-3.9325123,-0.2062108395989976,0.14744674185463655,6.1372547,1.9054191,4.4257193,1.3247038,0.92701924,3.2832932,0.12394358232850675,-0.93148786,14.007474,-5.543300189393939,0.19594657,0.28849524,0.12391892,15.530759,1.7571791,20.537546,11.883212,0.656667,1.1501836,30.415205
107.0,Kagisano-Molopo,ssp585,far-term_2081-2100,25.174465,-2.6296165,-0.2826324,-7.635227272727272,-19.816744,-0.5167567355889724,0.2752192982456142,10.584809,4.569217,7.961274,2.8268256,1.883007,4.2616086,0.3672688075037804,-8.986906,63.292477,-19.013778409090904,4.4090805,5.61969,-8.027496,64.54647,20.680222,118.21164,39.861916,4.6867747,6.212591,222.56487
107.0,Kagisano-Molopo,ssp585,mid-term_2041-2060,11.714794,-1.6648923,-0.12571278,-5.388000897129186,-12.023745,-0.3704769736842106,0.1682996553884712,7.3444667,2.9335508,4.8005996,1.6520902,1.1391268,2.810173,0.20328011485575953,-4.906965,30.536758,-12.238875598086123,1.5984033,2.2468967,-3.6841576,33.145542,7.0743012,52.237072,24.551619,1.982056,2.6204617,85.67401
107.0,Kagisano-Molopo,ssp585,near-term_2021-2040,5.234436,-0.09643403,-0.11990929,-3.3288763456937804,-4.924562,-0.22107221177944877,0.05743656015037601,2.9558806,1.259808,1.6156988,0.5949076,0.3363651,0.18708062,0.04764475640001842,-1.317038,15.990657,-7.087821471291868,0.7951111,1.1284884,-0.2819007,17.674728,2.5168996,24.16917,13.554715,1.0090185,1.2449397,35.69834
108.0,City of Matlosana,ssp126,far-term_2081-2100,5.3332267,-1.0778897,-0.04838739,-4.956136363636364,-17.19009,-0.475750984604369,0.044285714285713915,1.785323,0.79728645,2.6142924,0.6551766,0.34587368,1.6811949,0.06672912629389215,-2.4698098,18.201698,-10.452305194805195,0.40232998,0.74663574,-2.1274133,19.891775,2.7444208,38.87238,15.971649,1.1677386,1.8832752,43.478786
108.0,City of Matlosana,ssp126,mid-term_2041-2060,6.258582,-0.7107468,0.35732692,-4.674350649350649,1.947379,0.10067758682420193,0.15464285714285708,6.981927,1.1587706,6.871802,1.2367308,1.3015753,3.844804,0.1288381189733631,-2.0084069,16.312138,-9.592662337662338,0.40497217,0.5508513,-1.6936845,17.498411,2.115492,32.516666,14.318233,1.1169118,1.6569998,36.798336
108.0,City of Matlosana,ssp126,near-term_2021-2040,5.884298,-0.19181821,-0.048387118,-2.9939935064935064,-7.083496,-0.4571795560329391,-0.02107142857142863,1.9032843,0.55707425,3.1361175,0.65907955,0.60692734,1.0409143,0.04110201858045733,-0.6267041,12.549743,-6.214805194805194,-0.057213545,0.23520525,-0.31180736,13.4258995,1.3819207,24.667025,10.51703,0.6104705,1.136989,26.21826
108.0,City of Matlosana,ssp245,far-term_2081-2100,11.095133,-2.5428572,0.08838095,-8.33603896103896,-3.8010166,-0.20413533834586467,0.19795918367346932,8.479044,1.6963068,8.569653,1.6678537,1.7484425,2.3205097,0.18120100953575616,-6.137235,35.142555,-19.40649350649351,2.1211867,2.6559265,-5.53446,34.776634,8.273018,73.923355,26.748823,2.4621143,3.3083332,91.795044
108.0,City of Matlosana,ssp245,mid-term_2041-2060,7.9913898,-1.7545456,-0.055495534,-6.542857142857144,-14.307836,-0.6361081274615117,0.1265306122448979,5.572408,1.4209223,6.695359,1.3699297,1.7453191,2.7257907,0.07678730158827982,-3.761023,22.42596,-14.805844155844158,1.3300651,1.6505231,-3.1188111,23.288857,4.1039987,47.41063,18.699383,1.6017405,2.0342739,52.84128
108.0,City of Matlosana,ssp245,near-term_2021-2040,6.30394,0.09883799,-0.014101301,-3.4863636363636368,-8.349199,-0.4264652703186546,0.16892857142857137,7.1984286,1.518288,6.2273054,1.2183293,1.1834406,1.6285477,0.09149015186353841,-0.6435641,13.012224,-7.989097744360902,0.5414043,0.8717913,-0.41390255,13.739668,1.7373947,25.083529,10.763147,0.611349,1.1481749,26.777819
108.0,City of Matlosana,ssp370,far-term_2081-2100,22.796383,-2.9921358,0.16097368,-10.256493506493507,-20.059153,-0.7703186537773009,0.1511278195488721,8.220482,2.0375285,8.742135,1.8329533,2.1450155,3.6906552,0.19220798805116018,-8.306068,54.468838,-24.91186868686869,2.982708,3.4558334,-7.380103,49.535316,15.698587,112.01214,34.71024,3.5793042,5.114206,151.19571
108.0,City of Matlosana,ssp370,mid-term_2041-2060,9.829468,-2.0270565,0.4072143,-7.052128427128428,-1.6530238,-0.31994271392767615,0.30187969924812014,10.561982,1.7943598,7.975904,1.3736749,1.7285391,1.5652444,0.16718947277223886,-4.5113277,25.366812,-15.595598845598843,1.0412905,1.246863,-3.3819592,24.911694,4.41446,49.80937,19.908318,1.48308,2.233813,57.085384
108.0,City of Matlosana,ssp370,near-term_2021-2040,3.508412,-0.49253252,0.09706361,-3.76482683982684,-1.4500296,-0.17445399212316584,0.13233082706766922,6.1628385,1.098526,6.227452,1.142785,1.0642912,3.2521558,0.13401334886678726,-1.0617968,13.627837,-7.809884559884561,0.28522766,0.30322185,-0.30480343,13.759543,1.5485874,24.589527,10.4570265,0.63825196,1.2257417,26.138958
108.0,City of Matlosana,ssp585,far-term_2081-2100,25.33765,-3.162987,0.04280322,-10.8262987012987,-11.237871,-0.12930540637307658,0.498299319727891,19.763577,3.8544457,15.0104685,2.8103757,3.4791236,6.7507663,0.41003838498536843,-9.020122,63.85066,-27.074999999999996,4.37129,5.36967,-8.369772,58.886986,19.469908,140.9262,39.349827,4.6509423,6.487394,195.09299
108.0,City of Matlosana,ssp585,mid-term_2041-2060,11.258735,-2.28175,0.14484392,-7.66701982228298,-8.86554,-0.14018976011457315,0.23299319727891143,8.69316,1.789129,7.48805,1.4360224,1.4785813,2.5698907,0.1616498236418409,-5.2262225,30.15681,-17.63241626794258,1.7279772,2.2800634,-4.4724307,29.446,6.485475,60.98023,23.07644,1.9284045,2.6786053,74.080055
108.0,City of Matlosana,ssp585,near-term_2021-2040,5.2026114,-0.5855778,0.30572838,-4.323547505126452,3.2218976,0.04314357321875991,0.2867346938775509,11.104345,1.9418981,9.242665,1.6672589,1.8674787,3.5431442,0.1416352708592314,-1.324159,14.677405,-9.641900205058098,0.76656055,1.08858,-0.55650014,15.257246,2.0532296,28.027193,11.775916,0.70742047,1.3863634,30.806929
109.0,Maquassi Hills,ssp126,far-term_2081-2100,6.8918166,-1.0705303,-0.13897164,-6.303446969696968,-19.061905,-0.26089181286549784,0.08356411862990824,0.92606735,0.8622077,0.45828184,0.28324643,-0.6315276,1.4466196,0.0712076535880198,-2.1261964,17.140478,-10.967310606060607,0.35228738,0.69472533,-1.8651818,19.916151,2.4882517,37.21435,15.570703,1.0904813,1.8695501,43.689682
109.0,Maquassi Hills,ssp126,mid-term_2041-2060,6.9489007,-0.6226135,0.19436169,-5.702196969696968,0.44359842,0.05535818713450258,0.1323141186299086,6.60626,1.2303559,4.847655,0.92219836,0.46795082,4.300553,0.14419257568479482,-1.7184768,15.608191,-10.345643939393938,0.3508352,0.491676,-1.5084376,17.462627,2.0520017,30.927687,13.8379755,1.0960073,1.6444321,36.293633
109.0,Maquassi Hills,ssp126,near-term_2021-2040,7.2497315,-0.12636375,-0.084804855,-3.72844696969697,-6.168569,-0.29005847953216374,0.06231411862990847,3.9450405,0.9694071,2.9239032,0.6371904,0.32187843,1.6238066,0.05478429612987146,-0.412635,11.873158,-6.430227272727269,-0.069396414,0.14561398,-0.050304413,13.299813,1.2761682,23.111433,9.955345,0.5317734,1.1247755,26.266874
109.0,Maquassi Hills,ssp245,far-term_2081-2100,11.125188,-2.430303,-0.19014263,-10.966666666666669,-7.2373605,-0.10553467000835386,0.25302840434419416,8.308971,1.8921919,5.842979,1.2045407,0.8839016,2.4368572,0.15713561543883228,-5.7348037,32.958946,-21.745833333333326,1.9791536,2.5975857,-5.2868943,34.663383,7.8713717,69.59107,25.991108,2.3932357,3.2840226,91.39432
109.0,Maquassi Hills,ssp245,mid-term_2041-2060,9.2116995,-1.628409,-0.32268205,-8.465151515151513,-16.42681,-0.5491854636591471,0.1835839598997496,6.0003533,1.7816137,3.8694305,0.9163525,0.54704666,2.3062165,0.0806763529064652,-3.3903968,21.111961,-16.325757575757574,1.2068847,1.6109228,-2.8692703,23.331774,3.7866228,45.06204,18.207996,1.5575415,2.0078385,52.933018
109.0,Maquassi Hills,ssp245,near-term_2021-2040,7.31765,0.0024323463,-0.076471485,-4.4377990430622,-10.540339,-0.4450584795321646,0.19023078529657522,6.6811485,1.6757431,1.8663902,0.46295676,0.14251487,1.2907448,0.06340902089398526,-0.3568007,12.305162,-8.63321371610845,0.47843096,0.8755277,-0.23016374,13.752473,1.6352096,23.908613,10.541029,0.5555399,1.1512108,26.518484
109.0,Maquassi Hills,ssp370,far-term_2081-2100,23.897474,-2.8155303,0.007497152,-13.996085858585857,-22.307251,-0.839619883040935,0.13266499582289062,7.0617356,2.148672,7.687848,1.8070334,1.6026961,3.1803722,0.17268961380783768,-8.029463,51.11114,-28.734764309764312,2.7398355,3.4000723,-7.2009835,49.724716,15.024038,106.60421,34.01628,3.5234823,5.141945,152.35585
109.0,Maquassi Hills,ssp370,mid-term_2041-2060,10.090893,-1.8627524,0.2978487,-8.88404882154882,-0.118133545,0.03230994152046781,0.3199456975772767,10.049221,1.8006197,4.399183,0.7569294,0.84533757,2.5246334,0.1567225879086623,-4.138956,23.696478,-16.71439393939394,0.8878308,1.1167504,-3.1873045,24.882038,4.0870013,47.171795,19.402569,1.3905,2.249841,56.955833
109.0,Maquassi Hills,ssp370,near-term_2021-2040,4.191775,-0.39654878,0.13381386,-4.477567340067339,-2.3336945,-0.15716374269005673,0.2002088554720136,5.952811,1.1433824,2.9320965,0.5357533,0.22142251,2.841842,0.08476590808114699,-0.771537,12.766218,-7.8852272727272705,0.23782603,0.2352473,-0.20075624,13.972495,1.4096868,23.705137,10.248245,0.61889344,1.2625847,26.602596
109.0,Maquassi Hills,ssp585,far-term_2081-2100,26.53908,-2.9833333,-0.033396404,-15.228787878787879,-15.8872175,-0.2702172096908934,0.4935045948203846,18.073084,4.1007423,12.747084,2.6806052,2.38985,6.1930814,0.39554221189152033,-8.835064,61.2065,-32.3530303030303,4.092595,5.373648,-8.247504,58.75828,19.304804,133.76357,38.542892,4.5294633,6.441548,194.46796
109.0,Maquassi Hills,ssp585,mid-term_2041-2060,13.017255,-2.1053429,0.01977841,-10.085446570972886,-9.942769,-0.04640768588137038,0.2113617376775275,7.030642,1.7257853,4.375754,0.9853273,0.57302636,2.3258636,0.1638539268488485,-4.7888737,28.30046,-19.679884370015944,1.589275,2.2503693,-4.215249,29.362991,6.072807,58.161224,22.521683,1.8695787,2.6891658,73.19056
109.0,Maquassi Hills,ssp585,near-term_2021-2040,7.352965,-0.36437395,0.19874652,-5.4734449760765544,1.5427856,0.15795739348370988,0.18834586466165434,8.363197,1.630422,6.0818725,1.1954981,0.9238698,3.3614075,0.13913609342332167,-1.0107671,13.954407,-10.363118022328544,0.6724457,1.0470558,-0.44791237,15.261111,1.9726276,26.893867,11.472683,0.728175,1.3619283,30.44175
110.0,Richtersveld,ssp126,far-term_2081-2100,3.8589778,-1.6345313,-0.042002693,0.0,-3.9882438,0.0014544172932331005,0.01268327067669172,0.1829581,1.3361034,0.22658607,0.51938164,-0.021572232,0.20288849,0.08026579362599837,-6.2025347,27.147045,-0.010298295454545452,0.7088877,1.5065908,-1.0617315,17.19136,5.8785486,17.010323,12.974711,0.43260062,1.5346918,22.700947
110.0,Richtersveld,ssp126,mid-term_2041-2060,4.234915,-1.6912501,-0.017002672,0.0,-3.2023249,0.027235667293233123,0.03362077067669174,1.1663135,2.9147463,1.1423966,2.0560503,0.47509298,0.6346721,0.09788552302691822,-6.3606124,27.315275,-0.013423295454545452,0.6758156,1.5621475,-1.1311803,17.256804,5.845892,16.957352,13.165022,0.38124496,1.479522,21.242395
110.0,Richtersveld,ssp126,near-term_2021-2040,1.3842912,-1.1496875,0.039716065,0.0,-0.7035694,0.04551691729323309,0.007214520676691732,1.388034,2.1749053,0.40371263,0.47239628,0.3512406,0.878818,0.09128612274962616,-4.860664,22.449133,-0.011392045454545452,0.35300404,1.2943438,0.8272914,13.601949,4.524642,12.430478,9.131163,-0.014968514,1.1528167,15.745521
110.0,Richtersveld,ssp245,far-term_2081-2100,9.142822,-2.0552557,-0.13320807,0.0,-9.842978,-0.11406641604010025,-0.009876253132832077,-1.4175798,1.3584993,-0.26385894,0.8327334,-0.20213893,-0.83834755,0.057478077823257756,-8.341697,33.909813,-0.017613636363636363,1.7560592,1.8396553,-6.3518167,27.06383,9.033927,31.102573,24.784176,1.8011713,1.905155,43.341846
110.0,Richtersveld,ssp245,mid-term_2041-2060,8.503086,-1.8367898,-0.13008298,0.0,-7.0381346,-0.08132832080200506,0.005004699248120295,-0.70148337,1.1861898,-0.007128082,0.71172005,-0.10779536,-0.18879974,0.032471898002442795,-6.481081,21.8302,-0.016761363636363637,1.1340655,1.2422832,-4.0180454,18.97344,5.424372,19.396614,17.33882,1.2033157,1.3518023,24.17814
110.0,Richtersveld,ssp245,near-term_2021-2040,2.9639778,-0.9105937,0.0022159964,0.0,-2.0205674,0.06457941729323308,0.00705827067669172,1.4251329,2.908997,0.36830187,0.64482635,0.47182587,0.89638984,0.15214076087780581,-3.060395,13.001226,-0.014346590909090906,0.56840634,0.73237824,-0.9670833,12.260224,3.0467021,10.569924,9.9454975,0.51678866,0.77941084,13.54534
110.0,Richtersveld,ssp370,far-term_2081-2100,20.98375,-2.1350696,-0.26866376,0.0,-18.085455,-0.23566729323308266,-0.005474624060150381,-2.9635246,1.4536101,-0.31335497,1.8954314,-1.0433782,-2.242365,-0.03482767054154284,-9.583702,61.31858,-0.018892045454545453,2.4168315,3.3596702,-7.8435116,41.998184,18.931223,60.44617,33.600864,2.2180798,3.4162717,91.22832
110.0,Richtersveld,ssp370,mid-term_2041-2060,7.268945,-1.9625001,-0.08872968,0.0,-7.578521,-0.11921992481203011,-0.0005404135338345859,-1.1490748,1.0555568,-0.16332808,0.6698277,-0.2667527,-0.80983275,-0.003403450773196065,-7.6147346,34.332237,-0.01715593434343434,0.99032927,1.9365884,-3.288166,22.671385,8.437993,24.79704,18.36124,0.72745657,1.927414,31.89828
110.0,Richtersveld,ssp370,near-term_2021-2040,1.0214138,-1.2861112,-0.009288833,0.0,-4.2677836,-0.05852913533834585,0.02117011278195488,-0.39370528,0.5236695,0.51056075,1.0304582,0.056831688,0.120168746,0.019635388141827165,-4.6961775,21.872494,-0.010385101010101006,0.34490544,1.2143525,0.43875337,13.898319,4.678097,12.525166,9.633682,0.08105296,1.1737823,15.292377
110.0,Richtersveld,ssp585,far-term_2081-2100,31.441027,-2.140625,-0.45538074,0.0,-22.640877,-0.3201676065162907,-0.021781015037593977,-4.066444,0.6974971,-1.0334259,0.68578386,-1.6017351,-3.1648486,-0.10497116719048064,-9.843582,64.97802,-0.018892045454545453,3.4185305,3.5008535,-9.248917,50.68897,21.33602,75.79519,39.910797,3.4599357,3.6373146,130.4637
110.0,Richtersveld,ssp585,mid-term_2041-2060,8.17511,-2.0346591,-0.14228539,0.0,-10.159157,-0.16079260651629074,-0.014638157894736846,-1.4016895,1.0165877,-0.1911985,0.7393906,-0.3087385,-0.7397588,0.02338448230712939,-7.8083615,29.294094,-0.017897727272727273,1.4713243,1.7540221,-5.436786,24.052261,7.7852874,27.292599,21.839523,1.5188255,1.7583847,36.929775
110.0,Richtersveld,ssp585,near-term_2021-2040,3.2597833,-1.2263981,0.052208662,0.0,-3.2361047,-0.03713189223057641,0.005302318295739355,-0.38175744,0.43592584,0.08915299,0.4158059,0.11722204,0.15125448,0.04499460013294354,-4.016671,15.155698,-0.01235047846889952,0.73557967,0.86808145,-1.6736233,13.254364,3.6293287,11.710961,11.238408,0.68184364,0.8986025,14.266831
111.0,Nama Khoi,ssp126,far-term_2081-2100,4.1089907,-1.2150728,-0.07158496,-0.02159090909090909,-7.2198644,-0.049524561403508735,0.06884310776942351,1.1935403,2.1537988,1.7001083,1.6983562,0.045010604,0.027422104,0.09184994313438845,-4.969985,21.643177,-0.3267272727272728,0.6402765,1.3125632,-0.84408075,16.015474,4.5890675,20.61488,11.931667,0.5860837,1.3840505,20.18412
111.0,Nama Khoi,ssp126,mid-term_2041-2060,4.1845903,-1.2213727,-0.06888501,-0.024890909090909095,-7.587332,-0.15462456140350864,0.06344310776942352,0.6487872,2.1058576,1.992142,2.2860794,0.3005412,0.1558873,0.0537128004073821,-5.166993,21.776033,-0.31472727272727274,0.6336359,1.3525795,-0.9139713,16.06456,4.5468674,20.851677,12.157202,0.60552317,1.3698021,19.271593
111.0,Nama Khoi,ssp126,near-term_2021-2040,2.2640896,-0.6574728,0.05201496,-0.00789090909090909,-2.329094,-0.022824561403508678,0.052243107769423515,1.9786375,1.9429541,1.5377872,1.2584226,0.4369986,0.6735958,0.0573382749393796,-3.5764437,17.840273,-0.19502727272727274,0.28070217,1.1279105,0.81926847,12.55546,3.4953675,15.251881,8.299061,0.1446468,1.067016,13.9774885
111.0,Nama Khoi,ssp245,far-term_2081-2100,9.007794,-1.6495456,-0.19722304,-0.029545454545454545,-17.801098,-0.3713483709273182,-0.022947368421052668,-2.4974484,1.4150186,-0.49177527,0.9367889,-0.4123539,-1.4663546,0.054196556129237836,-7.6842713,29.823921,-0.43781818181818183,1.804365,2.0127866,-5.7269096,25.78127,7.893,38.71142,22.782835,1.7781688,2.0113158,39.718876
111.0,Nama Khoi,ssp245,mid-term_2041-2060,7.7057962,-1.5161818,-0.21636593,-0.024636363636363633,-13.027386,-0.25791979949874677,0.035052631578947335,-1.0126086,1.5752116,1.1590252,1.9625602,-0.053617746,-0.429853,0.033899185558621224,-5.666345,19.289654,-0.39054545454545464,1.1237738,1.3265717,-3.4186435,18.328354,4.656804,25.901024,15.968619,1.1792346,1.364238,23.112938
111.0,Nama Khoi,ssp245,near-term_2021-2040,3.5602894,-0.5234833,-0.035984956,-0.01572727272727273,-5.3400536,-0.09732456140350866,0.04754310776942356,1.2994477,2.188323,1.1916481,1.3835446,0.3602819,0.55953795,0.12265915989513784,-2.2812681,11.656511,-0.23897129186602875,0.56604517,0.7692684,-0.60644114,11.894975,2.56516,14.700383,9.200944,0.48832878,0.7131524,12.994326
111.0,Nama Khoi,ssp370,far-term_2081-2100,19.563677,-1.8656061,-0.3383007,-0.03464646464646465,-34.099552,-0.8216140350877191,-0.062546365914787,-6.89515,0.64848566,-0.9817025,2.0605965,-1.5505284,-4.102939,-0.13244616461112557,-9.325862,53.142742,-0.5013939393939395,2.3945498,3.3719468,-7.506273,39.91042,16.438389,64.931595,31.658405,2.3936653,3.3899465,82.81481
111.0,Nama Khoi,ssp370,mid-term_2041-2060,6.6441007,-1.5416061,-0.10461649,-0.029202020202020208,-14.309253,-0.3943508771929824,-0.029177944862155403,-3.2918725,-0.07072022,-0.22988284,0.81395006,-0.5182188,-1.8315609,-0.05106365780559555,-6.8433967,28.46464,-0.42606060606060614,0.9601357,1.7873003,-2.921367,21.308882,6.8799453,30.439259,16.961823,0.8705769,1.8264949,29.220589
111.0,Nama Khoi,ssp370,near-term_2021-2040,2.3976798,-0.83216166,-0.053774375,-0.024535353535353535,-7.4259834,-0.1785614035087718,0.05850626566416037,-0.30556783,0.9430868,1.7232326,1.9166911,0.04698143,-0.12024109,0.03338992168890579,-3.6236608,17.748825,-0.3031717171717172,0.31522673,1.0417827,0.54157513,12.929856,3.5827231,15.41059,8.884794,0.20741744,1.0259681,13.33481
111.0,Nama Khoi,ssp585,far-term_2081-2100,27.202173,-1.8690001,-0.5861754,-0.03509090909090909,-41.547398,-0.9848721804511278,-0.07351879699248123,-7.4968553,1.5925003,-1.1357884,2.4004877,-2.0271022,-4.9026675,-0.13459798279281074,-9.680632,58.29448,-0.5190000000000002,3.4487426,3.858215,-8.9097,48.10218,19.623985,79.78448,37.74437,3.4674108,3.8163364,119.06094
111.0,Nama Khoi,ssp585,mid-term_2041-2060,8.377508,-1.7182728,-0.24693733,-0.031181818181818186,-19.122585,-0.4305864661654133,-0.021328320802005044,-2.3483567,1.5988033,0.18902853,1.5329272,-0.4121131,-1.463537,0.005060040270923824,-7.119614,25.632614,-0.45399521531100484,1.470386,1.9312587,-4.812295,22.964855,6.7534738,34.414593,20.114227,1.4951782,1.8171003,34.29751
111.0,Nama Khoi,ssp585,near-term_2021-2040,3.6556077,-0.95982295,0.015634203,-0.02070334928229665,-5.642803,-0.10639598997493717,0.044005012531328304,0.13508682,1.3174936,1.2659144,1.4925202,0.46415263,0.48722786,0.07352523875772059,-3.1634228,13.661928,-0.292488038277512,0.7638811,0.9130626,-1.1220884,12.673093,3.0742342,16.084476,10.336703,0.7009155,0.86959267,13.638081
112.0,Kamiesberg,ssp126,far-term_2081-2100,2.9829526,-1.003539,-0.08869362,-0.057370129870129884,-8.244502,-0.10783685403986121,0.0855683852488364,2.0618415,2.260886,2.5802295,1.9217058,0.43253714,0.43692288,0.07707200266107028,-4.3763723,22.176403,-0.5270887445887446,0.46462953,1.5927008,0.057891574,15.114786,4.699192,22.305664,10.606379,0.34860715,1.4938676,17.66372
112.0,Kamiesberg,ssp126,mid-term_2041-2060,2.489384,-1.0969913,-0.039050795,-0.0662987012987013,-9.542401,-0.29426542546843254,0.039377909058360194,0.24478586,1.3940328,2.230975,1.8933301,0.18951198,0.22399902,0.013788581547781228,-4.533031,22.136925,-0.5455411255411254,0.42895156,1.5783308,0.061306182,15.243389,4.6812162,22.503523,10.710195,0.34763718,1.5123339,17.023869
112.0,Kamiesberg,ssp126,near-term_2021-2040,2.5986722,-0.25722942,0.060711212,-0.03606060606060608,-2.3896775,-0.04367018737319458,0.06354457572502684,2.5741014,1.8262292,1.4970539,0.92675793,0.5391351,0.9320228,0.057415690826956765,-2.8973677,18.361383,-0.32375541125541124,0.110462174,1.4208194,1.7629956,12.179504,3.7418113,17.052925,7.2284613,-0.08021827,1.2260805,12.453193
112.0,Kamiesberg,ssp245,far-term_2081-2100,6.989061,-1.6520562,-0.25969702,-0.0816017316017316,-22.645689,-0.5263515932688859,-0.038859052392887,-2.264005,1.4640076,-0.4502474,0.7194393,-0.4056293,-1.1362401,-0.013412959804151406,-7.518617,28.573973,-0.8070346320346319,1.7432809,1.981903,-5.521886,23.005049,7.112446,39.10235,21.356295,1.7187338,1.9285532,31.072498
112.0,Kamiesberg,ssp245,mid-term_2041-2060,6.106523,-1.4843073,-0.21615963,-0.06709956709956709,-15.785324,-0.37737200143215144,0.0383518319608545,-0.48356178,1.7219484,1.7093592,1.873708,-0.0372002,-0.5541024,0.025050275296895973,-5.364744,18.36435,-0.6598484848484849,1.0543739,1.3080134,-3.1576345,16.318348,4.1807075,25.18363,14.66784,1.0945736,1.3093176,18.191795
112.0,Kamiesberg,ssp245,near-term_2021-2040,4.149383,-0.5343871,-0.05012225,-0.04361471861471862,-6.186982,-0.1467654254684327,0.049139813820264965,1.5561324,1.7667124,1.5016408,1.2682395,0.28617764,0.62102735,0.10057854406572252,-1.9643496,11.000819,-0.42826953748006374,0.5555612,0.785843,-0.3411265,10.755211,2.3771088,14.378321,8.222862,0.470401,0.68893725,10.571065
112.0,Kamiesberg,ssp370,far-term_2081-2100,15.238991,-1.8455627,-0.42500305,-0.09799182299182299,-43.833706,-1.1417591598042724,-0.1309165771571787,-7.905509,0.3944259,-1.1507051,1.4675863,-1.4986316,-4.6315846,-0.1769841960616428,-9.084563,52.327843,-0.9205146705146705,2.1596022,3.575745,-6.8695173,36.020588,15.471256,68.21077,29.277227,2.0623522,3.4886224,66.98087
112.0,Kamiesberg,ssp370,mid-term_2041-2060,5.350769,-1.4553511,-0.12851192,-0.09018759018759018,-17.47205,-0.4544158014082822,-0.04620479770855709,-2.8601494,0.3033786,-0.29634476,0.46926817,-0.25319263,-1.3995184,-0.00750047080918663,-6.2298326,28.48854,-0.7525252525252524,0.7602451,2.0532577,-2.023307,19.699484,6.7658324,32.339737,15.130036,0.6250979,1.9384172,24.902962
112.0,Kamiesberg,ssp370,near-term_2021-2040,1.8181863,-0.29609185,-0.045805067,-0.07391774891774892,-8.624194,-0.21130803198472348,3.580379520228589e-05,-0.44237408,0.6911611,0.62281245,0.72376806,-0.12765585,0.35052198,0.008583582112898643,-2.9323225,18.232525,-0.5722342472342473,0.17981549,1.2793963,1.531861,12.460591,3.794404,17.034578,7.697073,-0.0034401757,1.1614971,11.987751
112.0,Kamiesberg,ssp585,far-term_2081-2100,20.835888,-1.8878788,-0.65742946,-0.09913419913419914,-51.978733,-1.371816445876596,-0.1108545172454947,-8.136245,1.5943784,-0.442903,2.6564078,-1.7552875,-5.0775914,-0.19208489857966324,-9.6101465,56.327293,-0.9579004329004328,3.3193574,3.8243792,-8.7990265,43.607525,18.038609,83.634926,36.31361,3.3124354,3.718836,97.43816
112.0,Kamiesberg,ssp585,mid-term_2041-2060,6.7295375,-1.73171,-0.2727356,-0.08982683982683984,-23.610607,-0.6149003461033532,-0.04997016350399811,-2.4412282,1.42875,0.5805617,1.4846491,-0.23707727,-1.3831471,-0.01913906520078096,-6.748373,24.14434,-0.7983709273182958,1.4112115,1.87596,-4.5400496,20.472923,5.9612894,34.524063,18.638727,1.4163905,1.7539033,27.11277
112.0,Kamiesberg,ssp585,near-term_2021-2040,2.892121,-0.7829117,-0.012758289,-0.05353725222146275,-6.5120645,-0.11274615109201548,0.04696861200620598,0.8389863,1.4865046,1.4668672,1.2467095,0.4821604,0.77970684,0.08635537990795004,-2.7421997,12.773718,-0.5191957165641375,0.73131245,0.8929063,-0.8039586,11.416025,2.7853098,15.287418,9.26465,0.65601146,0.81990623,11.077396
113.0,Hantam,ssp126,far-term_2081-2100,6.1143556,-0.31593397,-0.22234845,-2.8606569602272724,-13.99164,-0.273491247650376,-0.004670758928571421,-1.3426491,0.8238839,-0.14566918,0.3356797,-0.44485512,-1.3935525,0.01662868469859808,-1.9150134,12.537795,-7.4049999999999985,0.50241196,0.5103674,-0.758344,13.028213,2.4293942,21.741596,10.324967,0.91606957,1.1377797,16.11812
113.0,Hantam,ssp126,mid-term_2041-2060,4.384551,-0.4521449,-0.12273908,-2.6596413352272736,-8.383245,-0.17165531015037605,0.04220424107142856,0.30158216,1.0933589,1.0397695,0.98715186,-0.15481411,-0.4079441,0.06867727365875115,-1.9834416,12.489046,-7.146523437500001,0.4350472,0.6083159,-0.59160423,12.486713,2.2965817,20.462221,9.870135,0.92389566,1.1409736,15.062651
113.0,Hantam,ssp126,near-term_2021-2040,2.8873239,0.37742543,0.01112812,-1.6660475852272723,-1.1489965,0.038266564849624034,0.04493861607142858,1.5353028,0.9934145,0.8524072,0.5606451,0.13541034,0.39816874,0.08150061177868673,-0.59564996,9.967481,-4.413984374999998,0.1425975,0.31066406,0.91188294,9.258915,1.668574,13.505697,6.288764,0.3654112,0.74424785,10.291598
113.0,Hantam,ssp245,far-term_2081-2100,11.362361,-1.1299006,-0.28394625,-4.737961647727273,-19.827179,-0.38511513157894756,0.01019345238095239,-0.9201457,2.2160387,0.4146341,1.2588551,-0.11678696,-0.7242423,0.15771151095013586,-5.60089,22.907095,-13.217755681818183,1.6004282,2.3251414,-4.317354,22.446373,5.989526,42.686302,19.19608,1.8667206,2.257495,34.56201
113.0,Hantam,ssp245,mid-term_2041-2060,7.41158,-0.81242895,-0.28230932,-3.578728693181819,-14.600118,-0.2998472744360904,0.014992559523809543,-0.86532235,1.3365409,0.5322395,1.0157046,-0.22441445,-1.0353088,0.1294393836259241,-3.3572974,15.166019,-9.72979403409091,0.97176313,1.4563694,-2.0154111,15.611548,3.5297174,28.449677,13.070089,1.1024287,1.4681114,20.404829
113.0,Hantam,ssp245,near-term_2021-2040,3.228808,0.2638476,-0.14769998,-2.0683743271531103,-8.290239,-0.16509281015037608,-0.014670758928571427,-0.7322746,0.5054363,-0.31156993,0.089626454,-0.19225727,-0.7094836,0.07635648497124506,-0.37927702,9.312364,-5.397731010765549,0.48012435,0.75353277,0.39259982,9.83266,1.7802073,15.202656,7.095941,0.44546068,0.6865198,10.725064
113.0,Hantam,ssp370,far-term_2081-2100,21.675112,-1.5010338,-0.43925837,-5.9073192866161595,-37.322353,-0.8448543233082708,-0.04038416353383461,-4.0314546,2.4693,-0.0825803,1.9003572,-0.8101265,-2.8622832,0.10386683150623979,-8.022297,38.400135,-17.07391493055556,2.2726912,3.185887,-6.6989284,34.26073,11.600787,68.5341,27.911325,2.7129252,3.5866995,68.3678
113.0,Hantam,ssp370,mid-term_2041-2060,8.29452,-1.0251223,-0.24575509,-4.062527619949495,-12.184019,-0.2407835996240602,0.02384281015037594,0.15030235,1.6397523,0.7131269,0.9805871,0.11942385,-0.55125904,0.15639445792333445,-4.192971,18.167545,-10.665798611111109,0.83365935,1.220567,-2.2997103,16.945793,3.8465774,31.013618,14.115895,1.1685861,1.6116447,22.31919
113.0,Hantam,ssp370,near-term_2021-2040,3.0195186,-0.17703205,-0.10089493,-2.3566682449494945,-6.9308634,-0.09214050751879721,0.01804511278195488,-0.18818107,0.84837675,0.55404174,0.64107436,-0.24502295,-0.4582373,0.06268856255686177,-1.0729395,10.522,-5.509939236111107,0.28063765,0.3501999,0.5284823,9.79395,1.7484437,14.744738,7.055861,0.4946974,0.7415863,9.769623
113.0,Hantam,ssp585,far-term_2081-2100,29.679102,-1.5074574,-0.6805236,-6.348615056818181,-45.01949,-0.9504053101503761,-0.015624999999999988,-3.844173,4.4962077,0.48476163,3.1845293,-0.8833219,-3.227765,0.15632802058879727,-8.735143,46.298668,-18.867542613636367,3.1895804,4.60417,-7.9710164,42.00769,15.755002,85.95809,33.099545,3.6121132,4.51269,97.15866
113.0,Hantam,ssp585,mid-term_2041-2060,9.572517,-1.2009588,-0.37937033,-4.376097114234449,-20.157495,-0.41204965538847127,0.002901785714285725,-1.3513026,1.7355373,0.7324841,1.4361683,-0.2698877,-1.3444675,0.09961055345631453,-4.736414,19.775648,-11.772559061004785,1.364197,2.0771325,-3.3128674,19.5628,5.021787,37.41391,16.617943,1.4473897,1.9698036,28.61253
113.0,Hantam,ssp585,near-term_2021-2040,3.5948386,-0.052925013,-0.051096525,-2.4469161184210524,-5.7427716,-0.06647673872180458,0.031138392857142844,0.42901403,1.2551323,1.0392578,1.0831609,-0.018071786,-0.25173172,0.10391115538831903,-1.0117344,10.525818,-6.504175388755982,0.6431931,0.903604,0.09519553,10.676855,2.097387,16.866795,8.077902,0.6897666,0.83323103,11.634739
114.0,Karoo Hoogland,ssp126,far-term_2081-2100,4.9259815,-0.1339678,-0.22641441,-9.401477272727275,-16.253967,-0.29133302005012507,-0.03949731098579784,-2.2650013,0.6741318,-1.0638642,-0.13769694,-0.6483694,-1.9013944,0.004208809729091999,-1.467929,11.993023,-13.145857007575758,0.45925564,0.29259095,-0.8856993,12.607687,1.981826,22.68794,10.378252,1.0091093,1.1787862,14.004062
114.0,Karoo Hoogland,ssp126,mid-term_2041-2060,3.6790545,-0.28271776,-0.09407053,-8.90423768939394,-7.098289,-0.024770520050125394,-0.005695227652464478,-0.12280182,0.68969893,-0.4036792,-0.020894885,-0.47460607,-0.46704015,0.05463380876219903,-1.4301944,11.846286,-12.390179924242426,0.3391731,0.4150169,-0.59133554,11.882237,1.9242218,20.484241,9.459976,0.9812368,1.1548808,12.923908
114.0,Karoo Hoogland,ssp126,near-term_2021-2040,1.505721,0.45420927,0.04988781,-5.4459564393939415,-0.22109349,0.088094063283208,0.05034643901420219,1.9704388,1.1083055,0.3181655,0.15444143,0.0881623,-0.15574741,0.06642066749069643,-0.118464805,9.277013,-7.262419507575756,0.10182396,0.122131504,0.8737897,8.816681,1.3067738,13.744502,6.0396185,0.43295637,0.75174975,8.792714
114.0,Karoo Hoogland,ssp245,far-term_2081-2100,9.972347,-0.8788825,-0.2080983,-17.68787878787879,-18.636963,-0.3201623851294904,-0.008993838763575594,-1.1412634,1.6517087,0.30462533,0.8133376,-0.124635436,-1.3377533,0.13647245796969107,-5.044292,23.130686,-28.422916666666662,1.4475489,2.3267522,-4.1437135,21.4207,5.421556,42.83595,18.581783,1.898403,2.3092263,28.978998
114.0,Karoo Hoogland,ssp245,mid-term_2041-2060,5.9189253,-0.5511363,-0.22684847,-12.774005681818183,-14.061723,-0.19099571846282384,-0.013557330827067662,-0.2994642,1.4568124,-0.2729803,0.25628397,-0.008491556,-1.5229894,0.1069731926025256,-2.8625371,15.203336,-19.718039772727273,0.9039171,1.4665424,-1.8431033,14.858584,3.1030428,27.710354,12.478946,1.085166,1.5078436,16.86812
114.0,Karoo Hoogland,ssp245,near-term_2021-2040,2.743637,0.18485348,-0.15047683,-6.962118720095695,-7.13365,-0.11154135338345857,-0.013768144319131169,-0.033320308,0.84826493,-0.20632541,0.1311535,-0.013097604,-0.7977074,0.06742506801592128,-0.09900912,9.271796,-10.139501096491228,0.39671186,0.76462793,0.6157473,9.316944,1.5170736,14.421594,6.6276994,0.49944127,0.7043472,8.813965
114.0,Karoo Hoogland,ssp370,far-term_2081-2100,18.042992,-1.176815,-0.38180083,-23.669023569023565,-34.09399,-0.6447760025062658,-0.005612990810359223,-2.345294,2.8416145,0.7406594,1.7261721,-0.21679713,-2.0860298,0.18140746818275336,-7.4759884,36.955856,-39.52360585016835,2.0476265,3.0256877,-6.441703,32.034157,10.467352,66.133514,26.55504,2.8333797,3.629909,56.85185
114.0,Karoo Hoogland,ssp370,mid-term_2041-2060,6.3790655,-0.7858428,-0.1948491,-13.831639309764313,-9.426328,-0.11330670426065159,0.035066833751044295,0.72932,1.4850677,0.63229656,0.692497,0.28445813,-1.0933698,0.12103966367362134,-3.4923968,17.438833,-20.23442760942762,0.75706464,1.0431515,-2.0469058,15.738582,3.206878,29.112394,13.153704,1.2737563,1.6007845,18.383795
114.0,Karoo Hoogland,ssp370,near-term_2021-2040,1.5155777,-0.22559972,-0.06381841,-6.727356902356902,-4.2536125,0.00039943609022555687,0.07366332497911443,1.4795207,1.2738092,1.0083249,0.59501386,0.14390261,-0.03356417,0.06894290868733173,-0.62559426,9.736518,-8.651672979797981,0.21566689,0.17238557,0.7591462,9.052955,1.3670632,13.627328,6.367424,0.5461806,0.6756892,8.08773
114.0,Karoo Hoogland,ssp585,far-term_2081-2100,24.692585,-1.1953125,-0.58984447,-26.69251893939394,-42.55163,-0.7779500835421885,0.021908939014202194,-3.1082354,4.231039,1.2581041,2.8390982,-0.36975512,-2.3554661,0.18028357417931687,-8.324438,45.211628,-46.84895833333332,2.9090858,4.550163,-7.728397,39.83955,14.736234,84.48559,31.981655,3.6450784,4.6065993,83.20889
114.0,Karoo Hoogland,ssp585,mid-term_2041-2060,7.462527,-0.89341855,-0.29103497,-15.487357954545452,-18.401297,-0.3110354010025063,0.04328790726817042,-0.55271184,1.7341013,0.59019804,0.90651447,-0.5352843,-1.557574,0.06332649052478749,-4.0909996,19.58923,-24.090241228070184,1.2621212,2.0239704,-2.9763446,18.579752,4.4348636,36.72183,15.743057,1.4332726,2.0807123,23.690144
114.0,Karoo Hoogland,ssp585,near-term_2021-2040,2.0568216,0.12436705,-0.0065606483,-8.205913576555025,-3.3524454,0.02780388471177951,0.045073621553884745,1.5971823,1.5134895,0.7042675,0.59751356,0.044964075,-0.42991272,0.08254671498760087,-0.5497553,10.305739,-12.417140151515156,0.537153,0.89576024,0.2249447,10.148331,1.8030901,16.016272,7.6331434,0.7154838,0.8166926,9.681663
115.0,Khâi-Ma,ssp126,far-term_2081-2100,7.5003133,-0.39029953,-0.24389078,-0.3717561983471074,-11.915103,-0.1634649122807018,0.018152198678514468,-1.2223576,1.3112069,-0.26534435,0.7965521,-1.0588099,-2.2138512,-0.017032275389408182,-2.6692364,13.657479,-2.1135330578512392,0.58226943,0.66765237,-1.0353675,14.873717,2.9764524,21.384026,11.446836,0.95235246,1.2272502,20.041468
115.0,Khâi-Ma,ssp126,mid-term_2041-2060,6.1363373,-0.51314044,-0.19650434,-0.3191425619834711,-7.6699696,-0.14346491228070182,0.027129471405787177,-0.81365323,0.7579891,0.36363488,0.9654255,-0.75900596,-1.4689776,-0.013921973815421767,-2.8342214,13.846606,-2.033078512396694,0.52969587,0.7434337,-1.0137461,14.495694,2.752816,20.665161,11.247561,0.986478,1.1702724,18.92472
115.0,Khâi-Ma,ssp126,near-term_2021-2040,3.6578124,0.142655,-0.0917317,-0.15811983471074376,-2.5032034,0.04983054226475269,0.03894765322396902,1.3478694,1.7347903,1.0111728,1.0731937,-0.27246255,-0.5756636,0.05480406560992894,-1.2397598,11.017162,-1.1653512396694212,0.16858825,0.4592395,0.5415125,10.79624,2.0332704,14.018799,7.3455024,0.41041768,0.7786848,12.981898
115.0,Khâi-Ma,ssp245,far-term_2081-2100,15.738555,-1.3025826,-0.28982702,-0.5387396694214875,-14.2708235,-0.14202551834130783,0.048541809068124865,0.21530455,3.4113123,1.0779041,2.5454638,-0.25276262,-0.9558937,0.2185607983639162,-6.3658195,24.714571,-3.3826446280991744,1.7583423,2.4166965,-4.6196303,25.9813,7.201631,41.648182,20.863066,1.9134126,2.339556,44.09706
115.0,Khâi-Ma,ssp245,mid-term_2041-2060,9.164314,-1.0604339,-0.33095238,-0.4460743801652892,-11.941047,-0.1752506265664162,0.043238778765094556,-0.39996824,2.1276147,0.80399615,1.769026,-0.41993478,-1.4308212,0.08145418058187244,-4.115331,16.457628,-2.665392561983471,1.0479951,1.491047,-2.4138107,18.051153,4.2345204,28.263962,14.459217,1.2121522,1.5221134,25.777472
115.0,Khâi-Ma,ssp245,near-term_2021-2040,4.4458838,0.19066443,-0.1749135,-0.2553120922140061,-8.570649,-0.1580103668261562,-0.010825074048758267,-0.96108305,0.77046734,-0.59095305,0.11392043,-0.7533352,-1.3278775,0.03707632985357969,-0.9323146,10.252288,-1.585749238799478,0.5133319,0.7934029,0.009151676,11.417614,2.1139288,15.593204,8.303675,0.47182032,0.7274567,13.28486
115.0,Khâi-Ma,ssp370,far-term_2081-2100,28.824553,-1.6889232,-0.46823883,-0.6658976124885216,-28.487024,-0.5613237639553429,0.0032239690134426846,-3.4387264,2.673149,-0.049887832,2.7936163,-1.1053408,-2.9665358,0.09946218069681563,-8.643221,41.672653,-3.9843663911845724,2.5079706,3.2593756,-7.103427,39.46037,13.926692,68.07194,30.15335,2.901848,3.6282854,87.83315
115.0,Khâi-Ma,ssp370,mid-term_2041-2060,11.226949,-1.0814738,-0.2802006,-0.5411501377410469,-11.398465,-0.2649122807017543,-0.012804739120528612,-1.5293887,1.0594484,-0.4926143,0.6314192,-0.7554198,-1.8999035,0.04076373918415952,-5.104096,20.13947,-2.9669421487603302,0.95042086,1.2794122,-2.773104,19.904846,4.8523235,31.270803,16.005104,1.2463781,1.6504761,28.815098
115.0,Khâi-Ma,ssp370,near-term_2021-2040,4.7679753,-0.16695355,-0.16070294,-0.4049127640036731,-6.42611,-0.07854864433811813,0.05836750968329914,0.65332884,1.8255919,1.4497899,1.768772,-0.08377986,-0.62890667,0.07478831504520081,-1.736914,11.748413,-1.9041896235078049,0.35781458,0.50614685,0.12773857,11.328729,2.1537125,15.509944,8.388076,0.49024093,0.7800052,12.121411
115.0,Khâi-Ma,ssp585,far-term_2081-2100,38.204575,-1.7082645,-0.72088754,-0.6909090909090909,-36.365395,-0.6591250854408749,0.005359990886306671,-4.3080616,4.970277,-0.19074397,4.4757385,-1.6635239,-4.266826,0.13739024022065963,-9.203768,50.12359,-4.218285123966942,3.49908,4.6370935,-8.269824,47.41505,18.162518,84.871284,35.072605,3.752853,4.522767,120.68364
115.0,Khâi-Ma,ssp585,mid-term_2041-2060,13.082279,-1.357128,-0.38495675,-0.5711124401913875,-17.055187,-0.29397357028935994,0.04129072681704257,-1.1062165,2.5580146,0.7409028,2.2908976,-0.5022043,-1.8526305,0.09686621537430834,-5.683321,21.920172,-3.227212918660286,1.458489,2.1387582,-3.7878535,22.809729,6.1741138,37.11055,18.414328,1.5156025,2.0115187,36.89706
115.0,Khâi-Ma,ssp585,near-term_2021-2040,4.9093366,-0.3438777,-0.13181823,-0.3235102218355806,-5.128388,-0.052956254272043764,0.04551150603782181,0.8718183,2.0678203,1.3698246,1.7967964,-0.020323753,-0.57614535,0.09677124770777844,-1.7251061,11.659689,-1.94758590691605,0.73494226,0.99456024,-0.30915755,12.360821,2.519476,17.303003,9.305289,0.7469461,0.900567,14.366974
116.0,Ubuntu,ssp126,far-term_2081-2100,3.8530755,-0.28219694,-0.14444333,-6.526583333333334,-17.570919,-0.44220050125313254,0.07017335004177111,1.2929384,1.7593614,1.738816,0.9882134,0.34502017,0.8474665,0.06329247126150958,-1.120828,13.255336,-11.53954545454545,0.4754228,0.38432434,-1.0455482,14.871019,2.265685,26.272444,11.424127,1.0209091,1.5384114,18.914244
116.0,Ubuntu,ssp126,mid-term_2041-2060,4.2991576,-0.41703025,0.08597328,-5.906166666666666,0.8293081,0.1662994987468673,0.21425668337510448,6.4216228,2.2025557,3.0871341,1.0833465,0.7794702,1.9423777,0.21048795709817206,-1.1163937,12.734667,-10.95796212121212,0.37077346,0.33630747,-0.52855814,13.179585,1.9860183,21.367943,9.787173,0.96795326,1.3110021,16.25477
116.0,Ubuntu,ssp126,near-term_2021-2040,2.0213256,0.34288645,0.15372321,-3.3636666666666666,2.3621042,0.12454949874686733,0.19809001670843784,5.469985,1.9081503,1.5093578,0.54501235,0.47783965,1.297715,0.11864670795914141,0.19748189,9.720645,-6.295795454545455,0.13480136,0.031144269,0.9497008,9.89578,1.3116851,14.657777,6.291461,0.4091693,0.8618604,11.104594
116.0,Ubuntu,ssp245,far-term_2081-2100,9.530535,-1.0630302,-0.017998902,-11.243030303030304,-13.123309,-0.13305764411027585,0.2295781119465329,7.2838507,3.6366394,4.0909777,1.737959,1.1603237,2.1097765,0.2666980535207474,-4.541029,25.100872,-22.571363636363635,1.4852839,2.3922312,-3.8537054,24.427683,6.215387,45.71823,18.984419,1.9027864,2.7033682,37.969128
116.0,Ubuntu,ssp245,mid-term_2041-2060,5.713551,-0.54189384,-0.01871338,-8.285606060606062,-7.962671,-0.1283751044277358,0.21799081035923137,6.241418,2.7916806,2.811966,1.1257231,1.1534581,1.7073911,0.21830029533080972,-2.2678878,16.183273,-16.05909090909091,0.8841321,1.4903195,-1.6302842,16.70578,3.234988,29.139969,12.751893,1.0743023,1.7275965,21.67858
116.0,Ubuntu,ssp245,near-term_2021-2040,2.6573272,0.44273132,0.033556573,-4.187559808612439,-2.7856348,-0.05161716791979929,0.1700066833751044,6.553952,2.585009,3.5788496,1.275621,1.1964461,1.5866071,0.19662820984749213,0.46139285,9.411804,-8.275885167464114,0.3456858,0.694964,0.7682348,10.065343,1.3591025,14.432328,6.7229543,0.489786,0.8035403,10.512043
116.0,Ubuntu,ssp370,far-term_2081-2100,19.203339,-1.3775673,-0.09437327,-14.777685185185184,-25.312492,-0.5855513784461154,0.21328738512949047,7.6188054,4.6655374,5.0454717,2.4377165,1.262164,1.1798784,0.38478156936257335,-7.027224,38.92338,-30.635471380471376,2.1162975,3.0706036,-6.169063,36.174553,12.04524,71.0302,26.770092,2.947464,4.28355,72.08329
116.0,Ubuntu,ssp370,mid-term_2041-2060,6.9724617,-0.7772895,-0.012355741,-8.868055555555555,2.4733021,0.1669047619047621,0.3547786131996659,10.97886,3.726263,5.478307,1.874716,1.8363285,2.511363,0.2646796954105322,-2.7557678,18.037176,-16.545471380471376,0.6967754,0.99395657,-1.7263896,17.790245,3.3683887,30.603436,13.599801,1.2850906,1.971466,23.1719
116.0,Ubuntu,ssp370,near-term_2021-2040,2.1790407,-0.2291414,0.13088992,-4.391296296296296,0.08729096,0.04330827067669188,0.2511821219715957,6.8429646,2.4661798,3.6759634,1.3128898,0.92682594,2.1881158,0.15994409413057606,-0.01892783,10.001591,-7.448063973063972,0.25390008,0.17401041,0.85144293,10.166964,1.4127406,15.3774185,6.7729497,0.54165155,0.94224304,10.774492
116.0,Ubuntu,ssp585,far-term_2081-2100,25.377045,-1.3708333,-0.22291964,-16.586666666666666,-34.326584,-0.7371846282372592,0.23053049289891397,5.776002,5.0453243,4.4945483,2.5651543,0.88674504,1.8325651,0.40417638903305236,-7.996002,47.49878,-35.373106060606055,2.9568896,4.7006826,-7.4838786,44.272358,16.748245,90.2308,31.961721,3.7781878,5.268075,100.54707
116.0,Ubuntu,ssp585,mid-term_2041-2060,8.534347,-0.93212914,-0.08974506,-10.045143540669859,-10.4372,-0.1250417710944022,0.26656223893066,7.980365,3.5605056,3.995939,1.631758,1.0390201,2.0441375,0.26132440288033165,-3.5684495,21.40134,-19.511877990430623,1.1851207,2.0108147,-2.7742894,21.041218,5.0028267,38.967888,16.113075,1.4174577,2.3303974,30.68858
116.0,Ubuntu,ssp585,near-term_2021-2040,2.3877573,-0.00667059,0.0774772,-5.392950558213715,2.2911525,0.27995822890559713,0.22180033416875528,6.797303,2.4008749,3.226198,1.1735764,0.8643961,1.4356264,0.2067677262184447,-0.2804915,10.996941,-10.435091706539072,0.56112736,0.83369964,0.37115198,11.389294,1.8636084,17.515875,8.044546,0.7064021,0.952138,12.001675
117.0,Umsobomvu,ssp126,far-term_2081-2100,5.9746876,-0.36880162,-0.22338495,-5.836549586776861,-14.3782015,0.009460013670539814,0.2357911825017088,5.9362006,2.148002,2.9654353,1.0016336,0.6067094,1.9544317,0.17062110215591647,-0.66229004,13.338024,-10.161466942148762,0.38236025,0.4590175,-1.0928336,15.635866,2.2295597,26.644396,11.645671,0.845557,1.7702537,22.618147
117.0,Umsobomvu,ssp126,mid-term_2041-2060,6.4519606,-0.34425622,0.018433006,-5.037004132231406,3.2314315,0.422869104579631,0.36124572795625415,10.263231,2.4359863,5.538528,1.4426796,1.0979289,3.3357918,0.209822482876358,-0.56577736,12.523399,-9.186012396694217,0.2747868,0.29641378,-0.5372397,13.572955,1.8325142,21.113253,10.0193615,0.7912352,1.3705077,19.097334
117.0,Umsobomvu,ssp126,near-term_2021-2040,4.991962,0.3982438,0.07911496,-2.8774586776859508,-0.90882456,0.041960013670540613,0.17601845522898152,4.764538,1.328554,2.6182919,0.7248046,0.6124514,2.3258994,0.10208624093177229,0.5668922,9.474848,-5.227603305785125,0.045707855,-0.02307285,0.9464077,10.302075,1.2775142,14.626895,6.5235705,0.28763846,0.9388535,13.668626
117.0,Umsobomvu,ssp245,far-term_2081-2100,10.90369,-1.1154958,-0.039997794,-10.627272727272727,-8.853962,-0.011881977671450756,0.39699248120300756,11.44034,3.3102512,6.496513,1.7773422,1.2189635,3.443393,0.2577447057472595,-4.162984,25.843313,-20.592148760330588,1.4829966,2.3862045,-3.9458008,25.799658,6.2771854,47.247314,19.55267,1.7822316,2.9607818,45.85123
117.0,Umsobomvu,ssp245,mid-term_2041-2060,6.512565,-0.6086776,-0.0021188476,-7.578305785123968,-6.456027,0.12188425609478205,0.308464342674869,10.66591,3.0231407,6.636093,1.8339539,1.6621274,3.3438666,0.26767876378704486,-1.7313634,16.27964,-14.319421487603307,0.85363394,1.4470456,-1.6881065,17.642872,3.0566878,29.768633,13.074586,0.9853767,1.8857269,26.428709
117.0,Umsobomvu,ssp245,near-term_2021-2040,4.7433248,0.6251523,-0.0681578,-3.5282187907786007,-4.036557,-0.057358168147640984,0.19670027341079965,8.09984,2.296704,5.1450753,1.4302034,1.1191585,1.5993257,0.16677230182365504,0.99559975,9.0211,-6.87124836885603,0.30037177,0.611879,0.81121165,10.384804,1.2171632,14.355374,6.9015317,0.39427692,0.93466085,12.525838
117.0,Umsobomvu,ssp370,far-term_2081-2100,19.204111,-1.4837006,-0.017463945,-14.290564738292012,-19.305733,-0.41527682843472374,0.44542036910457966,13.8339205,4.2636347,9.455463,2.7068164,1.8674656,3.3440676,0.4017872835715394,-6.5583115,40.187286,-28.06664370982553,2.0735323,3.0954797,-6.2119145,38.55908,12.552968,75.50669,27.598543,2.816125,4.841425,87.73257
117.0,Umsobomvu,ssp370,mid-term_2041-2060,7.83976,-0.6347107,0.09162695,-8.123898071625346,7.5250382,0.42587149692412946,0.531784005468216,16.569084,3.8308785,10.090516,2.4780366,1.7965275,4.607171,0.3000704948818354,-2.173631,18.238817,-14.591643709825531,0.65127695,0.9268393,-1.7636961,18.901333,3.2893324,31.366035,14.140482,1.1505452,2.153414,28.308327
117.0,Umsobomvu,ssp370,near-term_2021-2040,4.207224,0.38195595,0.11698563,-3.899655647382922,-0.5781278,0.13807245386192754,0.277717019822283,8.212936,2.007482,5.2128124,1.351726,0.9739784,1.9468398,0.15981638717204436,0.42914537,10.104861,-6.3272497704315915,0.2722547,0.1329181,0.6733019,10.9345665,1.3888273,15.875128,7.275535,0.4031311,1.0500973,13.401255
117.0,Umsobomvu,ssp585,far-term_2081-2100,24.040056,-1.5646694,-0.18934831,-16.21942148760331,-27.301868,-0.3562542720437456,0.39569377990430615,11.189681,4.4148626,7.9690304,2.665826,1.7169689,3.3994722,0.41794186957890583,-7.7018795,48.980995,-32.73760330578512,2.9430509,4.821763,-7.4623437,46.319977,17.339539,95.51428,32.460293,3.6719265,5.871416,115.30641
117.0,Umsobomvu,ssp585,mid-term_2041-2060,9.312352,-0.9157024,-0.05103649,-9.21844280121792,-6.094244,0.1948279790385061,0.4701526543631806,12.445637,3.428451,7.8632474,2.1179843,1.1659989,3.2469823,0.30631545928853643,-3.069207,21.744688,-17.62369508481949,1.1188551,2.0396001,-2.8201792,21.93522,4.944106,39.310177,16.391926,1.3370957,2.5082262,36.495808
117.0,Umsobomvu,ssp585,near-term_2021-2040,2.530317,0.0010547854,-0.018136112,-4.654762940408875,-0.26529485,0.4500227842333103,0.25456823877876505,6.652572,1.7183139,3.0823607,0.7999496,0.4772025,1.9004108,0.1908437580452091,0.22723804,10.974358,-8.920954762940413,0.48663333,0.8148918,0.3271429,12.174173,1.7648652,17.783298,8.344615,0.53654665,1.0897092,14.418101
118.0,Emthanjeni,ssp126,far-term_2081-2100,5.0101557,-0.44915912,-0.22375956,-5.175840909090909,-18.461397,-0.37722023809523797,0.0815169172932331,1.0351775,1.4382387,1.3607894,0.7444956,0.115101434,1.0626059,0.09806768366440073,-1.0097337,13.649047,-9.992193181818182,0.43228498,0.51975316,-1.1072145,16.393663,2.393826,26.97493,12.005732,0.9131298,1.6271851,25.651041
118.0,Emthanjeni,ssp126,mid-term_2041-2060,4.685031,-0.40928409,0.118615605,-4.626090909090909,2.0175865,0.28602976190476254,0.298391917293233,8.822894,2.6744094,4.2300086,1.3502821,1.1602805,3.1621273,0.22027735657212927,-0.96642333,12.84267,-9.245193181818179,0.3590626,0.41450825,-0.5415888,14.215175,1.952201,21.62918,10.349766,0.88024604,1.3507462,21.27775
118.0,Emthanjeni,ssp126,near-term_2021-2040,3.2251515,0.2899659,0.18174057,-2.5633409090909094,1.0377114,0.08340476190476229,0.19951691729323323,5.198597,1.7594473,2.0948908,0.6933783,0.6977035,2.4476566,0.12315361045528439,0.25214824,9.828957,-5.35256818181818,0.11484915,0.09139357,0.9257647,10.644071,1.3134509,14.739181,6.7123055,0.31710023,0.88286686,14.758672
118.0,Emthanjeni,ssp245,far-term_2081-2100,10.818451,-1.120341,0.0719548,-8.650681818181818,-11.799982,-0.1334523809523805,0.29033834586466173,8.428685,3.4494896,5.0137725,1.8009045,1.2353209,3.3769763,0.2836240681452909,-4.317298,26.045422,-18.697272727272722,1.514649,2.5207057,-3.9319053,26.996841,6.6426854,47.34156,19.968815,1.8131709,2.8545327,50.695168
118.0,Emthanjeni,ssp245,mid-term_2041-2060,6.7370224,-0.3435227,-0.018045258,-6.196704545454546,-7.9896674,-0.08547619047618978,0.2031954887218045,6.473234,2.5489905,3.981454,1.4231145,1.3270317,2.6666057,0.2619581996247203,-1.8291543,16.315876,-12.881704545454545,0.8567481,1.5189081,-1.6902232,18.311226,3.2100418,30.29364,13.408451,1.0406331,1.7979448,29.063692
118.0,Emthanjeni,ssp245,near-term_2021-2040,4.053279,0.79888755,-0.0038844347,-2.9698205741626795,-3.9849403,-0.023220238095237856,0.15301691729323313,6.0041366,2.2131367,3.3416739,1.0831846,1.0566005,2.1270564,0.19911499633885202,0.8255932,9.258052,-6.484425837320572,0.3474468,0.6984671,0.66670024,10.930125,1.3149555,15.032006,7.144798,0.43201816,0.8839365,14.274098
118.0,Emthanjeni,ssp370,far-term_2081-2100,20.971512,-1.5563258,-0.02428577,-11.63145202020202,-22.473595,-0.532568922305764,0.22400375939849632,7.6823654,3.835258,5.96789,2.3436718,1.5027351,2.5949512,0.41298326254749645,-6.953249,40.788383,-25.537234848484847,2.1670384,3.2747781,-6.321587,39.931187,12.776923,75.576775,28.159933,2.9265194,4.524227,94.72818
118.0,Emthanjeni,ssp370,mid-term_2041-2060,7.794403,-0.83604795,0.07439844,-7.09784090909091,5.2631083,0.21690476190476243,0.41426691729323323,12.456205,3.6379118,7.558242,2.3098109,1.6342758,4.247758,0.28694769270107584,-2.6606343,18.492811,-14.078901515151514,0.70932853,1.0387294,-1.8415686,19.581507,3.4574788,31.918716,14.368274,1.1900712,2.117948,31.109009
118.0,Emthanjeni,ssp370,near-term_2021-2040,2.6004558,-0.08799242,0.19847736,-3.6874242424242434,-0.15224,0.0905889724310784,0.213609022556391,6.117309,1.857878,3.8228178,1.2114779,0.96002614,2.3547902,0.16008188436740167,0.07924318,10.192443,-6.386262626262623,0.3097181,0.22656193,0.6991875,11.186292,1.4215065,16.549692,7.3757625,0.463774,0.95512027,14.392064
118.0,Emthanjeni,ssp585,far-term_2081-2100,26.283693,-1.6029545,-0.1763784,-12.966477272727275,-31.624853,-0.6170238095238091,0.20867167919799506,5.0476727,4.033164,4.369927,2.175143,0.9193841,2.7203214,0.41284289749477676,-7.9654694,49.758472,-29.382727272727266,3.0788658,4.9943495,-7.579458,48.258232,17.824587,95.41182,33.1552,3.7891169,5.6063247,125.92322
118.0,Emthanjeni,ssp585,mid-term_2041-2060,10.125832,-1.0460227,-0.16625956,-7.900526315789473,-9.028962,0.02738095238095344,0.3017669172932332,8.52713,3.3132281,4.7314,1.6921985,1.0730336,2.7280445,0.2931779828666611,-3.5208743,22.3822,-16.55403110047847,1.1907082,2.138172,-2.9029682,23.0332,5.336394,40.03716,16.88915,1.3815382,2.4089167,41.195118
118.0,Emthanjeni,ssp585,near-term_2021-2040,1.3326181,-0.076836154,0.09933589,-4.353068181818183,1.4364738,0.3060714285714292,0.20248120300751887,5.3683767,1.6232255,3.446952,1.112949,0.8385161,2.444481,0.22276951153511063,-0.27928686,11.415044,-9.009180622009568,0.59663075,0.8907153,0.34202772,12.433204,1.9396052,17.998756,8.637258,0.6210053,0.99807835,16.049643
119.0,Kareeberg,ssp126,far-term_2081-2100,5.074755,-0.1764074,-0.26582903,-5.968986013986013,-18.553768,-0.5184362348178139,-0.052275641025641056,-2.041742,0.68431294,-0.15544544,0.49269646,-0.1986401,-0.58005613,0.005971426876575045,-1.2677948,13.013171,-10.627167832167832,0.45149297,0.52864605,-0.9843203,15.897574,2.3312266,26.022045,11.885792,1.0125722,1.4300003,24.355982
119.0,Kareeberg,ssp126,mid-term_2041-2060,4.788603,-0.39765736,0.016574841,-5.681101398601399,-2.285561,0.15348684210526312,0.10349358974358973,2.6537035,1.3127096,1.4146204,0.72315735,0.120398745,1.0337651,0.15819853877051063,-1.3198076,12.641681,-10.270148601398601,0.35880035,0.52206993,-0.5151115,14.309312,2.0875726,21.75281,10.410287,0.96181995,1.2889171,20.649807
119.0,Kareeberg,ssp126,near-term_2021-2040,3.1618729,0.3128234,0.10945944,-3.1606206293706296,2.020921,0.1346406882591093,0.14916666666666661,3.91427,1.6591066,1.3708174,0.59715563,0.31648284,1.0063112,0.1331949704444662,-0.026356807,9.727919,-5.903225524475524,0.09320642,0.1405903,0.97183955,10.451115,1.3964188,14.458294,6.735372,0.39507264,0.8361202,13.581993
119.0,Kareeberg,ssp245,far-term_2081-2100,14.346043,-1.220979,-0.10577403,-10.565297202797202,-13.859561,-0.17064777327935227,0.08983516483516477,3.0620713,2.7917755,1.8554809,1.3322616,0.59986657,1.0499972,0.28669569867390393,-4.9282784,25.550797,-20.964685314685312,1.5873479,2.585763,-4.0507526,26.805923,6.839073,46.130398,20.153074,1.9386884,2.693462,50.316406
119.0,Kareeberg,ssp245,mid-term_2041-2060,7.302544,-0.5730769,-0.15000494,-7.879982517482516,-9.329415,-0.18859649122807048,0.07527472527472522,1.9234004,1.7160357,1.5353302,1.0078735,0.6143841,1.153819,0.20182435559473758,-2.726399,16.594408,-15.054458041958041,0.982894,1.588808,-1.8133627,18.355192,3.5205097,30.317013,13.733601,1.1527091,1.7156901,28.907518
119.0,Kareeberg,ssp245,near-term_2021-2040,3.051776,0.37554282,-0.08525216,-4.389607103422891,-4.160031,-0.021224696356275354,0.054070512820512825,2.2106295,1.4668304,1.0050188,0.6382405,0.47068113,1.0938827,0.16860054444961803,-0.054398756,9.841582,-8.074489326463011,0.4704441,0.83620125,0.57221925,10.973528,1.4974656,15.50715,7.457709,0.4812833,0.8193606,14.110627
119.0,Kareeberg,ssp370,far-term_2081-2100,25.30376,-1.5723583,-0.16783306,-13.68108003108003,-23.382069,-0.5035425101214576,0.057962213225371095,2.2273865,3.3283916,2.144712,1.8334832,0.66475135,0.94220835,0.37636238619387663,-7.373514,40.077778,-28.384090909090904,2.247032,3.327107,-6.452517,39.74868,12.900308,73.61269,28.594355,3.050155,4.19517,93.1983
119.0,Kareeberg,ssp370,mid-term_2041-2060,10.283922,-0.93411034,-0.13756981,-8.572426184926185,-1.2845635,-0.016194331983805717,0.1591767881241566,5.570084,2.777876,2.9076085,1.4452776,1.0139031,1.3425,0.2147334379878002,-3.302655,18.525702,-15.990180652680653,0.80588067,1.1378405,-2.0688047,19.515545,3.7312906,32.229145,14.717568,1.2959542,1.9257327,30.879068
119.0,Kareeberg,ssp370,near-term_2021-2040,3.9007242,-0.36477277,0.085810915,-4.314733877233879,-1.5604682,-0.044534412955466,0.14024966261808364,3.561251,1.8312236,2.7511523,1.3127116,0.54160374,1.2391878,0.14171164899607108,-0.44502112,10.121093,-7.108129370629371,0.252938,0.26208407,0.5903095,11.0525675,1.4741325,16.576262,7.4417987,0.5368217,0.8893886,13.957061
119.0,Kareeberg,ssp585,far-term_2081-2100,32.741096,-1.5369755,-0.28498653,-15.11678321678322,-31.736443,-0.6970213996529787,0.0953296703296703,1.7758192,4.332224,2.8972154,2.9145694,0.3313771,1.1117904,0.3975568530469013,-8.269278,48.926296,-32.45594405594406,3.1876054,5.060283,-7.7554774,48.310074,17.595596,92.55977,33.665848,3.9562094,5.243508,127.493416
119.0,Kareeberg,ssp585,mid-term_2041-2060,10.804469,-1.0673077,-0.25302684,-9.421857747515643,-11.542055,-0.18575766338924193,0.1134615384615384,3.0202644,2.4358444,1.8238491,1.2106513,0.11309837,0.8326994,0.2193167492291655,-4.055438,22.023027,-18.255378174457118,1.2861041,2.1393101,-2.993022,23.224352,5.5728655,39.736748,17.325249,1.5218948,2.27177,41.338104
119.0,Kareeberg,ssp585,near-term_2021-2040,2.5841372,0.19778249,0.043493398,-5.313001472211999,-1.9329535,0.05609215346057455,0.0778388278388278,2.7908578,1.6850278,1.73589,1.0220712,0.36837012,0.5703822,0.14769919142569748,-0.6645655,11.2437725,-9.844562016930439,0.6464566,0.9174929,0.23493531,12.434223,1.9796789,18.069294,8.739501,0.7156663,0.9394712,16.218142
120.0,Renosterberg,ssp126,far-term_2081-2100,4.8931746,-0.42594156,-0.2831812,-4.737305194805194,-19.58373,-0.29776226279985757,0.14335302542069456,2.5569654,1.9373798,1.1117641,0.65859205,0.2612351,0.99767303,0.11400379607698355,-0.79379314,13.868715,-8.956266233766232,0.33142772,0.4811039,-1.1546477,17.01421,2.465805,27.342903,12.380388,0.8610412,1.728344,29.346813
120.0,Renosterberg,ssp126,mid-term_2041-2060,4.942101,-0.17165603,-0.013895103,-4.2030194805194805,0.60522026,0.277594880057286,0.29942445399212325,10.04145,2.876852,3.5136461,1.0932251,1.0276928,2.8649898,0.20482680998484984,-0.686747,12.905796,-8.023051948051945,0.27399486,0.31946728,-0.6064998,14.657499,1.9293764,21.817183,10.674002,0.8398383,1.4057127,24.356964
120.0,Renosterberg,ssp126,near-term_2021-2040,3.1263847,0.5012013,0.012176105,-2.3265909090909083,-1.1619481,-0.01919083422842936,0.18799588256355176,5.753724,1.8179239,2.1889448,0.69367725,0.90818757,3.100217,0.11657875409763552,0.50218856,9.778533,-4.454837662337663,0.013325862,-0.032410484,0.81830215,11.052865,1.3179477,14.987543,6.9270353,0.28779194,0.9257818,17.337791
120.0,Renosterberg,ssp245,far-term_2081-2100,10.471337,-1.1814935,-0.022126539,-8.187662337662337,-11.907737,-0.14538131041890537,0.3187611886860008,9.811168,3.5578957,4.147301,1.3084828,0.9469501,3.251061,0.237077628520391,-4.3035355,26.984314,-17.514935064935063,1.4955001,2.5048542,-4.0870495,28.253155,6.8047166,48.428123,20.645172,1.7827814,2.9934032,57.72136
120.0,Renosterberg,ssp245,mid-term_2041-2060,6.523036,-0.35779232,-0.05205856,-5.88051948051948,-9.367689,-0.053204439670606236,0.26195846759756536,8.393377,3.1307702,4.7285256,1.5791235,1.6730213,3.1114964,0.25375243592740493,-1.7325704,16.734272,-11.934090909090907,0.8339108,1.4354842,-1.8138438,19.17278,3.2557075,30.952808,13.878071,1.0502918,1.8433669,34.119316
120.0,Renosterberg,ssp245,near-term_2021-2040,5.033887,0.92612773,-0.092466965,-2.701349965823649,-6.2303643,-0.11597654851414278,0.2497815968492661,7.486947,2.5876963,3.7955163,1.2569116,1.3790338,2.2415047,0.16620021793582485,1.0288197,9.284974,-5.767190704032807,0.27671573,0.576743,0.6084762,11.320139,1.2821257,15.48924,7.463782,0.39346614,0.9598023,16.44359
120.0,Renosterberg,ssp370,far-term_2081-2100,21.59626,-1.6362194,-0.013068472,-10.902344877344877,-23.594652,-0.6252058718224139,0.22993197278911567,7.0936747,3.3713386,6.76393,2.4605906,1.6104997,2.998726,0.35555997334108774,-6.789664,41.789387,-23.565909090909088,2.1239495,3.185206,-6.4711304,41.82192,13.128543,78.11612,29.143309,2.9455523,4.7368712,107.176346
120.0,Renosterberg,ssp370,mid-term_2041-2060,6.910544,-0.67074317,0.12715748,-6.408297258297259,4.7458367,0.1274257071249542,0.4393304690297173,14.188761,3.8527706,7.3044705,2.0388403,1.46718,4.330662,0.2560981293579694,-2.3727071,18.738775,-12.605988455988454,0.63393337,0.9155058,-1.9783524,20.552572,3.505527,32.901047,14.954884,1.1402903,2.1995108,35.560474
120.0,Renosterberg,ssp370,near-term_2021-2040,2.634229,0.3871933,0.074901305,-3.305916305916306,-1.6793431,0.052237737200142575,0.27429287504475475,8.585921,2.402848,4.3651047,1.2375301,1.3014104,2.586119,0.1799752606295652,0.38286495,10.231978,-5.367099567099564,0.21585386,0.14161518,0.5582086,11.75139,1.4467969,17.04152,7.868991,0.4223269,1.000873,16.816425
120.0,Renosterberg,ssp585,far-term_2081-2100,26.534264,-1.7724026,-0.23947369,-12.348376623376623,-30.738499,-0.527694235588972,0.22352309344790552,5.373391,3.7502456,3.667427,1.6857632,0.8825509,2.4945848,0.3760881250096286,-7.9707804,51.177822,-27.478246753246747,3.1126432,5.0116076,-7.6762495,50.159954,18.189474,97.89177,33.95274,3.8265574,5.8567896,139.87952
120.0,Renosterberg,ssp585,mid-term_2041-2060,9.763172,-1.0074675,-0.21396351,-7.339456596035542,-8.779968,0.06142141066953017,0.3507339778016471,10.637459,3.694956,5.985429,1.9703665,1.1569233,3.204623,0.26757580776664003,-3.3881323,22.775764,-15.209313055365683,1.1155944,2.1317098,-3.0225346,24.003448,5.4794774,40.771515,17.384884,1.3997145,2.486735,46.82748
120.0,Renosterberg,ssp585,near-term_2021-2040,0.5305214,0.1502905,0.054744106,-3.959176349965823,-1.5123814,0.3134622269960608,0.19699248120300752,5.577155,1.7305597,2.42718,0.75793815,0.73094285,2.2434769,0.18153842870740508,-0.036263738,11.48887,-7.941319207108679,0.5283338,0.84121674,0.27842098,13.131981,1.9104238,18.623583,8.95414,0.553472,1.0709561,18.716936
121.0,Thembelihle,ssp126,far-term_2081-2100,5.575261,0.050584283,-0.42782727,-4.600746753246754,-22.868526,-0.5830571965628357,0.0902161654135339,0.53722847,1.811148,1.9767429,1.1285069,0.38752815,0.55147415,0.08277540397639623,-0.6354647,13.87212,-8.356038961038962,0.23905505,0.5134931,-1.1611286,18.255098,2.4403245,28.204361,13.167409,0.91094226,1.6988924,33.635983
121.0,Thembelihle,ssp126,mid-term_2041-2060,4.358832,0.6232629,-0.09229159,-3.913246753246754,-4.3344445,0.06265708915144977,0.23503759398496235,6.5105634,2.5404084,2.8954983,1.1177026,0.8476105,2.353932,0.15845032083049487,-0.44313398,12.8865795,-7.220503246753245,0.17544554,0.36411053,-0.61381483,15.74899,1.8821104,23.040615,11.429835,0.91022927,1.4468695,28.38711
121.0,Thembelihle,ssp126,near-term_2021-2040,4.4306154,1.3464774,-0.06300586,-2.2298538961038967,-3.4660633,-0.18448576799140756,0.17557330827067666,4.5978136,1.8677036,2.4946685,0.95384985,1.1764059,2.5639324,0.11236829354671192,0.6620096,9.883922,-4.1915746753246745,-0.016533239,-0.034067836,0.7707221,11.700744,1.2887176,15.632579,7.6581745,0.34320852,0.9092143,19.595005
121.0,Thembelihle,ssp245,far-term_2081-2100,12.800082,-1.1420455,0.059953418,-8.681980519480522,-13.714938,-0.2131847475832438,0.2196294307196563,6.6650367,3.1679316,4.5822678,1.7209817,1.0968463,2.6759734,0.22572960111983725,-4.487025,27.440178,-17.459090909090907,1.5017648,2.6802878,-4.042464,30.187195,7.0159774,50.0292,21.519505,1.8390504,3.0149493,66.35701
121.0,Thembelihle,ssp245,mid-term_2041-2060,7.9834146,0.14853898,-0.1650469,-6.080357142857145,-13.244517,-0.2577425707124946,0.1315341926244182,4.562473,2.5126302,3.169968,1.327277,1.349322,2.2434335,0.18294892535591512,-1.7801353,16.942001,-11.794642857142858,0.8745011,1.5173967,-1.7924378,20.277237,3.2803571,32.103832,14.614079,1.1099713,1.8700646,38.61441
121.0,Thembelihle,ssp245,near-term_2021-2040,5.3432937,1.5182246,-0.065327235,-3.131553315105947,-10.307281,-0.298950053705693,0.16682330827067665,4.5971003,2.3521893,2.1845083,0.9559924,1.1400632,1.8494517,0.10890733516039187,0.9328247,9.673668,-5.89008031442242,0.31315786,0.7126969,0.47970682,12.117881,1.3088213,16.887882,8.100118,0.40405613,0.9384349,19.130667
121.0,Thembelihle,ssp370,far-term_2081-2100,24.88128,-1.6786616,-0.11093797,-11.121699134199133,-24.923973,-0.6984425349087005,0.19680451127819545,5.1015863,3.3276236,6.2559786,2.6019049,1.6336471,2.515884,0.3022463040115041,-6.882528,42.544785,-23.13703102453102,2.1758585,3.3654978,-6.5162,44.363926,13.138618,81.875656,30.212666,3.111841,4.6149187,120.65511
121.0,Thembelihle,ssp370,mid-term_2041-2060,9.410418,-0.18382046,0.08229511,-6.501659451659451,2.6862552,0.10118152524167526,0.35939849624060144,10.819375,3.4737616,6.717774,2.2107773,1.6182852,3.7239773,0.24174909868413483,-2.3977642,18.958708,-12.251713564213562,0.6416424,0.98791736,-2.1179545,21.97489,3.487031,34.623264,15.955096,1.1881864,2.1372523,41.865433
121.0,Thembelihle,ssp370,near-term_2021-2040,4.1096683,0.584632,0.008610521,-3.4248737373737375,-5.002912,-0.09317937701396328,0.19812030075187964,4.8458834,1.858629,3.0760229,1.0768154,1.3382356,1.8785313,0.13683142332096818,0.3388206,10.403908,-5.5602453102453095,0.23518194,0.15759672,0.545412,12.540884,1.3531024,18.30641,8.522113,0.471528,0.9954905,19.454123
121.0,Thembelihle,ssp585,far-term_2081-2100,29.490046,-1.9087663,-0.34293777,-12.744967532467536,-30.68583,-0.7279806659505911,0.15364303616183314,4.2523975,3.900016,4.338941,2.1971757,1.2799245,2.813869,0.36448466326649104,-8.094896,51.79858,-27.174188311688308,3.2647345,5.225883,-7.712491,53.11041,18.41185,102.616486,34.93078,3.9660256,5.823646,156.94162
121.0,Thembelihle,ssp585,mid-term_2041-2060,11.554847,-0.5643968,-0.29123703,-7.446804511278197,-10.726607,-0.006552094522019785,0.24241854636591473,6.2744093,2.8760028,3.990623,1.6073921,1.0559112,2.9482358,0.2524946663457762,-3.3923542,23.111706,-14.71357655502392,1.128524,2.2152703,-3.0530634,25.75489,5.5048356,42.4022,18.443914,1.4818802,2.5057123,54.93465
121.0,Thembelihle,ssp585,near-term_2021-2040,2.792597,0.5742138,0.0604636,-4.138354408749147,-5.1661963,-0.03257250268528468,0.09411922663802363,1.9998826,1.0693686,1.5307665,0.65921855,0.5294045,1.2037926,0.11649615351754251,-0.022475583,11.697513,-7.650734791524264,0.57802266,0.9145017,0.2226566,13.989649,1.9365431,19.494734,9.662616,0.6224774,1.1098404,21.66135
122.0,Siyathemba,ssp126,far-term_2081-2100,5.690014,-0.40133113,-0.40571696,-4.513354978354979,-22.118082,-0.645381012053944,0.025347296813462178,-1.0149698,1.5937908,0.03287924,0.6098694,-0.34089243,-0.9417952,0.04170253590098322,-1.1436145,13.522537,-8.567099567099566,0.26964077,0.6586711,-1.0342933,18.086802,2.5105097,26.730988,12.98938,0.9679665,1.5526147,32.220253
122.0,Siyathemba,ssp126,mid-term_2041-2060,3.8069165,-0.23656924,-0.043455146,-4.005140692640692,-4.9061027,-0.007404821577753488,0.15987110633727178,3.995096,2.0454457,1.5666848,0.79257476,-0.19009009,1.2394749,0.13449887390109908,-1.0480503,12.779645,-7.906504329004329,0.237049,0.5945081,-0.54019743,15.829668,1.9792002,22.04694,11.409258,0.9720722,1.3498597,26.914112
122.0,Siyathemba,ssp126,near-term_2021-2040,3.0300105,0.4484309,0.07606881,-2.440497835497835,-1.4812404,-0.17871434538727726,0.18618063014679556,4.5112333,2.1452034,1.8041646,0.84017575,0.2943592,1.5923033,0.08564341675454153,0.12082241,9.879902,-4.677575757575758,-0.019745555,0.21627027,0.89020526,11.538225,1.3267003,14.8181305,7.571448,0.37206373,0.8663942,17.865366
122.0,Siyathemba,ssp245,far-term_2081-2100,14.134811,-1.4762987,-0.013659136,-8.254112554112554,-15.016381,-0.29344790547798033,0.16510920157536702,5.4206653,3.6226401,2.2800937,1.3315241,0.6929727,2.2804022,0.2673306779962261,-5.089302,27.35837,-17.269805194805194,1.5871501,2.857676,-4.034427,30.219467,7.3501477,47.682632,21.53536,1.9119747,2.8826995,65.0706
122.0,Siyathemba,ssp245,mid-term_2041-2060,7.87835,-0.6979437,-0.16660687,-6.148593073593075,-12.721621,-0.3478696741854631,0.10150375939849618,2.3363376,2.1009908,0.43272868,0.55426395,0.11439169,1.4387617,0.1425867991991592,-2.6901658,17.159513,-12.267748917748918,0.95617914,1.6619105,-1.7823272,20.380709,3.487144,31.059114,14.7750435,1.168172,1.8037497,37.267036
122.0,Siyathemba,ssp245,near-term_2021-2040,4.245724,0.4325359,-0.09297873,-3.5585668717247665,-9.111867,-0.2651429168158487,0.06594253490870036,1.4380338,1.3929136,0.18414037,0.30405465,0.16982733,1.152442,0.08555487359917155,-0.006387938,10.271429,-6.8233937115516055,0.47847068,0.9185708,0.4553249,12.139959,1.4659281,16.410969,8.356255,0.4416678,0.8918813,18.475248
122.0,Siyathemba,ssp370,far-term_2081-2100,25.90766,-1.9128788,-0.18891864,-10.366053391053391,-26.024334,-0.6836078290965503,0.10495882563551741,2.8766618,3.4862192,2.3098435,1.6135589,0.178338,1.4671551,0.3421326906668516,-7.44082,42.402386,-22.68032708032708,2.2711432,3.6054978,-6.532643,44.188232,13.493962,78.05521,30.070356,3.128983,4.4177322,117.350105
122.0,Siyathemba,ssp370,mid-term_2041-2060,9.203276,-0.91287875,-0.050823417,-6.638011063011063,1.0560005,-0.09601384413414464,0.289169351951307,10.132504,3.9138885,5.8197036,2.268144,1.1733488,3.0152802,0.2452518961917037,-3.1971931,19.269634,-12.802549302549304,0.7697445,1.206602,-2.1704886,21.819416,3.7123485,33.31433,15.991224,1.2399898,2.0121963,40.203808
122.0,Siyathemba,ssp370,near-term_2021-2040,3.1636763,-0.3565296,0.06847479,-3.397799422799423,-3.2609165,-0.13661534789354265,0.15358037952022907,3.2850451,1.5324506,1.3587106,0.54599744,0.0364745,1.187094,0.10569577512019752,-0.38950303,10.589083,-6.039454064454067,0.29368192,0.36863828,0.5387746,12.376644,1.4205495,17.359041,8.307578,0.48176104,0.92986006,18.304735
122.0,Siyathemba,ssp585,far-term_2081-2100,32.329033,-1.9417748,-0.31048453,-11.533225108225107,-33.69436,-0.8679377013963477,0.09492779567967537,1.6980348,4.174376,2.1821728,2.1708665,0.21241224,1.9157212,0.3845778553436303,-8.397005,51.56943,-25.97121212121212,3.3533936,5.410418,-7.7552853,53.08602,18.4971,98.37946,34.98911,4.037323,5.5357428,155.36682
122.0,Siyathemba,ssp585,mid-term_2041-2060,11.841954,-1.2091991,-0.28826237,-7.219446343130552,-11.588613,-0.13006922067072407,0.14696861200620598,3.5166996,2.425568,1.3142835,0.81398255,-0.19551441,1.55077,0.25688301024441784,-4.036419,23.168188,-14.638505354294827,1.253128,2.292488,-3.0483286,25.836939,5.7315106,40.76496,18.580885,1.5315704,2.3811808,53.178825
122.0,Siyathemba,ssp585,near-term_2021-2040,2.724721,-0.1586238,0.033166297,-4.292976760082023,-5.4302273,-0.21714405060269673,0.11624298842343951,2.5437996,1.5511187,1.3325031,0.7174465,-0.10946728,0.49835786,0.08054049701329495,-0.7508238,11.932243,-8.322892458418776,0.66228133,1.0448691,0.17012951,13.910013,1.9969811,18.793524,9.67924,0.7082122,1.072056,20.899122
123.0,Siyancuma,ssp126,far-term_2081-2100,6.5752177,0.12055937,-0.5555,-5.177316433566433,-25.429312,-0.7824956622325042,0.08967900520532096,1.0991865,2.214424,1.059903,0.8686613,-0.16038257,-0.13378201,0.07850213304790113,-0.92283785,14.599819,-8.92957167832168,0.19966467,0.60763687,-1.1284876,19.374073,2.616165,28.709402,13.943348,0.9839226,1.7517546,37.57298
123.0,Siyancuma,ssp126,mid-term_2041-2060,4.847625,0.709694,-0.2809807,-4.396451048951048,-6.832187,-0.12614950838635094,0.1979482359745518,5.577257,2.1333385,2.2170444,0.8106305,-0.0465005,1.5512344,0.17264984478911646,-0.6135784,13.472452,-7.914571678321678,0.1694261,0.5039494,-0.6273186,16.794987,1.9359726,23.698446,12.184042,0.9881597,1.498589,31.600916
123.0,Siyancuma,ssp126,near-term_2021-2040,5.7804136,1.3881557,-0.18251945,-2.6980856643356645,-5.5114584,-0.3479764314632735,0.16150592828224414,4.1065774,1.6991187,1.4190282,0.55030614,0.16166797,1.1636449,0.11297472318548955,0.48972085,10.403192,-4.704667832167832,-0.07753163,0.07981726,0.765005,12.380737,1.3071264,16.263538,8.25424,0.4235697,1.0032064,21.452839
123.0,Siyancuma,ssp245,far-term_2081-2100,15.476007,-1.2863636,-0.08655775,-9.629020979020979,-16.296577,-0.41245903219587415,0.20154713707345287,6.494124,3.1956356,3.8101065,1.4536572,0.5763768,1.9312794,0.2383777189494949,-4.9844017,28.891626,-18.42902097902098,1.5709666,2.7828023,-4.0892353,32.403416,7.5107055,51.746765,22.738817,2.0071151,3.1016822,75.52443
123.0,Siyancuma,ssp245,mid-term_2041-2060,9.026193,-0.111538425,-0.3450743,-6.839248251748249,-17.661406,-0.5474407171775589,0.1313090418353576,3.8915129,2.5494347,1.5173987,0.8705689,0.18393737,1.3797373,0.16416850395772262,-2.2729363,17.936314,-12.717045454545456,0.91046137,1.5618031,-1.8739519,21.75312,3.5113223,33.442436,15.689797,1.2399772,1.9596331,43.461285
123.0,Siyancuma,ssp245,near-term_2021-2040,6.128298,1.2275213,-0.2114616,-3.9017620537357374,-13.17767,-0.5758610468478889,0.10179438982070553,2.8206785,1.8337109,1.612007,0.8010145,0.5080684,1.6421494,0.08562665667813318,0.41497272,10.567598,-6.937978468899521,0.38248616,0.8183904,0.38880444,12.930098,1.4322593,17.736263,8.871145,0.46105704,1.0019269,21.832346
123.0,Siyancuma,ssp370,far-term_2081-2100,26.696716,-1.7562354,-0.324007,-12.139121989121987,-28.848476,-0.9340948525159055,0.09650086755349914,4.0246615,3.1418686,4.683863,2.101655,0.5468182,1.5425366,0.2984267864691884,-7.226842,44.43949,-24.11795843045843,2.281061,3.5379174,-6.5809927,47.099392,13.913322,84.25215,31.37533,3.2889624,4.672681,134.0914
123.0,Siyancuma,ssp370,mid-term_2041-2060,10.3936825,-0.1653166,-0.084938236,-7.243716006216006,0.46991026,-0.13905436668594598,0.3312174667437825,10.781175,3.308178,6.414205,1.9261451,1.0447111,3.3328688,0.24906010417751287,-2.8706696,20.110638,-13.099796037296038,0.68560505,1.0652251,-2.2764761,23.416908,3.7201605,35.995846,17.094503,1.2835698,2.129836,47.64599
123.0,Siyancuma,ssp370,near-term_2021-2040,5.118176,0.45850804,0.01121554,-3.690190365190364,-5.853998,-0.2516049739733949,0.12868710237131287,3.0217538,1.221845,1.378509,0.4390968,0.0984456,0.99631983,0.10021700698367522,0.05202132,11.037422,-5.982274669774669,0.20859142,0.2185443,0.50882393,13.225447,1.3741137,18.750116,9.198313,0.5227732,1.0607241,21.72879
123.0,Siyancuma,ssp585,far-term_2081-2100,32.576378,-1.997902,-0.5433343,-13.815734265734267,-34.184692,-0.9124590321958744,0.1400086755349912,4.6652637,4.3558354,4.5026255,2.4368649,0.7691627,2.6704829,0.4195225406546243,-8.339423,53.80959,-28.17124125874125,3.5011303,5.4181666,-7.7770696,55.925167,19.075483,106.00694,35.937817,4.1586795,5.895361,172.89847
123.0,Siyancuma,ssp585,mid-term_2041-2060,13.741118,-0.45075914,-0.37987277,-8.16541682002208,-11.272655,-0.19734914208598417,0.2520965876229034,6.945966,2.938936,4.666852,1.7320099,0.5906429,2.6206777,0.30061967819117474,-3.6560957,24.315586,-15.320058888479938,1.1653442,2.2229137,-3.0976498,27.466948,5.8460712,43.409462,19.518583,1.6147851,2.5605261,61.761467
123.0,Siyancuma,ssp585,near-term_2021-2040,4.648262,0.5637605,-0.18683249,-4.645877806404122,-8.518789,-0.32280701754385926,0.07746288798920378,1.7599474,1.1905423,0.72124344,0.39482346,-0.09454008,0.10046768,0.08050725679031406,-0.39710665,12.606774,-8.440536437246964,0.6185561,1.0043893,0.13821414,14.940443,2.0489554,20.582035,10.399131,0.73381346,1.1972803,24.720348
124.0,Kai !Garib,ssp126,far-term_2081-2100,8.21777,-0.34381583,-0.40879187,-1.7965011961722488,-12.254928,-0.25710196543991565,0.020782383590555318,-1.0066051,1.3477633,-0.06513224,0.6126345,-0.6121128,-1.6437515,0.06507036790951697,-1.9799644,13.711175,-5.685000000000003,0.4613378,0.6779175,-1.0107179,16.985447,2.73075,23.842813,12.571659,0.98386484,1.3790954,27.166143
124.0,Kai !Garib,ssp126,mid-term_2041-2060,4.62027,-0.57881576,-0.23563397,-1.581566985645933,-4.4575663,-0.09275986017675764,0.030913962537923768,-0.09585155,0.4935084,0.6700501,0.62602895,-0.45444587,-0.42515954,0.04455984223452067,-2.0540636,13.444015,-5.384671052631578,0.37517804,0.6350972,-0.6845279,15.7386265,2.3781185,21.913733,11.729898,0.98238486,1.2157202,23.78588
124.0,Kai !Garib,ssp126,near-term_2021-2040,3.9432292,0.21368429,-0.09793657,-0.9641327751196175,-0.2822886,0.09934540298113703,0.0806508046431869,2.4491801,1.9584522,1.3597932,1.0315787,0.0686836,0.41434962,0.0793591403964239,-0.5979186,10.444602,-3.202236842105264,0.015312626,0.2908415,0.783321,11.511352,1.7096317,14.639983,7.716242,0.389321,0.85251,15.900492
124.0,Kai !Garib,ssp245,far-term_2081-2100,18.296646,-1.5100478,-0.30653933,-2.8755980861244024,-12.313109,-0.1702347975201161,0.013642659279778412,0.4553699,2.7300806,0.2607428,0.986155,-0.1059677,-0.47459346,0.1796660349860455,-5.839734,26.68401,-9.76238038277512,1.7067759,2.7082567,-4.3061166,30.008299,7.8268228,46.076633,22.193687,2.0070145,2.710526,60.581844
124.0,Kai !Garib,ssp245,mid-term_2041-2060,10.8723345,-1.0041866,-0.3751484,-2.225,-10.859829,-0.21566086268302337,0.016148924943938797,-0.5671857,1.6127708,0.26302773,0.8469678,-0.33641094,-0.39949623,0.12608751704228666,-3.5201085,17.453724,-7.304485645933014,0.99505734,1.5704199,-2.0031173,20.392406,4.1141653,30.496187,15.313636,1.2429007,1.6829882,34.202087
124.0,Kai !Garib,ssp245,near-term_2021-2040,5.878098,0.38253596,-0.1300419,-1.2919352807856959,-7.140869,-0.14999670228202083,-0.016059721672602542,-0.71430695,0.6253624,-0.5997724,-0.12684925,-0.32316908,0.12562396,0.058315979781078435,-0.495926,10.570337,-4.288733946109293,0.50261414,0.8831649,0.26454425,12.245093,1.8414187,16.261274,8.831373,0.5003093,0.8310619,16.25889
124.0,Kai !Garib,ssp370,far-term_2081-2100,31.053793,-1.9353801,-0.32478568,-3.44558745348219,-19.638187,-0.36786373829310115,-0.006714153805566548,-0.9829516,2.6096497,0.21404646,1.1463251,-0.5802617,-0.7972293,0.23445739178507358,-8.206981,42.65607,-11.96659356725146,2.4698021,3.5105343,-6.8077345,44.209866,14.556064,74.37282,30.92469,3.1056285,4.093186,113.16425
124.0,Kai !Garib,ssp370,mid-term_2041-2060,14.589524,-1.2410818,-0.2624587,-2.4773125996810204,-4.071986,-0.04307149452578816,0.07631908719166337,3.1918988,3.0180101,1.4055938,1.1835213,0.2237777,0.4257535,0.2153737258471189,-4.2627997,19.787626,-7.920248538011694,0.83040845,1.2473804,-2.4553485,21.79164,4.3152747,33.26566,16.699795,1.2676104,1.8346128,36.522076
124.0,Kai !Garib,ssp370,near-term_2021-2040,4.754415,-0.2475146,-0.11349762,-1.480163476874003,-2.885331,0.018770610737369766,0.06787033372905948,1.8313236,1.9032434,0.9093935,0.65315485,-0.27355328,-0.39471856,0.09518104818552532,-0.9516073,10.923174,-4.2233187134502925,0.2146435,0.36877117,0.2977926,12.306478,1.7048217,16.709152,8.76641,0.52334595,0.84296787,15.7515335
124.0,Kai !Garib,ssp585,far-term_2081-2100,42.08424,-1.9741029,-0.5675042,-3.710765550239234,-26.784023,-0.5474904366178605,0.019595040232159355,-1.5475057,4.3161817,0.58658177,2.4522555,-0.80888534,-1.5241734,0.25257136322354967,-8.913585,52.129726,-12.993301435406698,3.5924582,5.0974364,-8.019851,52.946587,19.20944,92.28465,35.701954,3.9826925,5.1288147,151.71562
124.0,Kai !Garib,ssp585,mid-term_2041-2060,14.94978,-1.3835526,-0.38323113,-2.729894862754973,-10.713985,-0.11096161456272265,0.052803060282284674,1.1365771,2.7043955,0.48700857,0.8934338,-0.39403778,-0.41190904,0.19360757858984295,-5.069175,23.622587,-8.88766683455049,1.483378,2.2559986,-3.361267,25.749613,6.5091004,39.968685,19.265625,1.5728874,2.1794887,49.133728
124.0,Kai !Garib,ssp585,near-term_2021-2040,4.5930734,-0.30183518,-0.24407072,-1.6526221354822461,-4.8337674,-0.13201424614166998,0.0014246141669964395,0.3010816,1.3390585,0.25273344,0.57529557,-0.37844163,-0.6343885,0.07041902092882975,-1.4002569,12.266311,-5.325327373457568,0.73422736,1.0840746,-0.06269638,13.80941,2.3533366,18.706064,10.030032,0.80732745,1.0107453,18.975208
125.0,!Kheis,ssp126,far-term_2081-2100,7.129441,-0.31745732,-0.38428375,-3.3251420454545446,-17.80887,-0.45875626566415995,-0.002901002506265661,-1.4928591,1.2316912,-0.554317,0.30420768,-0.527182,-1.547389,0.08407731864335138,-1.6059521,13.882434,-7.603565340909092,0.31464714,0.71256983,-0.999093,17.978645,2.6771367,25.702427,12.9719305,0.98291886,1.4724836,31.665274
125.0,!Kheis,ssp126,mid-term_2041-2060,3.5153751,-0.5908948,-0.13506511,-3.006392045454545,-4.569456,-0.026881265664160048,0.054130247493734386,0.5229951,0.60971117,0.32414404,0.24643536,-0.49907935,0.24963593,0.09206522663074324,-1.6061585,13.21552,-7.195127840909092,0.30113584,0.6683059,-0.5427345,16.098053,2.1744804,22.308208,11.654368,0.97559804,1.2838554,26.530405
125.0,!Kheis,ssp126,near-term_2021-2040,3.9295955,0.32551146,0.0054038465,-1.9307670454545451,-0.5120373,-0.004068765664160284,0.1410052474937343,2.772307,1.62454,0.6008302,0.3888951,-0.110097766,1.0001357,0.08977962691718416,-0.27656662,10.252936,-4.350127840909093,-0.020657562,0.30001736,0.9227944,11.711584,1.4980742,14.627274,7.7070265,0.39542603,0.8711176,17.52399
125.0,!Kheis,ssp245,far-term_2081-2100,17.008526,-1.5247158,-0.18775842,-5.684090909090909,-15.490987,-0.31128602756892226,0.032902568922305704,0.9653069,2.266941,0.24998707,0.66725916,-0.08191657,0.611434,0.21494232531347918,-5.5239735,27.532612,-14.136789772727274,1.6255801,2.8664846,-4.157016,30.968513,7.82103,47.88739,22.218477,2.0148458,2.8432443,66.38676
125.0,!Kheis,ssp245,mid-term_2041-2060,8.433673,-0.89403397,-0.20487154,-4.289914772727272,-12.420106,-0.25250626566416023,0.04674185463659145,0.036514997,1.418555,-0.36925262,0.24184722,-0.29470503,0.87045217,0.13465371869564624,-3.1893067,17.596712,-10.323579545454546,0.9882562,1.6598591,-1.8680655,21.02066,3.8499775,31.413416,15.357294,1.2474267,1.7729166,37.795982
125.0,!Kheis,ssp245,near-term_2021-2040,4.791313,0.43873358,-0.09053376,-2.5541492224880376,-8.88958,-0.23281876566416032,0.0030364974937343095,-0.4203484,0.8035711,-1.1647671,-0.37286234,-0.25238478,0.6890011,0.06970726243492187,-0.3413399,10.645682,-6.012544856459333,0.483262,0.98704946,0.38103282,12.442907,1.6838077,16.514557,8.722902,0.4653315,0.8816447,18.253502
125.0,!Kheis,ssp370,far-term_2081-2100,27.631824,-1.9313289,-0.19228554,-6.933301767676767,-23.605904,-0.5020128446115284,0.009500313283208009,-0.05972159,2.568826,-0.20896548,0.5618526,-0.6019484,0.4730332,0.2723074097996995,-7.8878407,43.512077,-18.240909090909092,2.3827243,3.6540668,-6.660921,45.124485,14.377519,77.70062,30.727724,3.167681,4.287621,119.98998
125.0,!Kheis,ssp370,mid-term_2041-2060,12.280504,-1.1670927,-0.17715389,-4.785732323232322,-1.8859739,-0.0650062656641604,0.15177005012531333,5.661694,2.9289184,2.2586622,1.0654528,0.5314505,1.7762015,0.2140825588999088,-3.8675337,20.015144,-11.22042297979798,0.81179523,1.2922128,-2.2680142,22.23026,4.09731,33.659477,16.53434,1.2787973,1.9219124,40.317932
125.0,!Kheis,ssp370,near-term_2021-2040,4.189389,-0.395565,0.008372426,-2.662294823232323,-2.2115755,-0.009249686716791744,0.10505952380952374,2.2121973,1.3140635,0.043380916,-0.037032634,-0.37824047,0.31411195,0.09772219078412459,-0.74826896,10.847453,-5.343339646464648,0.23173526,0.41231072,0.46015334,12.54865,1.5214422,16.967104,8.632353,0.53070277,0.8727541,17.94189
125.0,!Kheis,ssp585,far-term_2081-2100,35.92475,-1.9670453,-0.34430608,-7.538494318181818,-30.350815,-0.7658991228070172,0.036176378446115286,-0.19954145,3.76333,1.5823147,2.3585784,-0.29653955,0.37124896,0.34984284357530904,-8.680376,52.62228,-20.249857954545455,3.5144455,5.3597755,-7.853052,54.04685,19.058216,97.170525,35.57117,4.071267,5.3835783,160.03185
125.0,!Kheis,ssp585,mid-term_2041-2060,13.938888,-1.3232954,-0.31394902,-5.137597188995216,-10.92987,-0.1505717418546364,0.12739661654135334,2.498312,2.5594573,0.5930275,0.58446366,-0.24722421,0.7144766,0.25509799193603105,-4.6136026,23.883411,-12.449648624401917,1.3595785,2.353221,-3.157208,26.388363,6.223841,40.951942,19.06091,1.5817497,2.2841175,54.16235
125.0,!Kheis,ssp585,near-term_2021-2040,3.6964731,-0.16888443,-0.07674658,-3.0687350478468898,-6.084817,-0.24045269423558888,0.04346804511278191,0.42201674,1.0720097,0.3704412,0.5187802,-0.31275427,-0.18321323,0.05717494415426949,-1.1542075,12.281144,-7.239428827751199,0.67379373,1.1204557,0.08643007,14.160385,2.1582687,18.919245,9.980438,0.77302593,1.0620368,21.05223
126.0,Tsantsabane,ssp126,far-term_2081-2100,6.9432445,-0.48228964,-0.3621634,-4.805488215488215,-23.889353,-0.6654385964912279,-0.011066323215446115,0.42090493,1.8378587,0.05613585,0.53912383,-0.5094558,0.3687196,0.10132932284587591,-1.7285904,15.952751,-9.0346632996633,0.27057925,0.76745886,-1.0122082,20.732288,2.9201298,29.665873,14.904921,1.0373468,1.7289821,41.532322
126.0,Tsantsabane,ssp126,mid-term_2041-2060,5.5167627,-0.342197,-0.20114498,-4.497988215488214,-4.135694,0.026135477582846275,0.1383781212289983,5.398891,1.9051077,1.9329338,0.72445786,-0.12569943,2.3759465,0.2591501973885615,-1.5731124,14.6947775,-8.517718855218854,0.25394377,0.6841807,-0.52466476,18.003864,2.0667038,24.440044,13.1882515,1.0439731,1.4661105,34.338463
126.0,Tsantsabane,ssp126,near-term_2021-2040,6.2307444,0.4188215,-0.04531161,-2.9886363636363624,-5.679432,-0.251086744639376,0.11689663974751675,3.2203007,1.4535457,-0.63196915,-0.1275618,-0.56895226,0.91459006,0.11537157565818726,-0.33546388,11.438363,-5.354848484848485,-0.054970127,0.28909945,0.84169817,13.320573,1.4181855,17.283096,9.193442,0.5041108,1.0208855,23.7408
126.0,Tsantsabane,ssp245,far-term_2081-2100,15.194744,-1.5859429,-0.09670938,-8.347895622895622,-16.099977,-0.46503295275225054,0.10486401188155556,4.7162666,2.71461,2.1709437,1.0209775,0.4216906,1.8342203,0.2660744066353114,-5.6952147,31.313238,-17.073063973063974,1.7831502,2.9271142,-4.1103578,35.452618,8.540971,54.512543,24.45949,2.182747,3.1442742,87.371826
126.0,Tsantsabane,ssp245,mid-term_2041-2060,7.485393,-0.87373745,-0.29662108,-6.207154882154881,-18.36097,-0.5116819827346141,0.09913208948296658,3.4157786,2.4891481,0.4116346,0.54488695,-0.22940247,1.7348838,0.18770885404170187,-3.2306333,19.867275,-12.285521885521883,1.0602562,1.71033,-1.9326737,23.813984,4.0871077,35.430332,17.259178,1.3879889,2.009316,49.44501
126.0,Tsantsabane,ssp245,near-term_2021-2040,7.289536,0.38052896,-0.18216352,-3.7655635300372134,-9.980771,-0.49330896686159814,0.07439663974751681,5.0776653,2.529416,2.891857,1.2911651,0.88472086,3.8132524,0.18726601849784613,-0.4103677,11.854716,-7.361695906432749,0.49442723,0.97256863,0.38408473,13.96504,1.6640154,18.982237,9.972008,0.5799088,1.0202669,24.1084
126.0,Tsantsabane,ssp370,far-term_2081-2100,27.203575,-1.9634213,-0.31901026,-10.321043771043769,-27.037746,-0.7834307992202727,-0.018342151675485117,3.5478528,2.9727936,3.8490024,1.8967588,0.42051175,1.5805153,0.36037138070645985,-7.912738,47.52524,-22.000074822297037,2.445081,3.7291822,-6.5905743,50.556984,15.410592,86.74256,32.844868,3.4434867,4.703059,149.92224
126.0,Tsantsabane,ssp370,mid-term_2041-2060,11.020241,-0.96743363,-0.057801884,-6.769500561167229,-1.2024095,-0.06851851851851841,0.2140165227884525,8.480416,2.6950545,3.474714,1.0679876,0.7128709,3.4973903,0.27358018757808944,-3.9642792,22.1026,-13.139786756453422,0.7462238,1.289545,-2.2894192,25.30152,4.2815804,37.7691,18.566765,1.416976,2.092538,53.874096
126.0,Tsantsabane,ssp370,near-term_2021-2040,4.8082547,-0.32226908,0.12212011,-3.680405910961466,-3.228453,-0.0022417153996098513,0.08721340388007043,3.3996465,1.1603938,0.40420872,0.035882976,-0.18597943,2.1168983,0.16050615851636674,-0.74899447,12.070472,-6.370033670033668,0.19017723,0.39249477,0.55042255,14.163583,1.4910455,19.53772,10.017865,0.57340646,1.0834641,23.77214
126.0,Tsantsabane,ssp585,far-term_2081-2100,32.961147,-2.078788,-0.48903736,-11.370454545454542,-34.33494,-0.9556855100714751,0.052571242922119905,3.3047996,3.9227562,2.929542,2.0727687,0.18791573,2.6909235,0.41243825223456027,-8.763668,57.366364,-24.884680134680135,3.9138157,5.642233,-7.809448,59.613514,20.346872,108.74018,37.239075,4.347405,5.9064765,192.3384
126.0,Tsantsabane,ssp585,mid-term_2041-2060,14.874108,-1.2311448,-0.340801,-7.494790005316319,-8.622526,-0.07640861412791206,0.2296435533277636,8.052567,3.1548765,5.1055884,1.8134332,0.5788129,3.018221,0.40140803334071884,-4.6293464,26.83141,-14.765581251107564,1.4291002,2.3876746,-3.1195703,29.844412,6.733586,45.69619,21.018135,1.7779638,2.582244,69.91018
126.0,Tsantsabane,ssp585,near-term_2021-2040,4.2868967,-0.14984062,-0.19688566,-4.527148679780258,-8.690764,-0.3176784553977534,0.027791701475911874,2.0062938,1.4087874,0.101733,0.26176307,-0.35012513,0.799429,0.10296242416504554,-1.3596487,14.160677,-8.59727538543328,0.74890774,1.1925099,0.09948939,16.199045,2.384667,21.940685,11.54659,0.8826225,1.2340869,28.34889
127.0,Kgatelopele,ssp126,far-term_2081-2100,7.4318085,-0.41287866,-0.4888681,-7.9857575757575745,-32.122334,-1.2463784461152911,-0.10447786131996632,-0.8311844,1.2621473,-0.30530486,0.3106853,-0.6530221,-0.516243,0.038512446598435744,-1.5287899,16.246586,-11.963939393939397,0.2820979,0.6685047,-1.2391468,20.429907,2.674426,32.85332,14.978104,1.0319496,1.7957064,42.127777
127.0,Kgatelopele,ssp126,mid-term_2041-2060,6.487643,0.09545469,-0.2538681,-7.320757575757573,-8.484487,-0.3663784461152903,0.1688554720133674,6.645302,2.0261452,1.4735674,0.49121857,0.21266937,1.8545481,0.17435228122465052,-1.250769,14.739932,-11.198939393939392,0.2418712,0.5045211,-0.7597663,17.563929,2.0035927,26.709154,13.086945,1.0423733,1.5336202,35.156723
127.0,Kgatelopele,ssp126,near-term_2021-2040,9.195976,0.7804546,-0.17386739,-4.713257575757573,-9.835378,-0.7630451127819567,0.01718880534670042,3.049548,1.2549686,0.8077113,0.31016287,-0.37538466,0.5049947,0.057693867147448806,0.041964214,11.517268,-6.7497727272727275,-0.042375565,0.10179392,0.51023036,13.138668,1.3185924,19.423323,9.210641,0.501612,1.033774,23.93041
127.0,Kgatelopele,ssp245,far-term_2081-2100,15.583829,-1.5568181,-0.19005871,-14.300757575757572,-21.737051,-0.8862990810359234,0.15091896407685912,5.904966,2.4615695,3.118634,1.0508405,0.27504095,0.9647293,0.2399512983059795,-5.370555,31.092669,-24.086363636363632,1.7307402,2.792822,-4.2630773,34.570812,8.075599,58.000755,24.377565,2.155793,3.1612384,86.33425
127.0,Kgatelopele,ssp245,mid-term_2041-2060,11.363996,-0.5621209,-0.44720188,-10.465909090909092,-26.693888,-1.0307435254803696,-0.10781119465329914,2.8061574,2.003479,0.63481075,0.5300994,-0.2779223,0.23300426,0.09710726462085499,-2.8465602,19.765087,-17.015909090909087,1.0032326,1.5565878,-2.1433597,23.161194,3.7256384,38.704144,17.123236,1.3791103,2.0671985,49.14628
127.0,Kgatelopele,ssp245,near-term_2021-2040,7.0859733,0.6016746,-0.095534645,-6.324561403508771,-16.528107,-0.857211779448623,-0.045311194653299434,2.1996841,1.4686903,0.4291655,0.36781836,0.12447993,1.5341593,0.07958767548709922,-0.011148453,11.645436,-9.703269537480063,0.43276533,0.85196495,0.21907203,13.626602,1.5748141,20.440208,9.708228,0.52129906,1.0674362,24.761572
127.0,Kgatelopele,ssp370,far-term_2081-2100,28.005888,-1.9508415,-0.40685067,-18.173905723905722,-36.071064,-1.3197994987468669,-0.11746031746031689,3.8711727,2.5271034,5.1638584,1.813405,0.36015573,0.86305743,0.29117082028274205,-7.6129494,47.665447,-32.044865319865316,2.4327438,3.533158,-6.687928,49.81332,14.875722,90.75879,32.858536,3.4695578,4.798181,148.73782
127.0,Kgatelopele,ssp370,mid-term_2041-2060,11.562907,-0.7286195,-0.17439413,-11.06372053872054,-5.0674133,-0.49348370927318363,0.2000835421888064,8.172879,2.3021889,3.4403565,0.9218375,0.41859183,3.0059052,0.22872855037512027,-3.5421264,21.87052,-17.490235690235693,0.66779643,1.1447874,-2.4679785,24.78171,3.9775739,40.463406,18.480919,1.40894,2.1424,53.586895
127.0,Kgatelopele,ssp370,near-term_2021-2040,8.247121,0.0019359589,0.09402672,-5.355387205387202,-7.973419,-0.38558897243107815,0.12025898078529673,1.5816574,0.73194313,-0.5191981,-0.1012427,-0.4635512,1.2929153,0.14194922466185092,-0.32234892,11.948701,-7.6763468013468055,0.19472265,0.21770668,0.3585278,13.89179,1.4303517,21.88933,9.885476,0.5766913,1.1435623,24.345224
127.0,Kgatelopele,ssp585,far-term_2081-2100,32.351303,-2.1530302,-0.7067253,-20.458333333333332,-40.78245,-1.3339181286549728,0.08107769423558968,5.0646567,3.4725056,6.4454455,2.402797,1.2554754,4.269152,0.3994066189680308,-8.642058,57.37264,-37.211363636363636,3.7820094,5.528436,-7.9053864,58.74754,19.70973,113.89128,37.2542,4.3320746,6.1142287,190.109
127.0,Kgatelopele,ssp585,mid-term_2041-2060,15.076686,-1.0606059,-0.40434393,-12.409290271132376,-15.936015,-0.5553467000835433,0.2080618212197168,7.246676,2.4565475,6.817716,1.879425,0.7389806,2.6179962,0.2689032069920039,-4.270175,26.685404,-20.63468899521531,1.3137149,2.2793572,-3.3211796,29.170328,6.2530704,48.620106,21.07104,1.7426602,2.6330757,70.002625
127.0,Kgatelopele,ssp585,near-term_2021-2040,7.244947,0.100518465,-0.18688393,-7.10657894736842,-11.742534,-0.44741019214703454,0.007268170426065239,-0.4669876,0.6017113,0.26084074,0.28784084,-0.48914972,-0.11746725,0.08082366154516822,-0.8744361,13.842845,-11.179186602870814,0.6456831,1.0444914,-0.017665863,15.823995,2.2414672,24.332176,11.307355,0.8339965,1.2643865,28.68517
128.0,Sol Plaatje,ssp126,far-term_2081-2100,6.9642057,0.88777274,-0.49317932,-5.64077272727273,-26.946875,-0.7971015037593979,0.054620300751879736,0.4098007,1.4409885,1.3984652,0.65393126,0.2736435,0.29096755,0.046586946820844764,-0.5544096,15.152921,-9.063636363636366,0.24834184,0.5286045,-1.2750094,19.349947,2.4081316,30.066721,14.23486,0.9815575,1.8459442,39.45288
128.0,Sol Plaatje,ssp126,mid-term_2041-2060,7.399699,1.8642728,-0.28567934,-4.609272727272728,-8.266223,-0.25410150375939866,0.23012030075187964,7.177083,2.1459842,3.1879697,0.938634,0.90928304,2.5689697,0.13730937079800132,-0.08850918,13.795659,-7.975136363636366,0.18741865,0.37346,-0.7937561,16.68947,1.8331317,25.232227,12.372339,0.9260462,1.6058105,32.79604
128.0,Sol Plaatje,ssp126,near-term_2021-2040,9.150711,2.7007728,-0.25317955,-2.6162727272727304,-8.647534,-0.5486015037593986,0.13262030075187975,4.6547775,1.5753002,1.8376522,0.516528,0.40873605,1.2955452,0.0805897262343663,1.0338173,10.628229,-4.524136363636363,-0.057243347,-0.06714783,0.5534353,12.435575,1.1661316,16.99123,8.625259,0.43540803,1.0281082,21.637619
128.0,Sol Plaatje,ssp245,far-term_2081-2100,16.267925,-0.91272736,-0.2202507,-10.556818181818183,-15.935999,-0.40298245614035083,0.21907268170426084,7.7401075,2.6775994,5.611079,1.55594,0.88901484,1.8784828,0.21694246050036786,-4.470923,28.85106,-19.326363636363638,1.5113959,2.5732129,-4.2604256,32.495117,7.0789,56.08735,23.243393,2.0179124,3.164351,78.33472
128.0,Sol Plaatje,ssp245,mid-term_2041-2060,11.154119,0.6813636,-0.5069178,-7.390909090909093,-21.098988,-0.6244110275689223,0.1147869674185464,2.7480836,1.848418,1.3552332,0.6094004,0.239645,0.92406005,0.13369140350556155,-1.7306389,18.266943,-13.213636363636363,0.8896762,1.4313504,-1.9803102,21.715307,3.1889951,35.365837,15.977632,1.2274387,2.026111,45.41571
128.0,Sol Plaatje,ssp245,near-term_2021-2040,7.6342087,2.6934206,-0.25717965,-3.963421052631581,-15.983197,-0.5721015037593989,0.06312030075187987,1.6453689,1.1818745,0.6097584,0.30631614,0.48389322,0.9665314,0.0791818490581381,1.1805,10.403768,-6.750454545454547,0.31247717,0.6739357,0.37587053,12.849109,1.2797129,18.588593,8.911189,0.4039238,1.0799881,22.413057
128.0,Sol Plaatje,ssp370,far-term_2081-2100,26.363785,-1.5899496,-0.28483754,-13.59727272727273,-30.02995,-1.0537593984962417,0.14075187969924824,6.0332336,2.8266118,5.447839,1.7048972,1.1488724,1.6924813,0.24003162492435254,-6.811957,44.68985,-25.659747474747473,2.3096132,3.261641,-6.639277,47.592003,13.569854,91.357285,31.887228,3.3372204,4.870285,138.61429
128.0,Sol Plaatje,ssp370,mid-term_2041-2060,12.111155,0.4828282,0.060951613,-7.656717171717173,-2.5112,-0.37428571428571367,0.2981203007518795,9.630362,2.475886,4.608844,1.1993408,1.1519654,2.9613419,0.17287764241710485,-2.3754106,20.35872,-13.458636363636368,0.6183557,0.9422779,-2.4012368,23.58969,3.5598538,38.555073,17.507963,1.2614714,2.258541,49.75873
128.0,Sol Plaatje,ssp370,near-term_2021-2040,6.1274734,1.6589391,-0.07062693,-3.5861616161616183,-8.771643,-0.4406015037593988,0.08496240601503757,1.8577881,0.75781596,0.65147036,0.1910049,0.30799025,0.8617264,0.08314201304869825,0.7811886,11.027702,-5.516414141414143,0.15530539,0.04660835,0.36771852,13.339471,1.2337427,19.489506,9.449715,0.5206047,1.2023827,22.857063
128.0,Sol Plaatje,ssp585,far-term_2081-2100,30.558872,-1.9454546,-0.6273934,-15.712272727272728,-30.26884,-0.7920300751879701,0.23954887218045143,9.096538,4.26894,8.133824,2.6882782,1.8888439,4.287768,0.4393742571400979,-8.122364,54.3419,-30.44909090909091,3.5261743,5.3057623,-7.809977,56.16145,18.635815,112.5308,36.16325,4.138597,6.105867,176.71762
128.0,Sol Plaatje,ssp585,mid-term_2041-2060,14.31411,0.33772707,-0.49215546,-8.914688995215313,-13.460638,-0.33345864661654157,0.18050125313283213,7.010083,2.495418,5.8502254,1.7437123,1.528815,3.3057754,0.2510585023028879,-3.2051988,24.632053,-16.391507177033493,1.1736581,2.141129,-3.212182,27.44537,5.4237084,46.587395,19.950466,1.5970417,2.625708,64.080475
128.0,Sol Plaatje,ssp585,near-term_2021-2040,6.3379197,1.6000714,-0.2792986,-4.6403110047846905,-10.142426,-0.3410776942355884,-0.010451127819548888,0.34248504,0.6155041,1.4440668,0.5240107,0.3515686,0.47293702,0.08866849791902372,0.35965863,12.557914,-8.084569377990428,0.51216257,0.89972305,0.10959969,14.89786,1.869354,21.54309,10.502801,0.66327417,1.2590584,25.501905
129.0,Dikgatlong,ssp126,far-term_2081-2100,7.3060923,-0.09506825,-0.40702415,-7.200340909090909,-30.189732,-1.0208063909774447,-0.02987343358395971,-0.19020157,1.3005829,-0.097177126,0.36383858,-0.31444854,-0.1313633,0.022854800518890262,-1.412233,16.328302,-11.114477272727274,0.34310022,0.65119,-1.3039747,20.206474,2.6045718,32.38197,14.942639,1.0103451,1.810252,42.156242
129.0,Dikgatlong,ssp126,mid-term_2041-2060,7.398842,0.4646817,-0.24902444,-6.500340909090911,-7.805417,-0.3608063909774433,0.22637656641604015,7.785871,2.1671216,3.553267,0.96151555,0.57654935,3.0674834,0.15729865083913497,-1.0857115,14.80101,-10.415477272727276,0.29773647,0.46560135,-0.78941786,17.479261,1.9615717,26.817226,13.095337,0.9991023,1.5850579,35.43624
129.0,Dikgatlong,ssp126,near-term_2021-2040,9.237844,1.1026816,-0.15752439,-4.07834090909091,-10.193545,-0.767306390977445,0.0006265664160401751,4.057897,1.426019,2.8142698,0.77140915,0.38087043,1.4501755,0.043276771354788225,0.12597123,11.543146,-6.271977272727278,0.01933074,0.07778378,0.41783398,13.102579,1.2670717,19.09247,9.292173,0.48065376,1.0543396,23.751503
129.0,Dikgatlong,ssp245,far-term_2081-2100,14.482631,-1.4270455,-0.20786953,-12.457045454545455,-20.429937,-0.7842230576441114,0.1694360902255637,7.0080557,2.5950072,5.469285,1.5548377,0.4702734,1.2991714,0.20077464466161085,-5.195208,30.840015,-21.895000000000003,1.7419432,2.72257,-4.3895674,34.413094,7.757751,59.311447,24.52335,2.1616802,3.1918526,86.489586
129.0,Dikgatlong,ssp245,mid-term_2041-2060,11.428344,-0.37681836,-0.43763152,-9.179545454545455,-25.536,-0.9461278195488733,0.014197994987468699,2.360804,1.7824799,1.7759349,0.80941856,0.0121946335,0.32385063,0.0890561036013449,-2.7104902,19.753633,-15.733409090909092,1.0309051,1.5226206,-2.2044303,23.010027,3.5902991,38.5797,17.13079,1.352,2.0585542,49.368984
129.0,Dikgatlong,ssp245,near-term_2021-2040,7.9808464,1.0579187,-0.20577426,-5.514413875598086,-16.311447,-0.7073063909774445,0.013626566416040476,2.8113549,1.4703764,1.3500017,0.54203624,0.20632324,1.5206528,0.0933600605330148,0.17085743,11.539271,-8.848205741626796,0.46784562,0.82588786,0.2075119,13.546633,1.5158107,20.35465,9.757483,0.48869306,1.1077995,24.919147
129.0,Dikgatlong,ssp370,far-term_2081-2100,27.727552,-1.8984848,-0.33582687,-15.86520202020202,-34.74183,-1.385187969924813,-0.010952380952380913,5.70942,2.8566813,6.131521,1.9781517,0.8273541,1.4199646,0.24794210231878483,-7.4758134,47.26575,-29.153838383838384,2.4742758,3.400369,-6.705511,49.734104,14.57396,93.873634,32.92795,3.4804025,4.886809,149.46783
129.0,Dikgatlong,ssp370,mid-term_2041-2060,11.539136,-0.644596,0.03680434,-9.628257575757576,-5.4150147,-0.6022932330827079,0.2282581453634088,9.028013,2.3870683,3.5497317,0.908818,0.5636009,3.0088744,0.17001149437492175,-3.4016747,21.892242,-16.154116161616166,0.6868091,1.1206462,-2.5022707,24.755135,3.8820162,40.943634,18.514145,1.3731145,2.1945946,54.090057
129.0,Dikgatlong,ssp370,near-term_2021-2040,7.01098,0.15429306,-0.016616678,-4.817979797979798,-8.653598,-0.4257142857142869,0.06483709273182972,2.8845239,0.9978517,0.5467332,0.15555361,-0.052573968,1.8536354,0.12443156189364694,-0.24683695,11.9933605,-7.2474494949494925,0.24036126,0.18166275,0.27053633,13.852775,1.3778496,21.231691,9.956742,0.55239856,1.1944244,24.690891
129.0,Dikgatlong,ssp585,far-term_2081-2100,31.620722,-2.096591,-0.6266791,-17.843863636363636,-36.372772,-1.1927944862155389,0.14586466165413542,8.235518,3.9482257,7.7506804,2.5808024,1.5987772,5.126719,0.3955893924516726,-8.557459,57.282253,-33.756363636363645,3.8106298,5.495721,-7.9050403,58.50728,19.443481,116.5356,37.179928,4.2901635,6.1657224,189.56708
129.0,Dikgatlong,ssp585,mid-term_2041-2060,15.063582,-0.7922728,-0.3345364,-10.86017942583732,-16.344824,-0.551365914786968,0.1756265664160402,7.6565704,2.573723,6.295236,1.7650793,1.0642935,3.289432,0.24086915541456194,-4.1474266,26.536629,-18.94965311004785,1.3589686,2.2619605,-3.3770158,29.009447,5.984785,49.39628,21.167383,1.7159699,2.6508045,70.23637
129.0,Dikgatlong,ssp585,near-term_2021-2040,6.4623938,0.35955742,-0.0795363,-6.213038277511964,-10.482806,-0.4058897243107767,-0.012230576441102281,0.4317566,0.6873226,0.60491735,0.32326227,-0.123277664,0.551429,0.07115716245930397,-0.6182731,13.755994,-10.237488038277515,0.6480383,1.0167758,-0.049908638,15.711355,2.0901794,23.770159,11.257088,0.78703964,1.2889149,28.619938
130.0,Gamagara,ssp126,far-term_2081-2100,6.5227456,-0.5935604,-0.31826815,-4.1828787878787885,-27.460001,-0.8615956558061809,-0.10608187134502896,0.14609528,1.5801512,-0.48338318,0.3647531,-0.6993904,0.8322423,0.05765393507222546,-1.8862616,16.78304,-8.324015151515153,0.3234177,0.7695198,-1.068086,21.23229,2.9424958,31.148478,15.465671,1.0620781,1.7351532,44.01579
130.0,Gamagara,ssp126,mid-term_2041-2060,6.1869073,-0.46772718,-0.09826835,-3.9878787878787882,-2.526418,0.13340434419381886,0.0414181286549713,6.885877,1.8324286,4.195408,1.2039298,0.3046659,3.5957081,0.2985092839927222,-1.8388866,15.381396,-8.145681818181819,0.30533525,0.6755791,-0.5252479,18.215464,2.107496,25.169312,13.570355,1.0744234,1.4983813,35.73246
130.0,Gamagara,ssp126,near-term_2021-2040,7.739413,0.2372729,0.07006534,-2.6920454545454553,-7.1014,-0.3957623224728473,-0.025248538011695132,3.193161,1.1783524,0.15206273,0.10128371,-0.7726682,0.93913776,0.09954357220650915,-0.49763203,11.9429,-5.2240151515151565,-0.017843803,0.28145155,0.687115,13.533216,1.3991627,18.289312,9.679069,0.5362158,1.0268911,24.85877
130.0,Gamagara,ssp245,far-term_2081-2100,15.72861,-1.7249999,0.086215496,-6.607575757575758,-17.402283,-0.5366750208855476,0.0021720969089393805,6.5196,2.7044468,3.908598,1.347952,0.6920662,1.557167,0.2657820183831398,-5.8724265,32.47962,-15.044696969696972,1.8760084,2.9155438,-4.161741,36.30572,8.773286,57.047836,25.209532,2.2482615,3.1568997,92.48146
130.0,Gamagara,ssp245,mid-term_2041-2060,8.748459,-1.1053028,-0.3177522,-5.071212121212121,-20.348562,-0.7803258145363413,0.05534670008354251,4.9384713,2.4580529,1.4558214,0.759429,-0.024054209,1.7204767,0.17878463422718927,-3.454477,20.804611,-11.108333333333334,1.1281645,1.703483,-2.0626407,24.386148,4.125678,36.77235,17.902094,1.4730507,2.0301273,52.18943
130.0,Gamagara,ssp245,near-term_2021-2040,8.974408,0.39350104,-0.06993548,-3.1453748006379585,-8.980164,-0.43326232247284757,0.009751461988304419,8.232631,2.7988071,4.846191,1.5049344,1.2236786,4.7664948,0.22580009133549428,-0.48256907,12.304029,-6.804545454545457,0.516399,0.95634776,0.3355061,14.2150955,1.706393,19.842432,10.330997,0.61225957,1.050045,25.607141
130.0,Gamagara,ssp370,far-term_2081-2100,27.270624,-2.0893939,-0.3153294,-7.973063973063972,-29.340658,-0.9803675856307427,-0.09941520467836229,5.8515472,3.126194,5.6758647,2.1214268,0.5638911,1.7143732,0.35602070777315536,-8.054122,49.330875,-19.01818181818182,2.5314138,3.6935947,-6.595109,51.622654,15.812126,90.56931,33.439663,3.5501325,4.7957115,156.33255
130.0,Gamagara,ssp370,mid-term_2041-2060,10.611862,-1.1912457,0.025898457,-5.636026936026937,-1.6296997,-0.14264828738512847,0.1523391812865499,9.00135,2.4039383,4.1376095,1.0947762,1.0378507,4.024582,0.2549676679229063,-4.2177114,22.974514,-11.93392255892256,0.74260646,1.2944227,-2.3746762,25.83091,4.4037924,39.45357,19.174582,1.5126133,2.0998268,56.868668
130.0,Gamagara,ssp370,near-term_2021-2040,6.929413,-0.46346787,0.19607417,-3.2276936026936034,-2.7243347,0.023141186299081202,0.13391812865497096,4.2675195,1.019605,1.2414061,0.17817323,-0.032491047,3.347463,0.17157345028674195,-0.8358927,12.526702,-5.929292929292932,0.19792509,0.3275299,0.5167325,14.477873,1.5241627,20.096176,10.3305435,0.60484695,1.1277288,25.632553
130.0,Gamagara,ssp585,far-term_2081-2100,33.446068,-2.1530302,-0.47489515,-8.620454545454544,-37.075428,-1.1803258145363411,-0.05497076023391786,3.3045018,3.31401,3.4172618,1.8743478,0.026528677,3.4103572,0.38476627998091456,-8.856058,59.13492,-20.998484848484853,4.0717125,5.6886945,-7.805832,60.890167,20.578709,113.68374,37.796497,4.45637,6.0503983,200.37434
130.0,Gamagara,ssp585,mid-term_2041-2060,16.04527,-1.4765149,-0.20743497,-6.136443381180224,-8.93987,-0.11365914786967342,0.2759816207184631,11.227097,3.3762062,6.5943985,1.8704761,0.92204666,3.4568584,0.4247850284255872,-4.9132357,27.96303,-13.171371610845299,1.5162867,2.4186065,-3.215666,30.59023,6.8224483,47.80196,21.775618,1.8504044,2.643819,74.23308
130.0,Gamagara,ssp585,near-term_2021-2040,5.1778207,-0.42515954,-0.094736576,-3.758333333333334,-9.750203,-0.3168337510442771,-0.03909774436090204,1.1816763,0.9486802,0.2273159,0.2782704,-0.5402921,0.82362366,0.11947694599306284,-1.4978199,14.754808,-7.792025518341312,0.7786439,1.173163,0.019086203,16.590921,2.4537878,22.890528,11.957715,0.9204734,1.2717768,30.292606
131.0,Matzikama,ssp126,far-term_2081-2100,3.1863499,-0.83101135,-0.048433624,-0.02857954545454545,-7.1807694,-0.026420739348370838,0.08154229323308274,3.0493188,2.7499819,2.8352897,2.0475397,0.88187706,1.0580573,0.09176140124088068,-3.7240846,18.982256,-0.23003409090909085,0.39753303,1.511943,0.31491238,13.035364,3.8866267,22.904108,9.311028,0.33926868,1.4522679,13.616279
131.0,Matzikama,ssp126,mid-term_2041-2060,3.0378478,-0.8142613,-0.017308569,-0.03382954545454545,-7.9641414,-0.15267073934837086,0.06204229323308271,1.4741385,1.7990775,2.2728863,1.7144778,0.43446168,0.9875213,0.08601276785364984,-3.8152027,18.997051,-0.22703409090909088,0.3410733,1.5179297,0.39211702,13.085956,3.8928766,23.305984,9.406985,0.31710893,1.4630511,13.479962
131.0,Matzikama,ssp126,near-term_2021-2040,3.39285,0.08623861,0.06944132,-0.015329545454545453,-0.7145424,0.131704260651629,0.06304229323308273,3.7337542,2.3729093,1.8217356,1.0976294,0.6375378,1.5412034,0.11417751390874024,-2.3082714,16.078644,-0.12890909090909092,0.090341225,1.3983954,1.9897344,10.431068,3.1506267,16.43598,6.121523,-0.06707735,1.1900032,9.7372
131.0,Matzikama,ssp245,far-term_2081-2100,6.8813734,-1.3765908,-0.21867172,-0.04090909090909091,-22.477566,-0.44829573934837097,-0.030463659147869644,-1.7760391,1.4377942,-0.19534461,0.69387925,-0.10788336,-0.5847143,-0.009516289173034575,-6.804581,24.141895,-0.3625,1.623878,1.9257944,-4.9993577,19.725601,5.7585945,44.219986,19.214804,1.6617587,1.920394,23.401203
131.0,Matzikama,ssp245,mid-term_2041-2060,6.089587,-1.1769317,-0.19998115,-0.036250000000000004,-14.858995,-0.29067669172932337,0.0291791979949875,-0.3112692,1.4646182,0.8897052,1.1832331,-0.21211037,-0.8612267,0.05481534836313924,-4.5110226,15.705712,-0.2805681818181818,0.98317564,1.2647836,-2.6237392,13.963143,3.449695,28.889744,12.977814,1.0202974,1.2703946,13.935771
131.0,Matzikama,ssp245,near-term_2021-2040,4.158099,-0.24412674,-0.027933586,-0.025454545454545452,-5.10906,-0.04179573934837102,0.03666729323308273,1.9845167,1.8333192,1.3265444,1.019685,0.5683402,0.7755121,0.12291182579651587,-1.1829177,9.600732,-0.18155502392344497,0.4955539,0.7368349,0.1452167,9.296514,1.9937779,16.16419,7.076936,0.44439253,0.6435793,8.275408
131.0,Matzikama,ssp370,far-term_2081-2100,13.2279005,-1.6294696,-0.44685465,-0.04656565656565657,-42.59239,-0.9551378446115286,-0.0630827067669173,-6.3155794,0.9760919,-1.1623154,1.1497378,-1.1058977,-4.127578,-0.13466360185379211,-8.749558,46.508095,-0.41604797979797975,2.0411463,3.5776465,-6.4573016,31.283392,12.825238,71.96736,26.962389,1.9501122,3.4442315,51.196922
131.0,Matzikama,ssp370,mid-term_2041-2060,5.2548747,-1.2516918,-0.13422301,-0.043648989898989896,-16.799025,-0.3350062656641605,-0.0028195488721804397,-1.1174103,1.2211163,0.3263652,0.8494758,0.17053743,-0.7634157,0.035911732599466985,-5.6295547,24.750849,-0.3491035353535354,0.65415776,2.0316586,-1.5978384,16.806828,5.538016,33.84444,13.422911,0.60095066,1.8512163,18.8422
131.0,Matzikama,ssp370,near-term_2021-2040,2.1265845,-0.20113632,0.00511899,-0.04087121212121213,-7.1908445,-0.12632205513784453,0.007048872180451166,-0.033364486,0.7776937,0.42033967,0.49822786,0.037666894,0.7093142,0.018914281714637715,-2.467867,16.206228,-0.27215909090909085,0.16387528,1.2383863,1.7617288,10.748251,3.2470436,16.869165,6.586086,0.01533885,1.1266327,9.162199
131.0,Matzikama,ssp585,far-term_2081-2100,19.377325,-1.6961364,-0.6685526,-0.04659090909090909,-50.545662,-1.162224310776942,-0.05629699248120299,-6.722901,1.7644113,-0.28366074,2.3077629,-1.2778468,-4.4042425,-0.12966068266701278,-9.376968,49.978737,-0.42806818181818185,3.1425776,3.8435795,-8.470772,37.8184,15.15299,89.44043,33.700764,3.1894362,3.6946015,73.95375
131.0,Matzikama,ssp585,mid-term_2041-2060,7.2791104,-1.4786364,-0.2799812,-0.044318181818181826,-22.04912,-0.46424812030075174,-0.028082706766917282,-1.7627414,1.4527973,0.5190446,1.2463847,0.0056617735,-0.75402796,0.023356213927528867,-5.932315,20.528296,-0.3611363636363637,1.3303812,1.8557496,-3.9551327,17.466368,4.8046713,38.815144,16.663776,1.3442336,1.7055286,20.383389
131.0,Matzikama,ssp585,near-term_2021-2040,2.7437532,-0.3591148,0.02442361,-0.028385167464114836,-6.0016828,0.0018233082706767378,0.031441102756892235,1.1700622,1.4915045,0.905926,0.8323889,0.3667148,0.7789547,0.10377128360591166,-1.9247977,11.026789,-0.2266267942583732,0.68173325,0.8564871,-0.3029421,9.85281,2.3861065,17.779633,7.9980493,0.6260234,0.7935284,8.669818
132.0,Cederberg,ssp126,far-term_2081-2100,3.1542387,-0.51251745,-0.088987574,-0.57763986013986,-13.483129,-0.36697464815885816,0.0830533063427801,3.9024825,2.166347,4.1821566,1.6205394,1.1600537,1.924212,0.10438452623767415,-3.1302207,17.033846,-2.4037412587412597,0.3401922,1.2453264,0.15159856,11.271103,2.9350405,20.231054,8.961762,0.47580257,1.4012331,10.008936
132.0,Cederberg,ssp126,mid-term_2041-2060,2.8011603,-0.3940559,0.038896706,-0.5045629370629368,-13.100862,-0.4929361866203964,0.037091767881241716,3.5209067,1.983481,3.868252,1.5065497,0.817619,1.9633986,0.09276133344487203,-2.9569273,16.918808,-2.121048951048951,0.2275731,1.2777481,0.29505217,11.325324,2.9983099,20.324125,8.925549,0.43831474,1.4161092,10.344968
132.0,Cederberg,ssp126,near-term_2021-2040,2.7769268,0.44152096,0.09120446,-0.32513986013986007,-0.20161438,0.012833044148834186,0.1538225371120109,7.0401664,2.289432,3.0318427,1.011939,0.9158834,2.82111,0.11615423879284342,-1.5552106,14.2429495,-1.4229720279720284,0.036754664,1.1003484,1.8248931,8.901917,2.3902328,14.056243,5.6615663,0.012887514,1.12781,7.359341
132.0,Cederberg,ssp245,far-term_2081-2100,5.2232323,-1.0033216,-0.27059954,-0.8298951048951047,-39.51766,-1.3393098129940233,-0.2138422980528244,-4.463421,1.3232331,0.08477453,0.84147364,-0.041243188,-1.629413,-0.04917310683604848,-6.001437,22.521046,-3.7059440559440566,1.4107769,1.8803378,-4.8806953,17.399195,4.6118236,41.294308,18.826296,1.605629,1.9044611,18.389763
132.0,Cederberg,ssp245,mid-term_2041-2060,5.225795,-0.80926573,-0.2563138,-0.6243006993006992,-29.25557,-0.8519471756313863,-0.17336610757663393,-3.557428,0.89995396,-0.6615174,0.39649776,-0.5269649,-1.5051926,0.03138187572961792,-3.7513764,14.649443,-2.773251748251749,0.8427176,1.2208254,-2.48306,12.328149,2.8088515,26.698412,12.499112,0.9784245,1.22981,10.558396
132.0,Cederberg,ssp245,near-term_2021-2040,3.4538507,0.063047476,-0.019372426,-0.3232333456017666,-9.425431,-0.27409003277424276,0.005553306342780045,4.1680746,2.0432155,2.2841134,0.95862365,1.1378438,1.3220054,0.145338454315655,-0.5922626,8.898623,-1.442611336032389,0.3853433,0.67660993,0.27426413,8.1187,1.573949,14.740147,6.575447,0.45779836,0.6174924,6.29251
132.0,Cederberg,ssp370,far-term_2081-2100,10.282639,-1.247261,-0.5200404,-1.104370629370629,-74.79352,-2.3959321380374012,-0.526855600539811,-14.381937,0.47689527,-3.0084321,0.63407964,-1.4335117,-6.364081,-0.24627068271869312,-8.458155,43.76457,-4.936305361305362,1.9644773,3.4773583,-6.395836,27.373203,10.392049,64.14637,26.226118,1.9739125,3.380885,38.610744
132.0,Cederberg,ssp370,mid-term_2041-2060,4.444583,-0.9243978,-0.16518208,-0.8047979797979793,-29.849154,-0.8965394254867939,-0.15418353576248325,-3.5879846,1.0283457,0.68016255,0.8551238,0.37822282,-1.0483114,0.013623542844303876,-5.0253925,22.537169,-3.306604506604506,0.59441674,1.8025583,-1.6014539,14.3255825,4.340126,29.77308,12.575357,0.66967785,1.8043973,13.866302
132.0,Cederberg,ssp370,near-term_2021-2040,1.8259588,-0.035936277,0.10384622,-0.5733877233877231,-8.0453,-0.23257181415076106,0.022537112010796258,2.0283136,1.1771029,2.5493085,0.943339,0.6565034,1.66274,0.08675102323454624,-2.0112138,14.572955,-2.034382284382285,0.15508145,0.9920863,1.7571847,9.097012,2.5035875,14.0435915,5.80684,0.09710693,1.0483087,7.0141654
132.0,Cederberg,ssp585,far-term_2081-2100,15.49429,-1.3055944,-0.72261405,-1.1297202797202794,-91.66195,-2.9792365529207627,-0.6929631771737034,-17.685947,0.3132424,-2.932402,0.99130875,-1.966859,-7.2216134,-0.3076502138587477,-9.08025,47.342255,-5.182517482517483,2.844072,3.867575,-8.2925,34.034657,12.956754,81.61555,33.025967,3.086162,3.6654027,59.047043
132.0,Cederberg,ssp585,mid-term_2041-2060,6.040079,-0.95594406,-0.2700501,-0.8117868973132126,-38.53407,-1.2618372855214963,-0.23142471563524192,-4.3161626,1.3000066,0.8595727,1.1422546,-0.009314611,-0.9621582,-0.03244142308043439,-5.1407304,19.168995,-3.4072414427677584,1.1971449,1.7968287,-3.7229257,15.139655,3.8791406,35.725292,15.98917,1.272373,1.7398864,15.255282
132.0,Cederberg,ssp585,near-term_2021-2040,2.5615091,-0.12320573,0.050462868,-0.4482701509017296,-11.359025,-0.19919992288413238,0.016743782533256455,1.537422,1.3568687,1.0071718,0.5548223,0.47553018,0.9709311,0.09320515329366863,-1.293717,10.293327,-1.9145472948104518,0.5814115,0.78048956,-0.14152005,8.706115,1.9347258,16.060125,7.494897,0.6071561,0.74692154,6.858213
133.0,Bergrivier,ssp126,far-term_2081-2100,2.692663,-0.4381493,-0.06800747,-0.031103896103896102,-12.964467,-0.32918814894378745,0.14002595775152174,5.8574147,2.3232272,3.9241965,1.2707065,0.8729507,1.699646,0.0744507744150038,-3.3575463,19.821894,-0.19324675324675325,0.2540985,1.5900877,0.6239815,11.512192,3.2880158,20.40051,8.973163,0.26411125,1.6884428,9.977139
133.0,Bergrivier,ssp126,mid-term_2041-2060,3.2705188,-0.21886365,0.13449247,-0.03467532467532468,-12.952203,-0.4795452918009301,0.11609738632295011,5.8967943,2.2704456,3.8391337,1.2149826,0.82905716,1.7733394,0.08036596995459913,-3.1394017,19.484632,-0.17967532467532468,0.11088746,1.5809801,0.8145527,11.5838,3.3319447,20.377296,8.754028,0.2190955,1.6580952,10.048568
133.0,Bergrivier,ssp126,near-term_2021-2040,2.856592,0.6043506,0.08627816,-0.010032467532467533,-0.72485787,-0.07597386322950163,0.21109738632295022,9.346589,2.730398,3.4959996,1.0298065,1.0792192,2.7116253,0.09708701395717245,-1.6464418,16.466242,-0.07788961038961036,-0.07005531,1.4063104,2.4137292,9.263179,2.657302,14.41587,5.537133,-0.1506473,1.3994685,7.1004467
133.0,Bergrivier,ssp245,far-term_2081-2100,5.2284813,-1.0951298,-0.3006267,-0.043181818181818175,-41.129875,-1.4568922305764407,-0.18519513068385246,-3.5046926,1.1826038,1.3332797,1.0014039,0.029213224,-1.8758017,-0.0797441983843886,-6.18421,23.499414,-0.35292207792207797,1.3922311,1.698782,-5.2173896,16.659136,4.3658576,40.50364,19.63872,1.5700842,1.7921802,16.425709
133.0,Bergrivier,ssp245,mid-term_2041-2060,4.23018,-0.8470779,-0.19994661,-0.03928571428571429,-31.882923,-0.9667561761546721,-0.1542427497314715,-2.5112545,1.1092542,0.73992634,0.7221693,-0.06942749,-0.850811,-0.02891434962455516,-3.8424013,14.943935,-0.25974025974025977,0.8420152,1.10166,-2.758695,11.69358,2.5983083,25.674469,12.852846,0.9500728,1.1444495,8.996293
133.0,Bergrivier,ssp245,near-term_2021-2040,3.2130191,-0.024128506,-0.028364522,-0.02564935064935065,-8.160893,-0.3070452918009308,0.10645452918009282,7.7391157,2.639188,4.021359,1.2361125,1.4099089,1.9333714,0.14642319717531166,-0.69098145,9.034109,-0.13571428571428573,0.38710514,0.5988083,0.11984307,7.7190385,1.4451964,14.140094,6.688127,0.4591089,0.6044121,5.536484
133.0,Bergrivier,ssp370,far-term_2081-2100,9.23616,-1.2641414,-0.5563911,-0.049675324675324685,-79.77813,-2.7376655925528106,-0.5076620121732905,-12.707755,0.8520579,-1.6052417,0.7684166,-1.1076571,-5.944575,-0.3027663910022251,-8.491199,47.213978,-0.42388167388167386,1.8106935,3.5834804,-6.282129,26.546507,10.44131,62.628365,26.436926,1.7573756,3.4367871,35.889774
133.0,Bergrivier,ssp370,mid-term_2041-2060,4.271123,-0.8375541,-0.16691753,-0.043326118326118324,-32.151707,-1.031274615109202,-0.1061582527747943,-1.9944981,1.34042,0.7872737,0.63584596,0.2574779,-1.0670929,-0.010704205801760633,-5.018922,25.243391,-0.3163419913419914,0.49621534,2.027701,-1.2221689,14.230406,4.5754366,29.46805,12.450849,0.48697144,2.0371954,12.998901
133.0,Bergrivier,ssp370,near-term_2021-2040,1.93616,0.07196973,0.14774418,-0.03896103896103896,-7.1731744,-0.20646258503401313,0.14872896527031862,5.746265,2.043607,2.178559,0.65505046,0.7109656,1.3657619,0.09424346382140111,-2.0243227,16.762432,-0.22427849927849927,0.020492315,1.2367376,2.3835123,9.417577,2.8571827,14.113684,5.541276,-0.084895134,1.2891186,7.3024735
133.0,Bergrivier,ssp585,far-term_2081-2100,14.166575,-1.3435065,-0.7145721,-0.04902597402597403,-99.14495,-3.4470282849982103,-0.6851951306838525,-17.166313,0.29096386,-1.8370613,0.9575877,-1.6359727,-7.1278644,-0.3809659137597517,-9.200093,49.148216,-0.43344155844155846,2.8135467,3.4974022,-8.469487,32.938087,12.486296,79.195564,34.07559,2.9655662,3.3601685,54.74017
133.0,Bergrivier,ssp585,mid-term_2041-2060,5.8815374,-1.0337663,-0.21015038,-0.04350649350649351,-40.54493,-1.4344432509846043,-0.15220193340494076,-1.9160445,1.8201495,1.7847288,1.1572438,0.23734911,-0.87979615,-0.05665395199464841,-5.2325187,19.842892,-0.3301948051948052,1.1671137,1.5632231,-3.956316,14.375349,3.5450103,34.479664,16.47791,1.2507192,1.6463252,13.096974
133.0,Bergrivier,ssp585,near-term_2021-2040,2.9329028,-0.103759445,0.09189027,-0.020437457279562542,-12.797326,-0.3290010741138546,0.05460078768349449,2.9400723,1.610921,2.438659,0.8989696,0.8773839,1.0720056,0.06540551499326216,-1.3061217,10.376183,-0.18086124401913878,0.5763762,0.6628276,-0.3149779,8.269388,1.8498291,15.378042,7.583247,0.59049934,0.7030187,6.025206
134.0,Witzenberg,ssp126,far-term_2081-2100,3.2046309,-0.43156248,-0.102295786,-2.750355113636364,-18.25661,-0.5273617637844622,-0.02108826754385984,2.3155909,1.6192427,3.2183206,1.0522071,0.73522073,0.59662426,0.05857057815726818,-2.4785013,14.112301,-7.451036931818182,0.3851987,0.6402514,-0.7141544,10.25481,1.8576354,17.852493,9.295412,0.78133845,1.132216,7.965312
134.0,Witzenberg,ssp126,mid-term_2041-2060,2.1433797,-0.40906247,0.023016855,-2.384417613636364,-15.913197,-0.5290805137844612,-0.10608826754385997,0.79394674,1.1717106,3.3945231,1.1178551,0.6026127,1.0854274,0.0422728313412892,-2.3038964,14.021943,-6.857286931818182,0.27455124,0.741639,-0.408423,10.273907,1.9665415,17.477646,8.984993,0.75020665,1.1342239,8.0817585
134.0,Witzenberg,ssp126,near-term_2021-2040,2.2872877,0.13656256,0.06645441,-1.7259801136363642,-1.9134722,-0.036424263784461314,0.057505482456140206,5.4743404,1.5022746,2.103371,0.5981775,0.9355186,1.885807,0.09228626344609955,-1.0461364,11.530156,-4.809161931818182,0.08876649,0.5587609,0.98204166,7.8867807,1.4452915,11.897335,5.7509723,0.28470242,0.8212249,5.785871
134.0,Witzenberg,ssp245,far-term_2081-2100,5.0869136,-0.8818182,-0.29606053,-3.965482954545455,-42.679924,-1.340836466165413,-0.37727130325814556,-7.5547132,0.6252204,-0.6352904,0.6068045,-0.38332492,-2.7101908,-0.07465049306525831,-5.5428505,22.625381,-12.488920454545454,1.3591701,2.0314026,-4.6509585,16.864103,3.9985197,36.735725,18.485731,1.682336,1.9275684,16.177984
134.0,Witzenberg,ssp245,mid-term_2041-2060,4.4239674,-0.640909,-0.22597119,-3.027414772727273,-34.982437,-1.1002114661654145,-0.31953320802005003,-6.775976,0.2609638,-1.749666,0.12613732,-0.494632,-2.0859752,-0.06243331588124432,-3.3311567,14.587136,-9.037500000000001,0.7984386,1.3219702,-2.2881126,11.988864,2.3728766,23.275433,12.214902,1.0154246,1.226546,9.528775
134.0,Witzenberg,ssp245,near-term_2021-2040,2.9286919,-0.1480188,-0.056670547,-1.6170903110047845,-12.211733,-0.4450180137844615,-0.07608826754385982,1.792847,1.0302103,2.211279,0.6991243,0.831471,0.6262555,0.07186427813837087,-0.3694538,8.892588,-4.781855562200958,0.35163724,0.6961516,0.3758471,7.8536057,1.3092978,12.530483,6.294751,0.48117927,0.5873592,5.3890896
134.0,Witzenberg,ssp370,far-term_2081-2100,9.77931,-1.0904514,-0.53172004,-5.345580808080808,-80.39141,-2.480889724310778,-0.7533991228070177,-17.339432,0.60740197,-2.485814,1.0387708,-1.1581719,-6.127782,-0.2301594240431701,-8.237606,40.698227,-17.136505681818182,2.0524662,3.1128929,-6.5789227,25.507109,8.446646,56.078968,25.875393,2.3176508,3.2080288,31.679768
134.0,Witzenberg,ssp370,mid-term_2041-2060,4.3200984,-0.8723958,-0.15869372,-3.7573863636363645,-32.322166,-1.0238173558897252,-0.2640899122807018,-4.846649,0.8076714,0.88817346,0.87743634,0.57567644,-1.1095493,-0.03453693968270391,-4.6525,20.089369,-10.91549873737374,0.790398,1.3192103,-2.0849357,12.940953,3.014875,24.950838,12.27606,0.9634608,1.5557473,11.245913
134.0,Witzenberg,ssp370,near-term_2021-2040,2.359572,-0.32343748,0.05808252,-2.370233585858586,-9.371812,-0.15046209273183034,-0.010800438596491461,1.3134027,0.88587666,1.8934771,0.72399217,0.46576542,0.6258254,0.0889807250871972,-1.6544533,12.189875,-6.1687973484848495,0.22654745,0.44312465,1.1552589,7.8518085,1.5162637,10.830358,5.498532,0.38399035,0.69340277,5.0452185
134.0,Witzenberg,ssp585,far-term_2081-2100,13.952242,-1.1140625,-0.7112392,-5.530823863636364,-97.714554,-3.0360745614035096,-0.9717653508771933,-20.951729,1.1066025,-3.002171,1.3574771,-1.6244084,-7.3550825,-0.3100719183695045,-8.786556,46.05681,-18.36988636363636,2.758667,4.077872,-8.01432,32.497242,11.773445,73.1662,32.18377,3.1239552,3.778581,51.09053
134.0,Witzenberg,ssp585,mid-term_2041-2060,5.4145923,-0.825,-0.21198308,-3.75617523923445,-40.55952,-1.3034852756892241,-0.3333724937343359,-5.8051734,0.8959608,1.7775617,1.2095075,0.05528897,-1.2367544,-0.054358545643684086,-4.644265,18.950996,-11.13955592105263,1.1594414,1.8575054,-3.4303808,14.515429,3.233889,30.98014,15.351624,1.2788624,1.8435323,13.032644
134.0,Witzenberg,ssp585,near-term_2021-2040,1.9501587,-0.05097939,0.08831446,-2.0978618421052633,-13.108906,-0.359437656641604,-0.057777255639098093,0.7593529,0.9850831,2.1759422,0.7392091,0.61444855,0.66278267,0.04456838687098949,-0.89571285,10.163161,-6.016574461722488,0.5251926,0.84673333,-0.015652895,8.43123,1.5403633,13.711226,7.298874,0.6197928,0.74476504,6.266424
135.0,Drakenstein,ssp126,far-term_2081-2100,1.6064262,-0.5206819,-0.055846214,-0.022727272727272728,-25.257141,-1.1834899749373449,-0.10654135338346027,5.489807,1.7394276,2.5722542,0.61177397,0.5098686,0.9159317,-0.00589553081386196,-3.3134923,22.396545,-0.16727272727272724,0.22363496,1.6888676,0.42728043,11.460758,3.1975956,19.272884,9.366093,0.23866749,1.678772,8.434963
135.0,Drakenstein,ssp126,mid-term_2041-2060,1.85392,-0.32318187,0.076654434,-0.022727272727272728,-21.763489,-1.1209899749373413,-0.26154135338345963,2.7845612,0.9972267,5.2503014,0.999187,1.0705795,1.9762955,-0.011909425219517544,-3.1512508,21.948153,-0.16977272727272724,0.11326623,1.6694508,0.7186365,11.467756,3.2575958,18.327877,8.735947,0.20619869,1.6043396,8.787595
135.0,Drakenstein,ssp126,near-term_2021-2040,1.4164238,0.3693179,0.08665371,-0.007727272727272725,-5.83667,-0.17098997493734203,0.06345864661654144,8.79174,1.6923885,5.3220367,0.96859455,1.5849724,3.0766296,0.07827783279685185,-1.7690096,18.817675,-0.10477272727272724,-0.057184458,1.5664768,2.3927078,9.126101,2.5900958,13.390385,5.4770203,-0.14066887,1.4195251,6.29812
135.0,Drakenstein,ssp245,far-term_2081-2100,2.8974915,-1.2636364,-0.3978696,-0.022727272727272728,-63.289307,-2.391228070175437,-0.8070175438596499,-5.5491943,1.157835,0.24017143,0.5560341,0.29558182,-3.2977982,-0.17870072381372815,-6.2631283,25.14695,-0.31136363636363634,1.377178,1.6744308,-5.491931,16.20732,4.056101,36.969738,20.463036,1.5513716,1.6937103,13.899875
135.0,Drakenstein,ssp245,mid-term_2041-2060,2.1022568,-1.0113637,-0.2812028,-0.01818181818181818,-52.567505,-2.015037593984964,-0.5284461152882214,-6.838867,0.7119541,1.806284,0.7920265,0.028373718,-1.29599,-0.14602365921979832,-3.8185248,15.840208,-0.27954545454545454,0.8645804,1.1108322,-2.983521,11.189116,2.3110049,22.346294,13.2784195,0.925436,1.0523148,7.685339
135.0,Drakenstein,ssp245,near-term_2021-2040,1.6989212,-0.16734445,-0.093346596,-0.020454545454545454,-13.334778,-0.9259899749373446,0.030958646616540797,12.014549,2.391348,4.4620743,0.7998872,1.3085251,2.6921158,0.12328163364328582,-0.7192583,9.530142,-0.14772727272727273,0.37708926,0.5874653,-0.054452896,7.380312,1.2843966,11.803951,6.6312103,0.42057037,0.60721207,4.58609
135.0,Drakenstein,ssp370,far-term_2081-2100,5.3741837,-1.3904041,-0.6804514,-0.01994949494949495,-128.37653,-4.982832080200502,-1.6744360902255648,-27.060547,-0.23417282,-3.155323,0.59668636,-1.6340332,-8.878128,-0.520064733138689,-8.4116,48.74695,-0.3411616161616161,1.6684277,3.3556538,-6.429623,25.642502,9.733985,57.73038,26.975426,1.710083,3.265007,31.888908
135.0,Drakenstein,ssp370,mid-term_2041-2060,2.8110275,-0.91540414,-0.33308315,-0.01994949494949495,-51.532898,-2.21967418546366,-0.4218045112781974,-4.3686447,1.0750408,1.287941,0.6325269,0.38321686,-0.8563309,-0.1327060495346517,-4.8072605,27.0864,-0.27449494949494946,0.4521315,2.039341,-1.2966585,13.784468,4.2200956,26.530376,12.484844,0.41712475,2.0314484,11.102799
135.0,Drakenstein,ssp370,near-term_2021-2040,1.7478676,0.12348497,0.061654568,-0.014393939393939393,-12.740295,-0.41177944862155513,0.007142857142856229,6.8787766,1.5577469,1.8582535,0.36504316,0.97885895,0.8449707,0.10438140406018714,-1.8238573,18.41362,-0.13005050505050508,-0.08165097,1.3414288,2.4002228,9.157,2.6950958,13.010944,5.3709145,-0.09078503,1.3207169,6.055576
135.0,Drakenstein,ssp585,far-term_2081-2100,6.823681,-1.4431819,-0.86691713,-0.022727272727272728,-156.2062,-6.093609022556388,-2.16654135338346,-31.987549,-0.46247673,-2.9435253,0.80757713,-2.009365,-10.402191,-0.6708526609523675,-9.212831,50.841225,-0.35,2.7605832,3.302246,-8.544213,32.11546,11.861005,74.34856,34.904335,2.8410435,3.137722,50.85201
135.0,Drakenstein,ssp585,mid-term_2041-2060,3.742733,-1.0954546,-0.29072714,-0.020454545454545454,-61.206482,-2.4102756892230595,-0.7046365914786987,-6.9957123,0.97257805,3.652832,1.1663818,0.7604675,-0.71456146,-0.1454578167418159,-5.1768456,20.810026,-0.30227272727272725,1.1515477,1.4555702,-4.079121,13.841715,3.1154313,30.337917,16.68483,1.1994076,1.5606422,10.932959
135.0,Drakenstein,ssp585,near-term_2021-2040,1.2189255,-0.24689007,-0.043108463,-0.013636363636363636,-24.271362,-1.005513784461158,-0.16416040100250662,2.9129257,1.3604908,4.0674515,0.8911505,1.3020477,0.79859924,0.0004201587383292349,-1.2505054,10.788132,-0.18612440191387558,0.56333494,0.6402321,-0.45993137,7.9391823,1.5172248,12.509922,7.5664673,0.5528641,0.65327835,5.1781945
136.0,Breede Valley,ssp126,far-term_2081-2100,1.7956102,-0.596461,-0.030532837,-2.093961038961039,-28.242085,-1.0516084854994618,-0.24778016469745803,-0.60045516,1.0518659,2.639922,0.7942544,0.48831478,-0.20547922,-0.05894234760911551,-3.0559678,17.911003,-5.792305194805195,0.3487721,0.98351777,-0.43777588,10.540746,2.1609178,14.899621,9.537192,0.58270687,1.2571613,7.277121
136.0,Breede Valley,ssp126,mid-term_2041-2060,1.1056088,-0.46431813,0.07982417,-1.7996753246753248,-22.760252,-0.8062513426423198,-0.29492302184031555,-2.638552,0.33851352,4.1098266,0.97328955,0.56564415,0.6397111,-0.0524988847525929,-2.879112,17.6158,-5.336590909090909,0.25536376,1.0291547,-0.10777773,10.539531,2.281632,14.64319,8.966083,0.5551,1.236915,7.2850156
136.0,Breede Valley,ssp126,near-term_2021-2040,1.545966,-0.02753239,0.15839598,-1.347175324675325,-7.0105023,-0.15410848549946238,-0.04992302184031475,3.4107094,0.97637856,2.2621381,0.550897,1.0206087,1.4623839,0.02314373378949825,-1.6216652,14.760503,-3.824805194805196,0.070181735,0.88996506,1.3540477,8.262242,1.6959176,10.122477,5.7475586,0.14422587,0.9839483,5.135392
136.0,Breede Valley,ssp245,far-term_2081-2100,3.0186532,-1.0227273,-0.32051563,-2.9762987012987017,-58.845303,-2.101217329036876,-0.7317937701396345,-11.518743,0.27753803,-0.9693721,0.4892014,-0.19687298,-3.7124715,-0.1909945673745906,-5.920766,24.636583,-9.829545454545455,1.3593811,1.8827975,-5.013454,16.323427,3.811432,29.827702,19.276157,1.6289996,1.8111027,13.623004
136.0,Breede Valley,ssp245,mid-term_2041-2060,2.3734152,-0.75259733,-0.18344042,-2.2834415584415586,-49.59914,-1.7889724310776918,-0.630433225921947,-11.47833,-0.14803913,-1.9966202,0.11186246,-0.5791465,-2.6934667,-0.17242977192394512,-3.593109,15.684268,-7.036038961038961,0.83490634,1.2056383,-2.511699,11.521866,2.1625085,17.723223,12.60955,0.969153,1.1499339,7.9264226
136.0,Breede Valley,ssp245,near-term_2021-2040,1.5945383,-0.19301088,-0.005889552,-1.1979323308270675,-16.678564,-0.728394199785176,-0.23706587898317263,2.302283,0.9807009,3.214423,0.6947548,0.8500268,0.8248591,0.03012205231809086,-0.60241234,9.413202,-3.6035714285714304,0.33817542,0.6630107,0.21810886,7.548866,1.1820803,9.595953,6.3826036,0.44300953,0.60637665,4.612227
136.0,Breede Valley,ssp370,far-term_2081-2100,5.1611176,-1.1699134,-0.5946115,-3.8798340548340553,-113.80269,-3.9456498388829213,-1.4492839240959536,-28.045973,-0.3968863,-4.5062547,0.60325915,-1.6305087,-8.395693,-0.47466831203277315,-8.407364,45.127705,-13.254725829725832,1.9315495,3.0038593,-6.5898066,24.78181,8.481195,47.25569,26.199842,2.084857,3.0945761,27.936062
136.0,Breede Valley,ssp370,mid-term_2041-2060,2.9577353,-0.87229437,-0.21679184,-2.7369769119769125,-46.562473,-1.704296455424274,-0.6007876834944508,-8.655108,0.34042412,1.4185284,0.7876038,0.71976334,-0.9029732,-0.13757369687930712,-4.897253,23.396854,-8.39361471861472,0.71970546,1.4576081,-1.9093817,12.908615,3.113338,20.292595,12.2802925,0.7714209,1.6812193,9.829711
136.0,Breede Valley,ssp370,near-term_2021-2040,1.5972086,-0.31713563,0.06967415,-1.738961038961039,-14.579985,-0.21707841031149425,-0.08236663086287188,0.25287464,0.7193666,1.0523179,0.4923563,0.4458463,-0.099179946,0.036609541588115135,-1.9247572,14.708821,-4.663852813852816,0.12239192,0.6910744,1.4659039,8.144615,1.6621476,9.127514,5.3949156,0.22765677,0.8746654,4.766616
136.0,Breede Valley,ssp585,far-term_2081-2100,7.1996064,-1.1925324,-0.73786247,-4.038311688311689,-136.75755,-4.823666308628715,-1.8086645184389545,-33.52546,-0.6010181,-5.6843605,0.501976,-2.2938106,-10.268061,-0.6237667713105598,-8.964946,49.140747,-14.29383116883117,2.7522643,3.668631,-8.1760435,31.54401,11.454717,62.48848,33.04417,2.9690278,3.4333687,45.881523
136.0,Breede Valley,ssp585,mid-term_2041-2060,3.4023283,-0.9151572,-0.23378086,-2.778947368421053,-54.58054,-1.9777479412817756,-0.6845148585750093,-10.696878,0.24804251,1.8909662,0.98359,0.45234734,-1.54256,-0.18415844510798746,-4.9379134,20.430384,-8.720095693779905,1.1425306,1.616741,-3.6349173,13.949604,2.922864,23.94431,15.691723,1.2422289,1.7026204,10.923702
136.0,Breede Valley,ssp585,near-term_2021-2040,1.3863411,-0.14213939,0.094450675,-1.6220779220779222,-21.114742,-0.7386322950232707,-0.24812030075187913,1.122928,1.1645845,4.1858134,1.0127496,1.1723143,1.2925252,-0.02188734395940222,-1.1267817,10.793749,-4.754665071770337,0.51124537,0.75345147,-0.227808,8.170907,1.385287,9.863161,7.3919487,0.592426,0.71572113,5.202274
137.0,Langeberg,ssp126,far-term_2081-2100,1.800723,-0.5532792,-0.055306774,-1.7810389610389608,-25.890738,-0.7781355173648415,-0.08712047977085567,-3.6445706,0.33492225,0.6600143,0.4835449,0.21687262,-1.3432611,-0.09033939866180798,-2.9793918,17.867006,-5.294707792207794,0.34086615,0.9452419,-0.5261601,10.66352,2.002418,16.61427,9.617772,0.60025007,1.2558763,6.703276
137.0,Langeberg,ssp126,mid-term_2041-2060,1.0689384,-0.5682792,0.0021933147,-1.5281818181818185,-17.76674,-0.46634980307912716,-0.08462047977085563,-1.9021982,0.26086372,2.2594755,0.7687393,0.099823,0.067333765,-0.03357659831362752,-2.7659707,17.546959,-4.885779220779222,0.2200401,1.0063182,-0.11725058,10.567124,2.057061,15.829988,8.929705,0.55441153,1.2334906,6.5431256
137.0,Langeberg,ssp126,near-term_2021-2040,1.4025108,-0.035779238,0.121122085,-1.112824675324675,-6.5369916,-0.10063551736484071,0.05716523451485865,2.2012303,0.9224704,3.1609662,0.88738555,0.94636536,0.79411536,0.009210888460844962,-1.539485,14.6596575,-3.4697077922077937,0.061142895,0.82663757,1.2998008,8.310316,1.5520608,10.9428425,5.7639403,0.14936318,0.9614171,4.6513963
137.0,Langeberg,ssp245,far-term_2081-2100,2.919245,-1.0071429,-0.2921943,-2.626298701298701,-42.972515,-1.3144110275689234,-0.262137486573577,-8.947509,-0.18501827,-0.91545594,0.4306186,-0.058828626,-2.5391736,-0.1441501352516159,-5.8934374,25.325872,-9.078571428571431,1.3365936,1.8670641,-4.890482,16.5205,3.7204201,32.653248,18.965452,1.6312333,1.8057452,12.685356
137.0,Langeberg,ssp245,mid-term_2041-2060,2.2454336,-0.7883117,-0.13505165,-2.011688311688312,-36.00085,-1.2246151092015751,-0.30499462943071987,-8.978988,-0.5434102,-1.3178108,0.18081829,-0.38980865,-2.1152012,-0.13315502750071598,-3.563928,16.081326,-6.501298701298703,0.8390891,1.2025133,-2.4127884,11.727904,2.0415413,19.686708,12.427965,0.9467521,1.1529688,7.4362693
137.0,Langeberg,ssp245,near-term_2021-2040,1.4557245,-0.22734119,-0.045663834,-1.0456596035543406,-14.141859,-0.43170694593627,-0.06426333691371292,-0.10731725,0.6482974,1.3053275,0.48068222,0.14688465,-0.21191134,-0.011857799947330352,-0.5833648,9.639465,-3.3861756664388234,0.3308908,0.68845314,0.2801357,7.649477,1.0696837,10.448638,6.287371,0.45718035,0.605793,4.2993913
137.0,Langeberg,ssp370,far-term_2081-2100,4.370104,-1.1680015,-0.61453617,-3.422943722943723,-80.387245,-2.530522735409954,-0.48428213390619396,-17.710558,-0.7665258,-3.1417017,0.3883028,-1.2729255,-5.6135354,-0.3398486383743017,-8.324067,45.307583,-12.167207792207792,1.9103605,2.8878632,-6.5073495,24.591484,8.290711,50.08487,25.629457,2.067076,3.020001,26.251291
137.0,Langeberg,ssp370,mid-term_2041-2060,2.7325118,-0.8993507,-0.17957374,-2.415007215007215,-33.120293,-1.0481919083422846,-0.18766559255281043,-5.991162,0.04194396,0.5561439,0.56382436,0.34442383,-0.65482765,-0.10079458461756907,-4.844587,23.647472,-7.746176046176047,0.7396664,1.3701352,-1.7992812,12.790853,2.760156,21.549948,11.947213,0.767971,1.6473677,8.663197
137.0,Langeberg,ssp370,near-term_2021-2040,1.3524352,-0.31323957,0.06516327,-1.487229437229437,-10.53016,-0.08503401360544276,0.034890798424632906,1.6843851,0.9706456,3.723397,1.1279584,0.7612168,0.86097664,0.03831464939622326,-1.8879731,14.521048,-4.341017316017316,0.14731856,0.6583037,1.436037,8.031948,1.4061878,9.524946,5.2216887,0.23934698,0.8507505,3.9754984
137.0,Langeberg,ssp585,far-term_2081-2100,6.1838713,-1.1850649,-0.6680446,-3.6003246753246754,-95.90833,-3.1035266738274268,-0.6250626566416039,-21.196453,-0.94827896,-4.680391,0.1342522,-1.8768346,-7.176776,-0.45266356841240946,-8.920925,49.685467,-13.246103896103898,2.7226088,3.599818,-8.066115,31.591595,11.54836,66.35132,32.404564,2.943818,3.3513374,44.15736
137.0,Langeberg,ssp585,mid-term_2041-2060,2.8763866,-0.9688312,-0.24423504,-2.477306903622693,-39.368748,-1.2164518438954544,-0.2672395273899035,-9.379408,-0.531865,-0.33055606,0.47357497,-0.104140416,-2.0388048,-0.16187203102791908,-4.916488,20.948046,-8.080331510594672,1.111548,1.5706774,-3.489158,14.033614,2.8490772,26.162237,15.32185,1.24573,1.664832,10.024024
137.0,Langeberg,ssp585,near-term_2021-2040,1.452237,-0.18198912,0.116989,-1.4269138755980866,-15.659158,-0.4259756534192632,-0.04717150017901904,-0.11717387,0.7959191,2.092756,0.7624912,0.6357585,1.0854808,-0.01711530788031609,-1.0734904,11.036128,-4.338072453861928,0.48765343,0.7846026,-0.13363525,8.297046,1.3011962,11.1198225,7.2688355,0.5990138,0.73671883,4.56246
138.0,Cape Agulhas,ssp126,far-term_2081-2100,1.0677376,0.1659658,-0.08085251,-0.006193181818181818,-27.006683,-0.8901253132832059,-0.15309210526315747,-5.6584644,-0.19452381,-0.63700914,0.17698526,0.12195444,-1.5045233,-0.10553285483816977,-2.8485732,25.612362,-0.0315340909090909,0.04824102,1.9189658,0.82540274,12.348204,3.1100566,10.114467,9.662686,0.120458126,1.6051178,7.9135966
138.0,Cape Agulhas,ssp126,mid-term_2041-2060,0.7171154,-0.020284176,0.020397782,-0.0011931818181818176,-19.057106,-0.6732503132832068,-0.0299671052631576,-1.0076046,0.468616,2.450861,0.71872056,0.197546,0.34932995,-0.05308783863211297,-2.6563845,25.097822,-0.005284090909090911,-0.11195731,1.8853106,1.2400942,12.099318,3.1263065,9.835716,8.853401,0.10702133,1.5831499,7.357018
138.0,Cape Agulhas,ssp126,near-term_2021-2040,0.5971141,0.6022159,0.049147606,-0.0011931818181818185,-9.736053,-0.25950031328320655,0.03878289473684249,2.2214375,0.8601737,3.8179903,0.9204732,1.1402426,0.8984108,-0.018268504708844002,-1.3747308,21.692377,0.05721590909090909,-0.2903173,1.6872945,2.7764628,9.731817,2.565682,7.565718,5.5358152,-0.24129868,1.4122391,5.3629384
138.0,Cape Agulhas,ssp245,far-term_2081-2100,1.372055,-1.2153411,-0.29620922,-0.006818181818181819,-46.74124,-1.616196741854636,-0.13088972431077683,-6.6577797,0.36628437,-0.13270092,0.52497363,0.10281038,-2.2315989,-0.16719214756216672,-6.102254,26.767014,-0.09602272727272727,1.2295102,1.5001678,-5.5260434,17.091846,4.020395,14.92826,20.715187,1.4877062,1.5827656,12.861029
138.0,Cape Agulhas,ssp245,mid-term_2041-2060,0.7946739,-0.8664773,-0.19025719,-0.006818181818181819,-37.85874,-1.20250626566416,-0.21838972431077663,-8.351973,-0.3505051,-1.0314708,0.21664965,-0.11864138,-1.7834682,-0.12723395988204333,-3.7045538,16.829496,-0.0846590909090909,0.78418064,0.9701171,-2.977395,11.8593645,2.100568,8.389356,13.56492,0.87711525,0.9889412,7.11839
138.0,Cape Agulhas,ssp245,near-term_2021-2040,1.0064883,-0.12565792,-0.11272693,-0.006818181818181819,-14.76136,-0.5407503132832066,-0.026842105263157667,-0.25074196,0.49232435,1.2426124,0.4153726,-0.010297298,0.023342133,-0.02606324585960529,-0.53211856,9.72497,-0.04431818181818181,0.30558842,0.55651665,-0.04385209,7.553543,1.0446638,4.022996,6.686301,0.4095993,0.5399828,3.5838034
138.0,Cape Agulhas,ssp370,far-term_2081-2100,2.2846804,-1.2457702,-0.61519444,-0.006818181818181819,-87.52234,-3.1014411027568904,-0.4815789473684209,-17.889378,-0.6841116,-3.4355135,0.2121141,-1.2813444,-5.7299824,-0.3869335984481377,-7.8913574,50.390907,-0.08743686868686869,1.3608007,3.3248682,-6.2441006,26.924843,10.312627,29.795162,27.01544,1.5420563,2.9312572,30.127813
138.0,Cape Agulhas,ssp370,mid-term_2041-2060,1.2899413,-0.70479804,-0.18822014,-0.006818181818181819,-36.805252,-1.320520050125312,-0.16710526315789465,-5.255846,0.24371052,1.0957389,0.64024866,0.12768602,-0.81964016,-0.12269522036790415,-4.1160297,29.58375,-0.06660353535353535,0.20788169,2.1031055,-0.97142076,14.296169,3.9952652,13.179192,12.520725,0.31828547,1.8768749,9.323648
138.0,Cape Agulhas,ssp370,near-term_2021-2040,0.25310183,0.28131306,0.041384578,-0.004734848484848485,-10.556,-0.42512531328320735,0.09473684210526317,1.7318077,0.77946806,5.29105,1.2521613,0.8779712,0.88441944,0.002766900562455543,-1.3242991,20.363249,-0.012436868686868677,-0.32059753,1.5333524,2.633121,9.465113,2.3160985,6.865301,5.369151,-0.1566832,1.207861,5.041703
138.0,Cape Agulhas,ssp585,far-term_2081-2100,3.5714588,-1.3596592,-0.7432332,-0.006818181818181819,-106.16938,-3.7828634085213024,-0.6541040100250626,-23.36155,-1.3483019,-4.660223,0.12805331,-1.5875425,-6.986991,-0.5135893597543504,-9.08083,52.550636,-0.09545454545454546,2.5343947,2.9265723,-8.600943,34.302246,13.217046,38.19674,35.238426,2.7208107,2.7750626,52.30768
138.0,Cape Agulhas,ssp585,mid-term_2041-2060,1.0821733,-1.0840911,-0.29739988,-0.006818181818181819,-41.20018,-1.3483395989974922,-0.24696115288220538,-9.237261,-0.4536023,-1.1848407,0.18267906,-0.14048958,-1.871211,-0.16009044612551548,-5.0881777,21.923561,-0.08636363636363636,1.0196291,1.216116,-4.0522857,14.37133,3.0182118,11.540192,16.687376,1.1112237,1.3430729,9.799342
138.0,Cape Agulhas,ssp585,near-term_2021-2040,0.8845544,-0.39303243,0.05795729,-0.005113636363636364,-21.915718,-0.7191729323308262,-0.06065162907268151,-1.8205814,0.49096203,2.8749871,0.9028493,0.52527523,0.19688988,-0.06930075508146682,-1.1137908,11.115958,-0.0596590909090909,0.4711802,0.66317034,-0.34088016,8.248251,1.286902,4.462081,7.691099,0.5190768,0.69051504,4.0719614
139.0,Swellendam,ssp126,far-term_2081-2100,1.1204349,-0.41116887,-0.048707623,-0.3761363636363636,-30.962559,-0.9337817758682411,-0.2846115288220553,-8.270413,-0.4442776,-1.284466,0.16567516,-0.08678354,-2.3992233,-0.13740343210557743,-2.9581554,21.420864,-1.7255844155844156,0.2509403,1.34505,0.18370874,11.547928,2.4003572,16.218977,9.617477,0.34707683,1.4825674,6.785553
139.0,Swellendam,ssp126,mid-term_2041-2060,0.5497202,-0.3897403,-0.0047791344,-0.31542207792207794,-18.924713,-0.43163891872538507,-0.13532581453634096,-2.2532425,0.2629133,0.60922515,0.39604467,-0.16225243,0.0042539323,-0.035504969535128286,-2.806327,21.062344,-1.5416558441558443,0.11819186,1.3615164,0.6270862,11.311428,2.3903573,15.191477,8.729474,0.30237648,1.4625762,6.5415683
139.0,Swellendam,ssp126,near-term_2021-2040,0.58186287,0.08954542,0.08664962,-0.24185064935064934,-7.5244837,-0.12771034729681321,0.0653884711779446,2.8955731,1.0161642,4.6440473,1.1294973,1.41132,1.6547388,-0.015263940020388032,-1.5305988,17.935255,-1.0284415584415585,-0.027620133,1.1905308,2.0601296,9.024539,1.9089285,11.075047,5.6009583,-0.06627369,1.2605678,4.531418
139.0,Swellendam,ssp245,far-term_2081-2100,1.7689046,-1.0922078,-0.19829948,-0.5675324675324676,-44.900818,-1.21611170784103,-0.3442713927676335,-10.52281,-0.29741913,-1.0688716,0.4761004,-0.34170777,-3.0947893,-0.15775353011647233,-5.909997,26.247297,-2.896753246753247,1.3250948,1.7013446,-4.9490337,16.79001,3.7064595,28.45434,19.042976,1.568864,1.764825,12.206641
139.0,Swellendam,ssp245,mid-term_2041-2060,1.4712843,-0.8207792,-0.18639462,-0.45941558441558455,-36.512722,-1.079717150017901,-0.3782849982098104,-10.485261,-0.63374054,-1.1950237,0.31478685,-0.10402788,-1.8232133,-0.1279828963365198,-3.5204158,16.60983,-2.187012987012987,0.81811905,1.101351,-2.449713,11.846176,1.9753247,17.060698,12.506568,0.914055,1.1190218,6.891138
139.0,Swellendam,ssp245,near-term_2021-2040,0.56472045,-0.18489413,-0.087636404,-0.2481373889268626,-15.626653,-0.45163891872538436,-0.18854010025062667,-3.1071582,0.058708463,0.8583742,0.42269108,-0.3710635,-0.63023156,-0.04337040804769351,-0.500421,9.830048,-1.1594839371155161,0.33110908,0.633934,0.2633141,7.648763,0.98015493,8.729734,6.2545004,0.44627175,0.62873185,3.6550484
139.0,Swellendam,ssp370,far-term_2081-2100,2.539042,-1.2168832,-0.5878808,-0.7068903318903319,-81.56737,-2.570229144289294,-0.6675438596491229,-21.657675,-1.4872404,-4.9759893,-0.0094567705,-1.8404394,-6.0391665,-0.3596764911069505,-8.16311,48.23743,-3.700505050505051,1.7304422,3.0719178,-6.113257,25.27602,9.096826,46.430286,25.23813,1.7647339,3.0513158,26.189438
139.0,Swellendam,ssp370,mid-term_2041-2060,1.438667,-0.8506133,-0.2183316,-0.5354617604617604,-33.335217,-1.0010562119584672,-0.26453634085213024,-6.835869,-0.15222986,0.13803618,0.43786627,-0.019609723,-0.9280265,-0.09898170410143793,-4.6602287,26.86741,-2.496139971139971,0.5886582,1.6612822,-1.1005557,13.413071,3.2075398,20.096556,11.687184,0.5035496,1.8191653,8.470787
139.0,Swellendam,ssp370,near-term_2021-2040,0.57926804,-0.24545452,0.05008922,-0.3517316017316018,-8.747001,-0.051056211958468926,0.0313283208020047,3.4024854,1.1729995,7.413194,1.7508923,1.4214126,2.399038,0.03293337107620405,-1.773573,17.30839,-1.4223304473304477,0.024529127,1.0403589,2.154864,8.600716,1.6714286,9.578304,5.0529075,0.022208896,1.0700749,3.7918189
139.0,Swellendam,ssp585,far-term_2081-2100,3.9144819,-1.2847403,-0.6057826,-0.7318181818181818,-98.01318,-3.209308986752596,-0.7701217329036881,-26.281626,-1.783971,-7.188372,-0.25898033,-2.4468114,-7.7442374,-0.46207367796114035,-8.968949,51.04863,-3.9853896103896105,2.6530566,3.2473626,-8.16289,32.373325,12.113961,61.126606,32.63176,2.840143,3.0924077,44.986717
139.0,Swellendam,ssp585,mid-term_2041-2060,1.2869309,-1.0022727,-0.21904795,-0.5359706083390294,-39.858025,-1.1603293949158597,-0.3772645900465452,-11.774341,-0.9163241,-2.2194855,0.054994106,-0.5287759,-2.5508084,-0.17176027597844762,-4.9096775,21.65695,-2.6856459330143543,1.0756342,1.3881861,-3.507093,14.1649065,2.8215482,22.51343,15.297919,1.183506,1.5458194,9.164948
139.0,Swellendam,ssp585,near-term_2021-2040,0.9848889,-0.25977448,0.07959162,-0.2979323308270677,-17.940172,-0.3810776942355896,-0.1316863587540282,-1.8682796,0.46116748,0.95810753,0.50556135,-0.0024335044,0.47945732,-0.0378729496730909,-1.0449888,11.215443,-1.4490601503759402,0.47937426,0.730148,-0.04994842,8.327185,1.2419344,9.409724,7.273904,0.5706996,0.75871,3.9527032
140.0,Kannaland,ssp126,far-term_2081-2100,1.6026802,-0.4918561,-0.05225237,-0.8125000000000001,-24.52358,-0.5699832915622389,-0.12817773600668347,-5.675522,-0.28299174,-1.1768141,0.06895288,-0.37364802,-2.116042,-0.09442878725335617,-2.6928623,17.743542,-3.5423106060606067,0.4038409,0.85132474,-0.41618237,11.264137,2.0244997,19.944946,9.568488,0.6499103,1.3740286,6.861988
140.0,Kannaland,ssp126,mid-term_2041-2060,1.2010139,-0.41018942,-0.009752274,-0.6512499999999999,-12.256368,-0.18873329156223959,-0.03859440267335005,-0.8362465,0.42011642,1.6718241,0.76446193,-0.13223648,0.45399666,-0.00565603790660892,-2.5410447,17.469862,-3.136060606060606,0.27979344,0.8892167,0.058042526,10.967774,2.0669997,18.55577,8.776346,0.59028655,1.2887625,6.6488304
140.0,Kannaland,ssp126,near-term_2021-2040,1.0830988,-0.07060603,0.055664618,-0.5237499999999999,-3.4275105,0.06793337510442725,0.04723893065998334,2.6944,1.1450266,2.4826605,0.85619235,0.61073333,0.90499496,0.021355774985944393,-1.235439,14.35513,-2.3456439393939394,0.11405577,0.7368819,1.4314198,8.542171,1.5149163,12.60786,5.7091675,0.19225454,1.0011564,4.334795
140.0,Kannaland,ssp245,far-term_2081-2100,2.8758547,-1.0231061,-0.13949434,-1.0250000000000001,-29.006987,-0.7345864661654136,-0.18617376775271507,-5.4525733,0.20817916,0.3842977,0.8372856,0.060353916,-1.4588585,-0.08776634273912635,-5.7639136,26.07058,-5.345833333333334,1.4021156,1.9596792,-4.3331985,17.185127,3.872887,37.185307,17.763103,1.6733236,1.9510549,13.017377
140.0,Kannaland,ssp245,mid-term_2041-2060,2.3175228,-0.75757575,-0.21131968,-0.8803030303030304,-23.59199,-0.5706975772765251,-0.16276106934001666,-4.6796,0.09058857,-0.227259,0.47380742,-0.35142708,-1.4996504,-0.049400251704842635,-3.4800184,16.660769,-4.115151515151516,0.88494277,1.2548269,-2.0020657,12.273154,2.202492,23.314713,11.772067,0.99162483,1.2562968,7.219507
140.0,Kannaland,ssp245,near-term_2021-2040,0.8505993,-0.1095495,-0.038918734,-0.4845494417862839,-10.553243,-0.2991499582289059,-0.04192773600668339,-0.3023796,0.6573636,1.776578,0.83223504,-0.056205433,-0.43871942,-0.0001037117027028837,-0.5620553,9.992137,-2.2575757575757573,0.37887362,0.71772385,0.54397076,7.9741864,1.0810452,12.099739,6.107286,0.4958167,0.69321823,3.9689016
140.0,Kannaland,ssp370,far-term_2081-2100,4.052506,-1.1953284,-0.37644085,-1.3388888888888888,-53.955143,-1.3314745196324143,-0.2728487886382623,-12.305329,-0.7285452,-2.8240528,0.08305597,-1.5223764,-4.491814,-0.218449031158771,-8.241527,45.189075,-7.023653198653197,2.0654721,2.913704,-5.935894,24.757233,8.61899,55.120308,23.600994,2.1442716,3.1449826,26.136307
140.0,Kannaland,ssp370,mid-term_2041-2060,1.8845234,-0.81708753,-0.15670402,-1.0967592592592592,-21.343256,-0.5156850459482037,-0.02635756056808684,-2.9046009,0.3401591,0.7835398,0.62244385,-0.089959145,-0.7585837,-0.04986384764737976,-4.6629567,23.897335,-5.019486531986533,0.91451585,1.3391145,-1.2334276,13.063055,2.996305,23.47216,11.131364,0.795774,1.6138853,8.7474165
140.0,Kannaland,ssp370,near-term_2021-2040,1.1108383,-0.39718014,0.049436253,-0.8263888888888888,-5.4609017,0.15317460317460307,0.10653717627401837,4.706474,1.9125401,5.975534,2.0679393,0.7938099,2.084966,0.07619458270960378,-1.8622699,14.519906,-3.213930976430978,0.2984934,0.6137826,1.7899579,8.044534,1.4166756,10.013835,4.7877374,0.24165328,0.8284766,3.5145469
140.0,Kannaland,ssp585,far-term_2081-2100,5.639744,-1.2147727,-0.43155813,-1.3643939393939393,-62.921116,-1.5750626566416042,-0.3048245614035087,-14.565888,-0.7488944,-2.253129,0.75932646,-1.4716495,-5.3300724,-0.26814788807444495,-8.843797,49.642654,-7.360227272727272,2.815125,3.6602802,-7.6525707,31.681389,11.694159,73.84767,30.289557,3.0419476,3.5494664,42.757206
140.0,Kannaland,ssp585,mid-term_2041-2060,2.0552206,-1.0056819,-0.09624044,-1.0086722488038278,-26.592695,-0.691729323308271,-0.052840434419381875,-5.079902,0.018335978,0.5454919,0.72791624,-0.29170322,-1.8882669,-0.10170495189875813,-4.761174,21.396893,-5.068082137161085,1.148764,1.6556145,-3.0382423,14.52892,2.955961,29.879333,14.263961,1.2723621,1.8061352,9.942522
140.0,Kannaland,ssp585,near-term_2021-2040,0.78934765,-0.29324156,0.09145808,-0.56042663476874,-8.330119,-0.06434837092731893,-0.012761069340016529,0.6438319,0.8688507,1.0116132,0.5391092,-0.031143188,0.48778662,0.01869992248698127,-1.0299209,11.396533,-2.815968899521531,0.48437595,0.7860584,0.20336597,8.696675,1.369697,13.241609,6.971214,0.6444753,0.77572507,4.276253
141.0,Hessequa,ssp126,far-term_2081-2100,1.3992687,-0.304938,-0.09666829,-0.05884297520661157,-30.45036,-0.9416997038049676,-0.23168888129414447,-8.453127,-0.5675647,-1.7335511,0.032779,-0.29281008,-2.502809,-0.1236938206198047,-2.773864,23.63222,-0.36055785123966944,0.2042055,1.5743217,0.6923373,12.190727,2.8749988,13.914284,9.359268,0.18570848,1.6743671,7.1490884
141.0,Hessequa,ssp126,mid-term_2041-2060,0.9438156,-0.22971074,0.002876932,-0.04088842975206611,-16.978088,-0.29851788562314885,-0.047370699475962376,-1.3186424,0.4445759,0.6878534,0.4258481,-0.22036241,0.41461736,-0.017439833920396438,-2.6247485,23.115328,-0.3035123966942148,0.09262525,1.5927657,1.1900673,11.838275,2.8304534,13.121099,8.50802,0.15903257,1.6283524,6.6416726
141.0,Hessequa,ssp126,near-term_2021-2040,0.8079069,0.14528929,0.07787717,-0.017479338842975204,-6.3135376,-0.045108794714059174,0.12399293688767367,3.1518,1.0890883,4.4803925,1.1275247,1.1488727,1.6397591,0.007683845805220635,-1.3761455,19.81296,-0.17623966942148755,-0.08189223,1.4227052,2.6428668,9.502996,2.2256806,9.729964,5.4368005,-0.21760984,1.4347618,4.6383233
141.0,Hessequa,ssp245,far-term_2081-2100,1.9195846,-1.1584711,-0.13683067,-0.08987603305785125,-40.110325,-1.1296650717703351,-0.25044429254955564,-9.709088,-0.40706894,-0.8352098,0.48019686,-0.100286655,-2.3854928,-0.13686328986860125,-5.9142485,27.004128,-0.75599173553719,1.3863363,1.702299,-4.774173,17.11363,3.9850698,22.539625,18.558416,1.5357149,1.7988629,11.973604
141.0,Hessequa,ssp245,mid-term_2041-2060,1.5643883,-0.9561983,-0.19462304,-0.0884297520661157,-31.723944,-0.8539074960127606,-0.271656413761677,-7.8806944,-0.27858162,-0.10266911,0.5094845,0.036839053,-1.4106803,-0.08232140027128851,-3.525542,17.111881,-0.6252066115702479,0.8223035,1.1070253,-2.3325603,12.002081,2.2024577,13.454037,12.205195,0.92915154,1.1594478,6.389827
141.0,Hessequa,ssp245,near-term_2021-2040,0.23108707,-0.21919315,-0.06439547,-0.05319704219225751,-13.55158,-0.46397243107769504,-0.08555251765778067,-2.087102,0.18628675,1.640253,0.5894579,-0.12727442,-0.16771421,-0.027604057291401786,-0.54326665,10.078225,-0.3399086559373641,0.36839086,0.6420118,0.37189692,7.6707444,1.065497,6.684049,6.0936465,0.45921594,0.6954436,3.429403
141.0,Hessequa,ssp370,far-term_2081-2100,2.6526551,-1.3531451,-0.46352223,-0.09995408631772267,-69.79574,-2.085623148781045,-0.476270221007063,-17.639729,-1.1464721,-4.9967365,-0.26046133,-1.6953624,-5.2270393,-0.29759701217262596,-8.010099,49.725178,-0.8792699724517906,1.6886326,3.270649,-5.5963125,25.699642,9.947499,39.262413,24.143047,1.6011237,3.2057724,26.054113
141.0,Hessequa,ssp370,mid-term_2041-2060,1.4000239,-0.94809455,-0.18361802,-0.09162075298438933,-28.76628,-0.6861016176805659,-0.14756208703577103,-5.604178,-0.049748506,0.5832167,0.50859666,-0.050826505,-0.5396586,-0.06452651954496416,-4.371782,28.721943,-0.6305325987144168,0.5596652,1.8546281,-0.47703865,13.924286,3.7722466,16.852818,11.203034,0.31805333,1.9445107,8.765728
141.0,Hessequa,ssp370,near-term_2021-2040,0.86413836,-0.29632688,0.026908051,-0.06990358126721764,-7.912273,-0.06122123490544604,0.14119389382547295,5.2967076,1.6654054,7.4492297,1.8768089,1.3495346,2.866552,0.047432419635780126,-1.4667906,18.796877,-0.33684573002754814,-0.027535385,1.259256,2.7790737,9.047424,1.9631554,8.407111,4.816744,-0.1431929,1.2680912,4.0546174
141.0,Hessequa,ssp585,far-term_2081-2100,3.9490218,-1.4491736,-0.44700405,-0.1068181818181818,-83.00375,-2.5201412622465265,-0.5578035999088631,-21.895815,-1.5047951,-5.377992,-0.029562084,-1.8589953,-6.4768224,-0.35628457453847856,-8.959033,51.78307,-0.934297520661157,2.6751628,3.1827571,-8.057327,32.563374,12.666094,50.584404,31.867582,2.8524182,3.0700743,44.57316
141.0,Hessequa,ssp585,mid-term_2041-2060,1.3485875,-1.1053718,-0.12406011,-0.0902892561983471,-33.781025,-0.9417862838915471,-0.20910230120756426,-8.648556,-0.51337034,-0.4407366,0.4056081,-0.1351079,-1.9373342,-0.12681212239380682,-4.929682,22.246958,-0.7261309264897782,1.0732734,1.3686298,-3.3964705,14.334035,3.0329056,17.63246,14.869634,1.1672499,1.5759711,9.029437
141.0,Hessequa,ssp585,near-term_2021-2040,0.9544321,-0.34356236,0.034814402,-0.051598521096128745,-15.314356,-0.2855092276144911,-0.02706766917293219,-1.4148997,0.48792353,0.8140358,0.45262718,-0.058551613,0.16107768,-0.023116701188239105,-1.0322884,11.463633,-0.4016093953892997,0.5082447,0.7130505,0.06453939,8.466229,1.3228796,7.290399,7.1169214,0.5610829,0.76713735,3.7718613
142.0,Mossel Bay,ssp126,far-term_2081-2100,1.6209488,-0.6290909,-0.19558494,-0.05189393939393936,-29.510427,-0.8983312447786144,-0.14463241436925633,-7.1010184,-0.31111655,-1.0292867,0.22354317,-0.38157973,-1.6507797,-0.08617210738430359,-2.9032152,23.005274,-0.6177272727272729,0.35856032,1.4509863,0.5089102,12.24357,2.8887439,13.348978,9.326488,0.27148023,1.7381197,7.074269
142.0,Mossel Bay,ssp126,mid-term_2041-2060,1.0251147,-0.5140908,-0.071418285,-0.026060606060606024,-15.617503,-0.4349979114452808,0.00953425229741045,0.56889087,0.8881607,0.79647636,0.4472836,-0.08628527,1.0764414,0.010002011559262947,-2.803086,22.530195,-0.5018939393939398,0.2437009,1.4512781,1.0296484,11.907178,2.8395774,12.365646,8.4369955,0.25529227,1.6828753,6.4576025
142.0,Mossel Bay,ssp126,near-term_2021-2040,0.8001149,-0.2407577,-0.08308506,-0.0010606060606060397,-3.892863,0.0500020885547201,0.15120091896407728,5.48583,1.5859636,4.1558843,1.07509,1.0629514,1.5813242,0.04723531823384638,-1.5700439,19.081648,-0.402727272727273,0.08078929,1.2868227,2.4431098,9.425521,2.1870773,9.406481,5.4120483,-0.12678401,1.4257902,4.379532
142.0,Mossel Bay,ssp245,far-term_2081-2100,2.1459472,-1.3469697,-0.22439463,-0.09999999999999998,-35.269573,-1.0571010860484555,-0.14741019214703402,-7.2414145,0.018348059,-0.5149288,0.60029125,0.3344644,-1.1241964,-0.08677716774725101,-5.934539,27.236927,-1.0257575757575759,1.4291912,1.8067793,-4.4582596,17.388851,4.247648,21.002947,17.906837,1.5903215,1.884313,12.04599
142.0,Mossel Bay,ssp245,mid-term_2041-2060,1.821345,-1.0189394,-0.2474103,-0.09848484848484845,-27.094248,-0.7602756892230594,-0.08788638262322435,-3.6877391,0.55427486,0.9299914,0.8129978,0.093732834,-0.8465602,-0.023496531196039783,-3.5613403,17.334318,-0.8583333333333337,0.87069035,1.1589985,-2.092017,12.236327,2.416547,12.332615,11.797596,0.99403065,1.2502747,6.3886805
142.0,Mossel Bay,ssp245,near-term_2021-2040,0.22428258,-0.29074946,-0.13808458,-0.0583333333333333,-11.156616,-0.3774979114452801,0.00870091896407669,0.48925272,0.70409775,3.0404434,0.9891925,0.34696326,0.33825555,0.018956644708149877,-0.61225605,10.24876,-0.5231259968102074,0.4193584,0.63735515,0.5017169,7.8446975,1.0944222,5.7746415,5.994278,0.50300246,0.73678464,3.7285295
142.0,Mossel Bay,ssp370,far-term_2081-2100,3.0029647,-1.4655724,-0.44005823,-0.11069023569023567,-61.029114,-1.7465329991645782,-0.36524644945697554,-14.539096,-0.6848119,-5.025665,-0.29590908,-1.4535338,-4.3054047,-0.22116865243452763,-8.1294365,49.08258,-1.2412457912457915,1.8901323,3.208564,-5.3865333,25.531012,9.970502,37.39676,23.104912,1.7601191,3.3512955,25.517252
142.0,Mossel Bay,ssp370,mid-term_2041-2060,1.3161246,-1.0914983,-0.20672543,-0.10050505050505047,-25.649261,-0.6710944026733499,-0.045948203842940405,-2.6315434,0.6396713,0.9459012,0.6778261,-0.027431488,-0.071186066,-0.03043899384402149,-4.539308,28.092346,-0.9162457912457915,0.77197933,1.7562872,-0.45647177,13.945359,3.7871702,15.883796,10.935365,0.43107128,1.9760971,8.482067
142.0,Mossel Bay,ssp370,near-term_2021-2040,0.7301591,-0.5674242,-0.06900581,-0.07457912457912455,-6.141815,-0.021971595655805903,0.20054302422723516,7.0508575,2.068819,7.5920863,1.9944954,1.2114735,3.152209,0.09502851008860258,-1.692146,18.218744,-0.5912457912457915,0.16118968,1.1355051,2.6591454,8.939351,1.9584663,8.345832,4.6494355,-0.077840805,1.2822393,3.8385475
142.0,Mossel Bay,ssp585,far-term_2081-2100,3.8919785,-1.5257576,-0.37598196,-0.12121212121212117,-70.90726,-2.049958228905597,-0.4029657477025894,-18.717466,-1.2215697,-3.8982055,0.34716287,-1.4786053,-5.4147363,-0.26722184770699986,-8.951623,51.728027,-1.3106060606060608,2.7993705,3.29856,-7.812402,32.25817,12.699122,48.608368,30.609438,2.9880972,3.2442067,42.230743
142.0,Mossel Bay,ssp585,mid-term_2041-2060,1.5229315,-1.2742424,-0.2085212,-0.10454545454545454,-28.101156,-0.8412280701754383,-0.047410192147034014,-4.6533866,0.20459557,1.5347513,0.88328,0.31695938,-0.47089767,-0.061279348126035714,-4.916214,22.52128,-1.0634370015948964,1.1304644,1.4564902,-3.179883,14.556857,3.1841707,16.216429,14.33152,1.235376,1.6629435,9.4489975
142.0,Mossel Bay,ssp585,near-term_2021-2040,1.0848376,-0.4893541,-0.028362751,-0.05757575757575755,-10.531606,-0.12773600668337526,0.09227234753550584,2.112569,1.1280416,1.6870785,0.61005,0.18107541,0.7189382,0.026506783813860697,-1.1178719,11.637254,-0.5572169059011166,0.51671654,0.69256276,0.16587067,8.639588,1.4285487,6.3795877,6.9677186,0.5926676,0.78050107,3.8140767
143.0,George,ssp126,far-term_2081-2100,1.5388807,-0.710552,-0.12204511,-0.3803571428571428,-44.23423,-1.6300411743644838,-0.27297887576083035,-6.12745,0.584319,0.019883838,0.473842,-0.3511129,-0.49881417,-0.09461761754024613,-2.6848996,20.622429,-2.5376623376623377,0.47242054,1.2026395,0.30506474,12.296292,2.6611962,9.887248,9.170459,0.43650156,1.7976246,7.04923
143.0,George,ssp126,mid-term_2041-2060,1.2560232,-0.5794805,-0.11990241,-0.3164285714285714,-22.060892,-0.8571840315073432,0.07130683852488374,2.6416104,1.0955429,2.0614204,0.53580415,-0.18632616,1.9165115,0.0010391318384437298,-2.5855148,20.231787,-2.3505194805194805,0.31160602,1.1615843,0.8261957,11.701387,2.5601249,9.009748,8.238023,0.40265656,1.7277786,6.595095
143.0,George,ssp126,near-term_2021-2040,0.7567381,-0.29876637,-0.03704541,-0.2217857142857143,-3.0305786,-0.15789831722162567,0.3320211242391692,10.769829,1.8702393,5.3558946,0.8961829,0.8254329,2.5469534,0.07434583835338746,-1.3720067,16.683914,-1.7833766233766235,0.17305616,0.9631367,2.140125,9.259391,1.905839,6.8404627,5.2861495,0.02474921,1.2977074,4.039456
143.0,George,ssp245,far-term_2081-2100,1.9422338,-1.2344157,-0.16029318,-0.5607142857142857,-47.191742,-1.7783745076978168,-0.3119584675975651,-6.4153953,0.6308313,0.8635581,0.69626415,0.43471637,-0.4069748,-0.11717668996342478,-5.823374,27.08977,-4.036688311688311,1.4381615,1.9342428,-4.0544777,17.651787,4.466114,15.996342,16.947475,1.6469543,2.0989158,12.327372
143.0,George,ssp245,mid-term_2041-2060,1.7725035,-0.9068182,-0.14362676,-0.5227272727272727,-34.612305,-1.1164697457930546,-0.14189044038668072,-0.11636897,1.254324,6.6929283,1.5139313,0.6251624,0.5012534,0.0270143318413254,-3.457698,17.533144,-3.1938311688311685,0.9174018,1.2352314,-1.7243556,12.456162,2.5112612,9.063157,11.158131,0.981667,1.4111227,7.0667386
143.0,George,ssp245,near-term_2021-2040,0.43102375,-0.1080999,-0.1856165,-0.27035201640464795,-12.932883,-0.6593268886501981,0.052735409953455124,6.5344186,1.4996719,6.7638826,1.2386519,1.464634,0.72073364,0.047661806830502584,-0.5255199,10.327285,-1.8013841421736159,0.40331775,0.6740243,0.70353633,8.046387,1.1529753,4.3519135,5.644052,0.54772615,0.797187,3.6731827
143.0,George,ssp370,far-term_2081-2100,2.6396897,-1.3667028,-0.34292847,-0.6968253968253968,-82.388535,-3.0409058360186187,-0.8332796276405297,-16.240698,0.1681464,-0.3104548,0.7987371,-1.3361887,-4.958871,-0.25009594586059386,-8.085063,46.27068,-4.969805194805195,2.0625448,3.0679708,-5.2432184,25.430208,9.777387,28.489311,22.124228,1.9998916,3.550061,24.897747
143.0,George,ssp370,mid-term_2041-2060,1.2618707,-0.88217896,-0.2365378,-0.5456349206349206,-34.477234,-1.4581990691013258,-0.1840315073397778,-0.68632835,1.0955173,2.3614502,0.73042727,-0.5421475,-0.31300354,-0.03811044109784602,-4.2383313,25.515652,-3.553932178932179,0.851136,1.5384663,-0.5551533,13.968415,3.5777836,11.512725,10.648709,0.6476792,1.9761355,8.254097
143.0,George,ssp370,near-term_2021-2040,0.5686373,-0.3317822,-0.04894352,-0.3904761904761905,-6.610587,-0.23037952022914432,0.27311134980307916,12.9976,2.2898347,11.008505,1.8271258,1.6592844,5.773626,0.1321384675268002,-1.4672024,16.205843,-2.3047258297258297,0.2682107,0.90744346,2.3919108,8.726236,1.7321485,5.8782005,4.5441766,0.054248605,1.2227557,3.777906
143.0,George,ssp585,far-term_2081-2100,3.2204628,-1.3801949,-0.36403492,-0.7243506493506493,-95.13643,-3.519190834228429,-0.9041353383458645,-20.392584,0.078524455,-0.8323966,1.006538,-1.4685423,-5.771221,-0.2988228301180205,-8.88204,50.754833,-5.261363636363636,2.9322805,3.524943,-7.4530597,31.757114,12.738209,37.349197,28.899725,3.1003416,3.6131132,40.517418
143.0,George,ssp585,mid-term_2041-2060,1.4694426,-1.1308442,-0.099409305,-0.6142686261107314,-35.60195,-1.3419799498746863,-0.16978159684926591,-0.078059606,1.1708707,6.005604,1.3236179,0.8611532,2.0700116,-0.026994252099801917,-4.855071,22.385687,-3.9295796308954207,1.208092,1.6011785,-2.7455297,14.751426,3.3522384,12.041284,13.524884,1.2641584,1.850984,9.816058
143.0,George,ssp585,near-term_2021-2040,1.1480138,-0.2717704,0.044468608,-0.36146616541353377,-8.722731,-0.2518438954529186,0.22715717866093815,9.453876,1.8544216,6.879969,1.1912048,1.5773093,3.7456698,0.08854097136217273,-1.1358917,11.834586,-2.172949419002051,0.55072093,0.72143966,0.39191547,8.8853445,1.5038449,4.9235463,6.6824403,0.6267144,0.89293754,3.8857858
144.0,Oudtshoorn,ssp126,far-term_2081-2100,2.0212984,-0.54363644,-0.0812515,-1.879318181818182,-29.478546,-0.7078085839599007,-0.09317199248120317,-5.477566,0.35422134,-1.1815066,0.19053257,-0.28212166,-1.1780434,-0.05973913482548854,-2.6578896,18.397064,-5.747670454545453,0.479004,0.8995981,-0.1951673,11.756147,2.18494,17.765907,9.516162,0.6520729,1.534255,7.228133
144.0,Oudtshoorn,ssp126,mid-term_2041-2060,1.2787971,-0.4361363,-0.06375146,-1.6736931818181817,-14.080132,-0.36718358395990025,0.012453007518796855,0.87010384,0.9755759,1.7956104,0.7127495,-0.29195595,1.1073189,0.011970198749093885,-2.5782828,17.986107,-5.444545454545455,0.34850314,0.89251184,0.2610104,11.2457695,2.1305654,16.414658,8.652119,0.6179004,1.479146,6.718265
144.0,Oudtshoorn,ssp126,near-term_2021-2040,0.6962986,-0.25863642,0.03437352,-1.282443181818182,-1.8272781,0.20531641604010065,0.11870300751879709,5.752718,1.6689687,3.7194076,1.0425782,0.8368268,1.4849415,0.07091255160950971,-1.3055129,14.531933,-3.8207954545454546,0.19424972,0.71325827,1.5830271,8.713344,1.5755652,11.072163,5.5486145,0.20830965,1.0584726,4.0090537
144.0,Oudtshoorn,ssp245,far-term_2081-2100,2.7033215,-1.0363636,-0.111340165,-2.686931818181818,-29.749352,-0.878790726817043,-0.14022556390977448,-4.2659626,0.7124872,1.1672478,0.94891167,0.4887333,-0.29994392,-0.05028082620331453,-5.752464,26.673103,-9.417613636363635,1.4541273,2.020801,-3.9782796,17.703281,4.3059506,32.25963,17.124496,1.705863,2.132783,13.418609
144.0,Oudtshoorn,ssp245,mid-term_2041-2060,2.384272,-0.8102273,-0.15657902,-2.1863636363636365,-23.590462,-0.566290726817043,-0.03486842105263199,-1.7415428,1.0631485,1.7423472,0.96021163,0.112718105,-0.5605936,0.02811678039261567,-3.4706593,17.247578,-7.044318181818181,0.94617003,1.2850065,-1.7380083,12.634049,2.4294856,19.786484,11.382093,1.027606,1.3722534,7.7926693
144.0,Oudtshoorn,ssp245,near-term_2021-2040,0.7956724,-0.03274533,-0.087501645,-1.2064294258373207,-9.506828,-0.25405858395990033,-0.0037969924812031874,1.900526,1.0889416,3.1554756,1.04459,0.5751991,-0.06084442,0.04300363438133514,-0.53500366,10.256911,-4.008104066985647,0.41181725,0.70127964,0.69809914,8.229171,1.1439394,10.080555,6.069173,0.55405784,0.7388029,3.9544487
144.0,Oudtshoorn,ssp370,far-term_2081-2100,4.3780093,-1.2296087,-0.3262843,-3.455429292929293,-55.21108,-1.6602756892230577,-0.31945488721804527,-11.747469,0.16429281,-0.9763112,0.700369,-0.95069456,-3.889676,-0.1734943317380433,-8.153855,44.97686,-12.393434343434343,2.1588278,2.9607348,-5.5393143,25.262877,9.0846615,49.3498,22.660746,2.235527,3.385725,25.789097
144.0,Oudtshoorn,ssp370,mid-term_2041-2060,1.6701136,-0.7344697,-0.1506263,-2.5859848484848484,-22.783195,-0.5773809523809526,-0.010244360902255556,-1.6737766,0.9768257,1.767611,0.8676623,-0.26749372,-0.47127247,-0.006503111705308928,-4.4662294,23.96021,-8.13232323232323,0.9491257,1.3410501,-1.0050931,13.543142,3.1784124,20.470634,10.941373,0.8627801,1.7147083,8.302292
144.0,Oudtshoorn,ssp370,near-term_2021-2040,0.8753762,-0.39141423,0.033584237,-1.7311237373737374,-3.2587128,0.12064536340852094,0.23515037593984972,9.319584,2.6618552,7.366074,2.0391927,1.1704278,3.4720383,0.13758180877406212,-1.8085608,14.736977,-4.977462121212121,0.3622315,0.63976,1.966995,8.240162,1.4617457,8.89355,4.658226,0.24253201,0.9358883,3.514792
144.0,Oudtshoorn,ssp585,far-term_2081-2100,5.1479635,-1.2386364,-0.3381263,-3.5835227272727272,-65.28807,-1.8984335839598994,-0.42236842105263184,-16.362236,-0.3047924,-0.1295414,1.4253063,-1.038887,-4.6055555,-0.21307090930879302,-8.817968,49.987106,-13.272727272727272,2.9478812,3.7327685,-7.417865,32.01993,12.359031,66.34046,29.179853,3.1756039,3.7223158,42.428978
144.0,Oudtshoorn,ssp585,mid-term_2041-2060,1.6622515,-0.9698864,-0.102412224,-2.620185406698565,-24.938522,-0.703195488721805,0.010369674185463362,-1.0476074,1.2494192,3.4471493,1.3877397,0.41906166,0.44343853,-0.0336478659892645,-4.733897,21.93688,-8.414144736842104,1.2122768,1.7095046,-2.7277105,14.90711,3.251226,25.345095,13.807348,1.3022072,1.904355,10.736121
144.0,Oudtshoorn,ssp585,near-term_2021-2040,0.9533224,-0.2100479,0.1184212,-1.4876196172248806,-5.7257996,-0.068671679197996,0.09965538847117805,4.406021,1.6104398,4.0318403,1.2258394,0.93252563,1.8737555,0.07834355598294973,-1.0910962,11.7530155,-4.661303827751198,0.52036035,0.7506943,0.32467723,8.923885,1.4819677,10.726819,6.837777,0.66660833,0.8156309,4.340288
145.0,Bitou,ssp126,far-term_2081-2100,1.626667,-0.5556817,-0.2125032,-0.005454545454545453,-48.95343,-2.1286090225563896,-0.29956140350877014,-5.4886703,0.68408394,3.0040112,0.9265678,-0.17741013,0.5525131,-0.09572218121443887,-2.410849,22.283176,-0.10079545454545455,0.37175155,1.4698696,0.87298536,12.803349,3.152093,8.798714,8.819778,0.21483135,1.986475,6.67807
145.0,Bitou,ssp126,mid-term_2041-2060,1.2891703,-0.4894318,-0.16875339,-0.0029545454545454545,-25.643402,-1.0736090225563952,0.15918859649123007,4.332054,1.2219563,3.4512138,0.68544126,-0.108911514,1.7607613,0.023907083947086072,-2.233448,21.826576,-0.059545454545454526,0.20814562,1.4359245,1.4231491,12.197111,2.9533434,8.059963,7.91527,0.17699146,1.9403877,6.255702
145.0,Bitou,ssp126,near-term_2021-2040,0.85541916,-0.108181834,-0.030002832,0.009545454545454544,-4.2296143,-0.41110902255639203,0.48918859649122926,13.190422,1.9387674,8.380327,1.1691744,0.81467056,2.9658394,0.07648480682913039,-1.035111,18.33617,0.035454545454545405,0.052379727,1.2116661,2.764041,9.810717,2.2208433,6.379964,5.041828,-0.16942978,1.5178833,4.063597
145.0,Bitou,ssp245,far-term_2081-2100,1.5476799,-1.2806818,-0.15601492,-0.03068181818181818,-55.76715,-2.3055137844611533,-0.3293233082706757,-4.3422394,1.0133371,1.9900284,0.87021375,0.36009407,-0.81043625,-0.1289719143738126,-5.8586874,27.19247,-0.3443181818181818,1.4405384,1.8418293,-4.1886473,17.541468,4.543003,12.107058,16.926191,1.605401,2.0021858,11.467918
145.0,Bitou,ssp245,mid-term_2041-2060,1.4417276,-0.9261364,-0.13458681,-0.02727272727272727,-38.848328,-1.5019423558897227,-0.13765664160400926,2.3815536,1.47826,9.5312805,1.7681568,1.197115,1.7248573,0.0016602084154468955,-3.4477541,17.613974,-0.27840909090909094,0.9002303,1.1937971,-1.8042064,12.291309,2.5634565,6.708373,11.044634,0.9528456,1.4142075,5.962782
145.0,Bitou,ssp245,near-term_2021-2040,0.31666946,-0.070394695,-0.25125337,-0.024999999999999998,-14.036316,-0.8923590225563931,0.09043859649122865,10.530746,1.83741,11.171761,1.6890228,2.1223736,1.796299,0.05990204005886968,-0.4793892,10.263766,-0.17607655502392347,0.40838754,0.65759087,0.7601838,7.896568,1.1822369,3.1022134,5.3174133,0.52690506,0.82546425,3.0514412
145.0,Bitou,ssp370,far-term_2081-2100,2.0968676,-1.3973485,-0.40256977,-0.03156565656565657,-91.49545,-3.594924812030081,-0.9008771929824548,-16.80317,0.18070412,0.5396271,1.0036032,-1.1247826,-4.6491547,-0.22621815022616953,-7.803213,46.57905,-0.37815656565656564,1.8459389,3.192852,-4.947119,25.536846,10.222927,24.254965,21.748034,1.7599454,3.6532688,24.182823
145.0,Bitou,ssp370,mid-term_2041-2060,1.3929186,-0.86679286,-0.27625346,-0.021843434343434342,-37.76947,-1.7199248120300759,-0.061403508771928905,1.6685715,1.2999249,5.156971,1.0851948,-0.35994148,-0.26683807,-0.02632189442023769,-3.6864216,26.2033,-0.23371212121212126,0.6467695,1.7524614,-0.095644,14.386316,3.8743155,10.149408,10.36249,0.42745066,2.2067242,8.155045
145.0,Bitou,ssp370,near-term_2021-2040,0.62581253,-0.0876264,-0.16704321,-0.010732323232323232,-9.896606,-0.5396616541353421,0.2464912280701772,13.221489,2.043601,11.079796,1.5727489,2.180149,6.2326355,0.11559504132641285,-0.79336023,17.155033,-0.06704545454545459,0.07111037,1.1560812,2.890098,9.217684,2.0382044,5.6688538,4.401737,-0.13524818,1.4392586,3.7272663
145.0,Bitou,ssp585,far-term_2081-2100,2.944109,-1.4306818,-0.3464911,-0.03295454545454546,-104.81308,-4.0781328320802,-1.030513784461152,-19.414368,0.41349983,-0.20817566,1.1778629,-1.1376419,-5.384617,-0.2987056863884501,-8.908881,50.996147,-0.4056818181818182,2.8926437,3.3528023,-7.5726767,31.49722,12.831638,29.794737,28.984282,3.0280848,3.4709244,39.30802
145.0,Bitou,ssp585,mid-term_2041-2060,1.2250605,-1.1443182,-0.063158035,-0.03068181818181818,-39.03897,-1.4840852130325857,-0.21860902255638992,0.45934296,1.0983648,8.006315,1.4613507,1.5756607,3.1007156,-0.014195434795111872,-4.868513,22.460785,-0.3534090909090909,1.1807319,1.5308514,-2.8367403,14.627575,3.4266148,9.040192,13.428806,1.226685,1.7604828,8.642544
145.0,Bitou,ssp585,near-term_2021-2040,1.2941093,-0.40311003,0.020175219,-0.02159090909090909,-11.180878,-0.5543233082706784,0.33020050125313327,13.110413,2.1059942,10.556747,1.5556829,2.1594143,4.640705,0.08710940770274966,-1.1122627,11.817305,-0.22852870813397133,0.5390533,0.7101793,0.3855157,8.758768,1.5040672,3.6379182,6.521969,0.59105587,0.9278374,3.5544481
146.0,Knysna,ssp126,far-term_2081-2100,1.5858126,-0.68590933,-0.2379384,-0.007613636363636364,-50.053253,-1.9018953634085225,-0.3212280701754384,-8.295891,0.4332266,0.7379494,0.5833914,-0.27547264,-0.5763626,-0.10288262201750076,-2.7501194,22.880283,-0.10215909090909096,0.4356892,1.4773407,0.697011,12.647047,3.0436244,10.3009205,8.991417,0.24431467,1.9127197,6.761593
146.0,Knysna,ssp126,mid-term_2041-2060,1.0320616,-0.67715925,-0.19793773,-0.006363636363636365,-26.096252,-1.1443953634085222,0.05877192982456192,3.0806732,1.1460295,1.8367367,0.4740405,0.032194138,2.042801,0.006481169989695168,-2.6171904,22.490852,-0.05215909090909092,0.2654276,1.4445791,1.2611752,12.149746,2.9386244,9.420922,8.100237,0.21830225,1.8623428,6.5852757
146.0,Knysna,ssp126,near-term_2021-2040,0.5320616,-0.3384093,-0.16418791,0.007386363636363634,-4.2593384,-0.4368953634085244,0.4125219298245617,13.790215,2.0535784,8.692371,1.2255383,1.1373501,2.7012749,0.08395680463155086,-1.4695525,18.857628,0.016590909090909073,0.11803746,1.2397032,2.6164007,9.690033,2.2586243,7.4559197,5.1252213,-0.14144945,1.4924736,4.1747494
146.0,Knysna,ssp245,far-term_2081-2100,1.4733715,-1.3284093,-0.21710396,-0.023863636363636365,-56.856842,-2.304573934837091,-0.4590852130325813,-8.619591,0.6187067,0.08238602,0.6221032,0.5147724,-1.138382,-0.15517074841410805,-5.9754233,27.462236,-0.22954545454545458,1.4500726,1.8589649,-4.268347,17.63313,4.61238,14.798386,17.217745,1.6172314,1.9817696,11.66698
146.0,Knysna,ssp245,mid-term_2041-2060,1.4995623,-1.0352274,-0.22662783,-0.023863636363636365,-41.544525,-1.4902882205513812,-0.18646616541353378,-1.793457,1.109046,7.2002716,1.4818778,0.8116379,0.349411,-0.002034418148556316,-3.5585568,17.663698,-0.20113636363636367,0.89827144,1.2005844,-1.8518257,12.353027,2.6054425,8.400238,11.276468,0.9815731,1.3835258,6.415914
146.0,Knysna,ssp245,near-term_2021-2040,0.15206242,-0.14641178,-0.2604375,-0.020454545454545454,-14.825958,-0.8406453634085196,0.03127192982456117,8.426506,1.6223478,7.998333,1.2843881,1.8300991,0.9836006,0.04333829569131753,-0.56108713,10.32324,-0.12954545454545463,0.41574752,0.6481724,0.6433587,7.922704,1.1605661,3.92524,5.6062756,0.5357032,0.7995243,3.3536966
146.0,Knysna,ssp370,far-term_2081-2100,2.1561394,-1.4409094,-0.44254303,-0.023863636363636365,-95.886444,-3.7015664160401016,-0.9622807017543855,-21.422485,-0.056087494,-2.0040321,0.6243663,-1.6161823,-5.606777,-0.2854243690569729,-7.975881,47.65764,-0.26313131313131316,1.9140066,3.2101831,-5.084487,25.610973,10.372235,28.67259,22.19174,1.7886953,3.5945206,24.658375
146.0,Knysna,ssp370,mid-term_2041-2060,1.0811396,-0.943687,-0.26228023,-0.018308080808080808,-40.33029,-1.7318295739348368,-0.18070175438596436,-1.4703522,1.0717506,3.4971905,0.87419033,-0.3277321,-0.44655228,-0.04461196679649815,-4.079325,27.048252,-0.1964646464646465,0.7322427,1.7639494,-0.24593163,14.296019,3.9514017,12.079531,10.606012,0.44863844,2.1475124,8.262543
146.0,Knysna,ssp370,near-term_2021-2040,0.571929,-0.34368712,-0.1517539,-0.014141414141414144,-9.174988,-0.42788220551378586,0.25219298245613997,12.642761,1.9979515,12.194294,1.7416711,2.0779667,6.1024017,0.12403480180204829,-1.2421718,17.674807,-0.1089646464646465,0.14732492,1.153305,2.780159,9.1224,2.038902,6.4573097,4.471407,-0.11615944,1.3960762,3.8014305
146.0,Knysna,ssp585,far-term_2081-2100,2.7995605,-1.4659092,-0.48734283,-0.023863636363636365,-110.5809,-4.160526315789473,-1.100751879699248,-26.269241,-0.14412022,-2.2017002,0.88764,-1.6173153,-6.9390984,-0.3356188298312479,-8.938168,51.489098,-0.27272727272727276,2.8945737,3.3755102,-7.650503,31.91291,12.983851,36.053646,29.494566,3.0477104,3.4442196,40.650436
146.0,Knysna,ssp585,mid-term_2041-2060,1.1805143,-1.2193184,-0.17662859,-0.023863636363636365,-41.24872,-1.545050125313285,-0.26741854636591444,-2.2918854,0.92200565,5.6305084,1.1782875,1.2865963,1.7581024,-0.037452070513815716,-4.957529,22.706837,-0.24772727272727274,1.2029597,1.547534,-2.9432096,14.709616,3.3803825,11.134091,13.722708,1.2423329,1.7379417,9.179009
146.0,Knysna,ssp585,near-term_2021-2040,1.1769428,-0.35047865,-0.05877137,-0.017045454545454544,-12.987793,-0.5652882205513787,0.31472431077694196,11.10289,1.9525728,7.5669365,1.1896572,1.4467754,3.2348213,0.07678872656939495,-1.1903133,11.847463,-0.1577153110047847,0.5558429,0.70687103,0.37121487,8.777948,1.5291266,4.5002384,6.7096424,0.5956192,0.88157845,3.6480575
147.0,Laingsburg,ssp126,far-term_2081-2100,3.2426283,-0.39530843,-0.11736328,-5.443019480519481,-17.696476,-0.3150725026852846,-0.03089822771213751,-3.4022498,0.063547,-0.49235466,0.27951553,-0.16815138,-1.3637491,-0.026423857838789293,-2.162262,14.300206,-10.798766233766232,0.4134987,0.5052929,-0.8357712,10.903646,1.6511106,19.694126,9.600334,0.867712,1.2198573,7.4057913
147.0,Laingsburg,ssp126,mid-term_2041-2060,2.1437004,-0.44709414,-0.06629201,-4.87426948051948,-9.119271,-0.18596535982814194,0.0035660580021481697,-0.42063576,0.5011023,0.66640526,0.5148693,-0.2279894,0.3068045,0.015313360107163618,-2.0416527,14.068971,-10.366266233766234,0.27604684,0.59633553,-0.37006786,10.534724,1.741468,18.343231,8.885854,0.8077096,1.1469114,7.344513
147.0,Laingsburg,ssp126,near-term_2021-2040,2.1847706,-0.032451313,0.038886648,-3.42551948051948,-2.1525116,0.06939178302900088,0.024994629430719582,1.3405317,0.9094305,1.2255197,0.6291754,0.33894295,0.56563175,0.04602436331785326,-0.7119157,11.32688,-6.998409090909086,0.089193225,0.40572438,0.92035043,8.108187,1.1991465,12.430553,5.809704,0.36760527,0.80506325,4.7593627
147.0,Laingsburg,ssp245,far-term_2081-2100,5.5697527,-0.93376625,-0.19199765,-8.671266233766234,-21.29254,-0.4388650196920873,-0.011501969208736184,-3.3937123,0.41990837,0.5849965,1.0741601,0.06374604,-0.89590484,-0.02143456721726584,-5.466812,24.422718,-20.727110389610385,1.3999598,2.114523,-4.2192473,17.501156,3.911996,37.911835,17.674023,1.7655245,2.0483768,14.699893
147.0,Laingsburg,ssp245,mid-term_2041-2060,3.814482,-0.6746753,-0.22856231,-6.534253246753246,-17.915926,-0.38427318295739343,-0.04704618689581092,-3.2920544,0.15582697,-0.7072116,0.2664794,-0.29212326,-1.4891808,-0.016366660618816864,-3.2453034,15.790216,-14.581818181818178,0.8883198,1.3566209,-1.9248729,12.551498,2.2416952,23.974157,11.729371,1.0280933,1.2848104,8.562889
147.0,Laingsburg,ssp245,near-term_2021-2040,1.8451288,-0.1048701,-0.10307758,-3.6233595352016414,-8.356349,-0.2327510741138563,0.0116017722878625,-0.42580932,0.5849935,0.74531984,0.6500501,0.10110862,-0.51396835,0.008624388207889164,-0.41029066,9.609044,-7.912918660287079,0.38944933,0.7528219,0.56195056,8.198862,1.1358472,12.614291,6.136166,0.51354396,0.67666024,4.7642946
147.0,Laingsburg,ssp370,far-term_2081-2100,8.381443,-1.1197331,-0.35724106,-11.645003607503607,-40.752525,-0.7731740064446831,-0.04293770139634807,-6.89449,0.51066154,-1.139975,0.822688,-0.8392847,-2.9100902,-0.0684110804864279,-8.012734,41.08281,-28.658766233766226,2.0963578,2.9166956,-6.154577,25.245077,8.170952,55.656628,24.099499,2.4627163,3.1877367,28.473972
147.0,Laingsburg,ssp370,mid-term_2041-2060,3.7457306,-0.765368,-0.12171483,-8.005321067821066,-14.947082,-0.23576799140708912,0.03845327604726096,-1.0543793,0.70793533,1.2796121,0.99941623,0.14428677,-0.65611374,0.009636783595738243,-4.308448,20.5293,-17.359956709956705,0.94742715,1.1526588,-1.6296545,12.944188,2.6588488,23.599083,11.373082,1.054887,1.461529,9.870202
147.0,Laingsburg,ssp370,near-term_2021-2040,2.0656552,-0.3427489,-0.023782628,-4.8116702741702735,-4.010131,0.1065252416756176,0.09897959183673462,3.295512,1.94995,3.079845,1.5922581,0.60576075,1.5662253,0.08410243932545731,-1.406265,11.966963,-9.315710678210673,0.30452892,0.29901055,1.3431915,7.702002,1.2195631,9.860594,4.993461,0.42464733,0.6059464,3.8983765
147.0,Laingsburg,ssp585,far-term_2081-2100,11.3855715,-1.1564935,-0.5370657,-12.327759740259738,-47.92453,-0.9514500537056929,-0.04772645900465454,-8.375911,1.0777638,-0.6078066,1.8462509,-0.8301703,-3.4997156,-0.10750561431241283,-8.667168,47.237923,-31.44918831168831,2.83862,4.048533,-7.599228,32.314163,11.660688,74.17838,30.281141,3.196957,3.9217117,46.655235
147.0,Laingsburg,ssp585,mid-term_2041-2060,4.1825094,-0.9094156,-0.14692979,-7.963405673274095,-21.629314,-0.46658610812746154,0.015708915145005352,-3.7292674,0.22389303,0.2842427,0.8182244,-0.3442442,-1.754434,-0.07271246438212,-4.5108433,20.18784,-17.866524265208472,1.1947911,1.8770643,-2.9465961,14.9341135,3.0892859,30.990461,14.361505,1.3216772,1.9171361,11.59214
147.0,Laingsburg,ssp585,near-term_2021-2040,1.3561494,-0.21676351,0.0741588,-4.394164388243335,-5.396842,-0.04855889724310769,0.02625313283208017,0.7145627,1.013736,0.86002314,0.58714616,-0.062470026,0.3938597,0.027541472943781953,-0.8587421,10.903229,-9.557365003417631,0.48612845,0.9042564,0.1925777,8.796929,1.4125171,13.806138,6.9984117,0.67735136,0.7837241,5.2856784
148.0,Prince Albert,ssp126,far-term_2081-2100,3.2025452,-0.42971578,-0.06342363,-1.9543181818181823,-20.133955,-0.3548950501253129,0.0010630743525480043,-2.427444,1.0000005,0.29930076,0.7360125,-0.079674244,-0.37221017,0.013927237340397136,-2.1081085,15.076405,-6.513977272727274,0.4916652,0.582733,-0.68489575,11.708883,1.81878,21.378635,9.833669,0.8776817,1.4155957,8.051994
148.0,Prince Albert,ssp126,mid-term_2041-2060,2.3556736,-0.4222158,-0.05675729,-1.6007765151515152,-8.751756,-0.13572838345864618,0.04147974101921468,0.23055394,0.6991237,1.0051264,0.6164482,-0.45454034,0.58051395,0.02534595031823783,-2.0134754,14.67784,-6.075643939393941,0.3337235,0.60516375,-0.18786447,11.034563,1.7962799,19.238426,8.905508,0.82691497,1.3547617,7.3772135
148.0,Prince Albert,ssp126,near-term_2021-2040,1.2517129,-0.10117421,0.08178457,-1.2747348484848489,-1.2206669,0.12739661654135373,0.07731307435254799,2.4687629,1.1506585,1.5093576,0.6268105,0.19340833,0.7901068,0.060659403808142644,-0.6660785,11.50678,-4.280852272727273,0.1498432,0.36845192,1.0912491,8.400419,1.1983632,12.842181,5.7595353,0.3886927,0.9016342,4.3660297
148.0,Prince Albert,ssp245,far-term_2081-2100,5.0610504,-0.9498105,-0.106965326,-2.637878787878788,-18.74468,-0.37171052631578877,0.011142439431913178,-1.0581137,1.3327317,1.7811583,1.3307505,0.30826345,0.21983099,0.025734162176817676,-5.483687,25.643768,-10.45094696969697,1.4794921,2.1691148,-3.8424869,18.382652,4.361015,38.59547,17.122375,1.787744,2.2845974,15.169945
148.0,Prince Albert,ssp245,mid-term_2041-2060,3.6836674,-0.7623105,-0.14228292,-2.173674242424242,-15.381369,-0.2790517961570587,0.01292815371762728,-0.8366146,1.2133013,1.7796541,1.1094383,0.091340624,-0.33140168,0.045359844573770326,-3.2787538,16.75564,-7.96193181818182,0.96883917,1.3914615,-1.6786437,13.125509,2.5106359,24.753088,11.4668255,1.050015,1.4351225,9.044695
148.0,Prince Albert,ssp245,near-term_2021-2040,1.3260883,0.078528725,-0.08863205,-1.2011562998405108,-7.0780663,-0.18531171679197947,0.013146407685881283,1.0060762,0.9707683,1.8883575,0.9519261,0.27455845,-0.393088,0.03782445934159414,-0.37709203,10.028838,-4.444746810207337,0.45125705,0.75778866,0.76892924,8.546045,1.1501683,12.654669,6.1418695,0.58033633,0.7369118,4.697734
148.0,Prince Albert,ssp370,far-term_2081-2100,9.211133,-1.175526,-0.24643916,-3.441540404040404,-37.01368,-0.8836779448621551,-0.058103592314118664,-5.2729464,1.3541479,0.57207984,1.410243,-0.39629388,-2.1316423,-0.039119061084359474,-7.8885045,41.296143,-13.642866161616162,2.1773987,2.895151,-5.737505,26.235027,8.834752,57.06935,23.150637,2.554081,3.4313605,29.097109
148.0,Prince Albert,ssp370,mid-term_2041-2060,3.6795533,-0.7387204,-0.111570574,-2.643855218855219,-13.580414,-0.2297305764411023,0.07391395154553046,-0.02330033,1.266482,1.953099,1.1518164,-0.20472622,-0.17845552,0.028220284203424817,-3.9768658,20.689346,-9.296801346801349,0.95374775,1.1019145,-1.340557,13.595127,2.8430855,24.350838,11.279169,1.1223999,1.591012,9.499887
148.0,Prince Albert,ssp370,near-term_2021-2040,2.015957,-0.32760933,0.010578315,-1.82209595959596,-1.2986494,0.2031641604010026,0.18312447786132,6.4842944,2.7628858,4.8934965,1.9626113,0.9281598,2.6162195,0.1188771855351235,-1.2168825,12.044455,-5.527819865319866,0.36791041,0.32638565,1.5197774,7.96033,1.2004929,10.335557,4.992886,0.42960843,0.7251298,3.8938684
148.0,Prince Albert,ssp585,far-term_2081-2100,11.582872,-1.1916666,-0.36668763,-3.5727272727272728,-44.359196,-1.0177422723475351,-0.07199248120300758,-7.811782,1.5802726,1.1108706,2.4512646,-0.48631382,-2.3158088,-0.05110937259351852,-8.626217,48.238934,-14.569507575757576,2.9978023,4.0772214,-7.2890105,33.27817,12.526546,75.68321,29.11851,3.3298125,4.1207843,47.74747
148.0,Prince Albert,ssp585,mid-term_2041-2060,3.3787081,-0.9691287,-0.12502097,-2.6093999202551834,-17.541075,-0.2990914786967413,0.07939640768588134,-0.40680632,1.5430193,2.6640172,1.5682523,0.32378054,0.5840519,0.006601837560572828,-4.4784193,21.161684,-9.600089712918662,1.2520665,1.8868489,-2.58472,15.623278,3.4076655,31.560795,13.972181,1.3519578,2.0269184,12.300846
148.0,Prince Albert,ssp585,near-term_2021-2040,1.2162074,-0.197498,0.10434409,-1.4739035087719297,-2.3209217,0.03344820384294082,0.1365392648287385,3.5411098,1.712543,3.167298,1.2983031,0.7750404,1.5948972,0.07984166023723523,-0.91408306,11.437339,-5.3466706539074975,0.5429215,0.8701255,0.34519157,9.202493,1.5190291,14.228847,6.9266543,0.71102387,0.8454024,5.1702905
149.0,Beaufort West,ssp126,far-term_2081-2100,3.7107267,-0.335971,-0.05737167,-4.127293388429751,-16.590622,-0.2746170350117718,0.07826820839978739,0.51648563,1.8855153,1.2941808,1.021268,0.31568676,0.12362717,0.08840977542742182,-1.4804605,13.41474,-8.73021349862259,0.48589292,0.32783467,-0.93199456,13.075371,1.9638408,24.366907,10.534849,1.0314322,1.4278206,12.004018
149.0,Beaufort West,ssp126,mid-term_2041-2060,2.828604,-0.37824368,0.032855604,-3.6730509641873272,-4.0818877,-7.15804663173353e-05,0.10228335991493887,2.3927093,1.2560365,0.9444895,0.44249392,-0.08154531,0.4220263,0.11199954517385165,-1.4376267,13.011355,-8.179834710743801,0.3159531,0.36052397,-0.43844083,11.869184,1.7927802,20.742058,9.246448,0.9699271,1.259601,10.682326
149.0,Beaufort West,ssp126,near-term_2021-2040,1.1942111,0.21872595,0.07315865,-2.2834297520661155,-0.3154186,0.0945496316548949,0.0931924508240298,2.6531224,1.2842672,0.6108833,0.31206343,0.14812958,0.18582188,0.0791941677841763,-0.088957295,9.974948,-5.070971074380164,0.11708515,0.037263695,0.94018936,8.936101,1.1651287,14.130695,5.9577103,0.47552565,0.8142767,6.781131
149.0,Beaufort West,ssp245,far-term_2081-2100,7.197589,-0.93519276,-0.082137294,-6.8366391184573,-14.998051,-0.11752107541581219,0.12128047391205292,3.1838799,2.7796764,2.145102,1.3404812,0.5386432,0.7368839,0.15660400676550193,-4.953277,24.83532,-16.229752066115708,1.4662399,2.2751584,-3.7633452,21.09433,5.190666,42.81412,17.700195,1.8865293,2.4799829,23.140265
149.0,Beaufort West,ssp245,mid-term_2041-2060,4.451268,-0.60495853,-0.07795245,-5.198415977961432,-11.106237,-0.14421660211133874,0.1195488721804512,2.679619,2.203207,1.9255321,1.1499784,0.5595911,0.23992366,0.1272526339123766,-2.7481036,16.275461,-11.833333333333334,0.92284346,1.4349879,-1.6242853,14.691826,2.839006,27.6752,11.939453,1.0635128,1.5837425,13.678704
149.0,Beaufort West,ssp245,near-term_2021-2040,1.7570151,0.24604544,-0.0054018786,-2.7483942293750903,-5.556254,-0.10385945925419615,0.06713184476342375,2.7529433,1.7163906,1.7818135,0.8960455,0.6983721,-0.08171666,0.09666009766147807,0.03258835,9.645563,-6.258101348412352,0.40030718,0.7069291,0.81930506,9.208564,1.2958194,13.829773,6.325597,0.5674192,0.7342495,6.713697
149.0,Beaufort West,ssp370,far-term_2081-2100,14.136494,-1.2131007,-0.22242342,-8.956106519742882,-29.173426,-0.5408331434647222,0.10736310473152577,1.6695621,3.5414565,3.0987616,2.251983,0.74177915,-0.48853523,0.19799486524912563,-7.3363905,38.482624,-21.609144475053572,2.0917199,2.857748,-5.901907,30.661736,10.092427,65.0061,24.529282,2.8124301,3.8133962,45.33023
149.0,Beaufort West,ssp370,mid-term_2041-2060,5.1884866,-0.75720835,-0.068914644,-5.806359044995408,-5.0286183,0.03021948811422486,0.16430090377458798,5.2302566,2.6745214,2.78226,1.2900615,0.82445693,0.5909139,0.15932289894354018,-3.2066054,18.487885,-12.595928986838075,0.8023259,0.91757053,-1.4921179,15.2530575,2.9316523,27.838928,12.242008,1.2720987,1.6879374,14.287976
149.0,Beaufort West,ssp370,near-term_2021-2040,1.7463813,-0.29895923,0.085551046,-3.1827058463422095,-0.2266032,0.1259930128351179,0.20744284954811273,6.0120773,2.5723991,3.5447118,1.4853768,1.1243587,2.1678243,0.159302810524391,-0.46596673,10.353562,-6.225558616467708,0.26667282,0.11937223,1.1702902,8.77828,1.2056421,12.8850565,5.7532063,0.52017516,0.7715352,6.2936153
149.0,Beaufort West,ssp585,far-term_2081-2100,17.401848,-1.2108126,-0.3433203,-9.838360881542698,-36.69206,-0.6701906280853649,0.14018379281537174,0.041885898,3.986773,2.636469,2.5497193,0.16524182,-0.66218424,0.17252646414949474,-8.232602,46.591488,-24.417286501377408,2.933798,4.3425155,-7.314564,38.1816,14.548235,84.37658,30.090528,3.5853562,4.7210035,67.49999
149.0,Beaufort West,ssp585,mid-term_2041-2060,5.1627383,-0.8765332,-0.08646616,-6.220012324198926,-13.098033,-0.13995974785448462,0.17669172932330826,3.940476,2.8686097,3.1068022,1.623514,0.7958875,1.2918077,0.14496569812993546,-3.9131038,20.816898,-14.179367841090333,1.2036425,1.9607424,-2.571185,18.151802,4.129386,35.998894,14.858206,1.4000874,2.2031584,19.127838
149.0,Beaufort West,ssp585,near-term_2021-2040,1.9358993,-0.09196745,0.11461616,-3.429559953603015,0.077075146,0.17959292169818505,0.1677451203766993,4.8770547,2.169862,2.4550025,1.078566,0.9014295,0.9633302,0.13890659824219181,-0.54401636,11.006247,-7.656890677105987,0.53423035,0.8771758,0.37725186,10.126986,1.6517653,16.353643,7.3793087,0.7367849,0.89527375,7.508863
150.0,Joe Morolong,ssp126,far-term_2081-2100,5.47723,-0.40786654,-0.23580149,-4.689560117302053,-21.306562,-0.7201616945589777,0.058336971460910374,2.2422793,2.1806693,1.2731179,0.88056386,0.058751505,1.0134532,0.09829152073071071,-1.8427148,17.477108,-8.649259530791788,0.34345186,0.7752753,-1.1317477,22.137016,2.93523,30.909145,16.536757,1.094063,1.7535634,47.21026
150.0,Joe Morolong,ssp126,mid-term_2041-2060,7.723521,-0.06697952,-0.059269197,-4.554237536656892,-2.0981293,-0.043871371978332394,0.18503051984800722,7.635068,2.4417424,5.1943593,1.6533985,0.7978382,3.531866,0.23478821453230767,-1.6975358,15.880831,-8.706759530791786,0.36179256,0.63801587,-0.5863435,19.118557,2.0954719,25.812454,14.651917,1.0650777,1.5277289,38.899223
150.0,Joe Morolong,ssp126,near-term_2021-2040,5.0994887,0.40939158,0.0326661,-3.001495601173021,-5.859354,-0.393710081655752,0.09704664888026525,4.609365,1.7241104,1.6516954,0.4969564,0.07992135,1.728027,0.10467757619442253,-0.40146932,12.402131,-5.180146627565982,-0.056642257,0.30869102,0.53705,14.328925,1.378859,18.588987,10.752915,0.52258366,1.0819713,26.914928
150.0,Joe Morolong,ssp245,far-term_2081-2100,12.524848,-1.6852639,-0.1643383,-8.14765395894428,-12.066766,-0.476889805158056,0.18271485164524215,7.9893823,3.188427,6.056634,2.0750337,0.727994,1.368199,0.23962735410399336,-5.7806563,33.222397,-16.67074780058651,1.9668381,2.8488796,-4.268027,38.11169,8.752284,59.19286,26.596094,2.290237,3.2169287,100.53503
150.0,Joe Morolong,ssp245,mid-term_2041-2060,8.306495,-0.89156896,-0.35903868,-6.1183284457477995,-16.437159,-0.6182876546204216,0.09892068881882127,5.173737,2.6891818,2.8705926,1.2540674,0.47090772,1.3111697,0.1684404339906378,-3.3747377,21.48417,-12.22390029325513,1.2105292,1.6309792,-2.0999053,25.497765,4.1539397,37.54407,19.131645,1.4709154,2.0195808,56.576145
150.0,Joe Morolong,ssp245,near-term_2021-2040,7.0321484,0.6953813,-0.10055965,-3.694405000771724,-6.662709,-0.3397584687525257,0.12244987468671686,6.3477917,2.5529397,3.2265291,1.243935,0.8654054,3.5212839,0.1853813571426684,-0.37892994,12.879705,-7.230031640685289,0.5558048,0.97102445,0.3255751,14.875282,1.6729184,20.067753,11.179447,0.646742,1.0632453,27.85348
150.0,Joe Morolong,ssp370,far-term_2081-2100,24.436743,-2.1377323,-0.35145938,-9.991137178233952,-25.144491,-0.9796184008408111,0.07545072358315162,7.1740294,3.8275614,6.436028,2.671972,1.0997379,1.9994686,0.26653052567819946,-8.001451,50.428356,-21.45265558813946,2.693316,3.6437507,-6.606744,54.003513,16.339334,91.52945,34.64299,3.6185708,4.920486,169.53253
150.0,Joe Morolong,ssp370,mid-term_2041-2060,9.211523,-1.1914957,-0.042461026,-6.628502769631802,-3.5276327,-0.2797881801277385,0.225705392513542,8.642283,2.76256,4.43399,1.317957,0.7593213,2.5544364,0.1987833555514504,-4.1191783,23.913193,-13.082225480612578,0.7390382,1.2968184,-2.4472833,27.094633,4.414244,40.14199,20.337437,1.4865216,2.1307294,61.46488
150.0,Joe Morolong,ssp370,near-term_2021-2040,5.263562,-0.3847752,0.08903313,-3.6727680026067127,-3.390237,-0.17842994583232266,0.1493047133963943,5.675579,1.7423177,2.1708138,0.4975458,0.23153952,3.4149811,0.17331387371554258,-0.8800618,13.184118,-6.399877810361679,0.20909475,0.3349581,0.47933784,15.11232,1.5605705,19.615114,11.227713,0.59844536,1.1460737,27.835938
150.0,Joe Morolong,ssp585,far-term_2081-2100,29.7472,-2.2574046,-0.48108172,-10.848313782991204,-26.839272,-0.9013905732072108,0.19285310049316848,8.500214,4.6783237,7.0738025,3.0087917,1.1908804,4.1459723,0.37679314407693226,-8.887311,60.51011,-24.022067448680353,4.234361,5.6441603,-7.809182,62.999443,20.775055,112.86673,38.69146,4.5236435,6.081426,212.10103
150.0,Joe Morolong,ssp585,mid-term_2041-2060,13.4015,-1.4054561,-0.23784055,-7.342240314863404,-9.385029,-0.28318780823025247,0.2771848977281915,10.07129,3.6825206,6.3824425,2.1884859,1.1891531,3.1453922,0.35816207641787806,-4.7821574,28.787426,-14.77142691773422,1.6272709,2.3323514,-3.2566006,32.119465,6.764593,49.353977,23.12376,1.9033116,2.6236885,80.36516
150.0,Joe Morolong,ssp585,near-term_2021-2040,4.3285394,0.07980009,-0.23254114,-4.4176879148016654,-7.468362,-0.2686716791979946,0.06205432937181668,2.9942155,1.5189148,0.69048816,0.4398529,-0.2503461,0.71236604,0.10057294080682981,-1.2806557,15.1893635,-8.32552477234141,0.7818919,1.1802334,0.007473761,17.306652,2.3987885,22.671415,12.839944,0.9412357,1.2517842,32.869003
151.0,Ga-Segonyana,ssp126,far-term_2081-2100,6.9866676,-0.53109854,-0.38789812,-6.765909090909091,-30.749222,-1.1679051796157058,-0.10019214703425246,0.65759534,1.7619547,-0.03990364,0.5123727,-0.92154694,-0.09413401,0.05014892943616959,-1.7980118,16.923008,-11.25727272727273,0.3364257,0.72404003,-1.2031039,21.1432,2.848836,33.94398,15.62127,1.0622636,1.7591597,44.418964
151.0,Ga-Segonyana,ssp126,mid-term_2041-2060,6.9966636,-0.24984853,-0.1566484,-6.557992424242426,-4.572098,-0.1799885129490392,0.13439118629908062,7.424366,1.9709705,5.0701547,1.3298604,0.41329893,3.217842,0.26304169290673673,-1.6807909,15.476994,-10.827272727272728,0.33796254,0.574529,-0.6698758,18.147045,2.0755024,27.540642,13.703033,1.0763478,1.5455621,36.755367
151.0,Ga-Segonyana,ssp126,near-term_2021-2040,8.119168,0.25140145,-0.01789856,-4.270075757575761,-9.221614,-0.7149885129490382,-0.01519214703425257,4.5839653,1.5178022,2.3773363,0.6647384,-0.4168733,0.761893,0.08842241543930474,-0.37992525,12.023845,-6.643106060606063,0.0133264065,0.2103653,0.51823074,13.537495,1.3717524,20.279814,9.839631,0.5301334,1.042893,25.300543
151.0,Ga-Segonyana,ssp245,far-term_2081-2100,14.211902,-1.7306819,-0.06232341,-11.735227272727274,-20.8509,-0.8866750208855466,0.07710944026733506,6.082865,2.4980056,5.954581,1.7544385,0.5006771,0.84991455,0.24106705755709848,-5.7228384,32.380646,-21.451136363636365,1.8784637,2.8556564,-4.317563,36.04851,8.492005,60.229565,25.39626,2.2650898,3.1928756,92.370735
151.0,Ga-Segonyana,ssp245,mid-term_2041-2060,11.0,-0.9757576,-0.45676747,-8.712121212121215,-25.085999,-1.053738512949038,-0.01019214703425216,4.0766664,2.2570364,2.557271,1.0688765,-0.026301065,0.457606,0.15246162637237562,-3.3441186,20.795544,-15.540909090909095,1.1158352,1.6010784,-2.1949334,24.235464,4.003608,40.06322,18.065811,1.4773463,2.0589592,52.64946
151.0,Ga-Segonyana,ssp245,near-term_2021-2040,9.2075,0.5719697,-0.10623153,-5.4062599681020735,-12.763906,-0.7037385129490392,0.0014745196324143321,5.9107347,2.1798494,3.9470084,1.2262925,0.33356667,3.0554745,0.17459915353792255,-0.3463529,12.271797,-9.197946570972888,0.51303166,0.9062478,0.25171757,14.113661,1.6777534,21.409372,10.343077,0.5918887,1.0724754,25.986824
151.0,Ga-Segonyana,ssp370,far-term_2081-2100,27.769743,-2.101978,-0.39072767,-14.649242424242425,-35.108738,-1.475229741019213,-0.06589390142021696,6.023618,3.1384404,6.715058,2.3009338,0.22525978,0.85153073,0.30392798710721314,-7.9240108,49.45093,-28.150420875420878,2.5608056,3.5985346,-6.6570964,51.537407,15.643465,93.69545,33.635338,3.6014388,4.88683,157.6359
151.0,Ga-Segonyana,ssp370,mid-term_2041-2060,11.464038,-1.2422558,-0.07449969,-9.308964646464647,-5.410507,-0.5383876357560569,0.1595446950710108,9.866478,2.6329784,5.0108004,1.3191909,0.54998654,3.1868618,0.22953955535445938,-4.058505,23.012651,-16.429587542087546,0.73274595,1.2416033,-2.482156,25.79059,4.235132,42.202866,19.294308,1.525592,2.1256306,57.309975
151.0,Ga-Segonyana,ssp370,near-term_2021-2040,7.5464935,-0.34827432,0.07900969,-4.759427609427611,-5.0138955,-0.2782999164578106,0.13673767752715169,4.7000694,1.181805,1.2392191,0.1942447,-0.17848842,2.766772,0.15358765422340825,-0.7624987,12.621694,-7.640698653198658,0.21946533,0.24475479,0.38935184,14.406071,1.5161506,22.260733,10.428055,0.6183262,1.1561604,25.936827
151.0,Ga-Segonyana,ssp585,far-term_2081-2100,33.8754,-2.2045455,-0.58137065,-16.14469696969697,-40.358994,-1.4541353383458653,0.023934837092731625,5.850628,3.8368385,5.9661574,2.4063997,0.7172006,3.7325757,0.3705328000145509,-8.815737,59.200493,-31.92651515151515,4.0414047,5.6348777,-7.869365,60.650043,20.2627,117.766624,37.89804,4.4663863,6.1622176,199.93161
151.0,Ga-Segonyana,ssp585,mid-term_2041-2060,16.21032,-1.4265351,-0.2742277,-10.43744019138756,-13.803243,-0.46524644945697496,0.25210944026733517,11.351481,3.3915455,7.5733337,2.0711048,0.6944968,3.0607045,0.3763318554693928,-4.7879853,27.825146,-18.707376395534293,1.4982919,2.3496342,-3.3348825,30.399834,6.5936604,50.451214,21.947119,1.8369341,2.6600354,74.80739
151.0,Ga-Segonyana,ssp585,near-term_2021-2040,5.6603203,-0.2710528,-0.15438621,-6.102511961722489,-11.510574,-0.5426274018379287,0.012426900584795083,0.9929784,0.9827919,0.052151997,0.27618957,-0.86344975,0.14248912,0.08219281734725732,-1.2875961,14.616159,-10.51610845295056,0.7473553,1.1199757,-0.048356693,16.520454,2.3207736,25.291252,11.9702425,0.92301625,1.2880669,30.942314
152.0,Umzumbe,ssp126,far-term_2081-2100,0.40054703,-1.1268185,0.09177494,-0.009090909090909092,-4.9679565,-0.5087218045112785,-0.004367167919800075,3.8596191,0.45473957,6.959812,0.7425356,0.93507004,2.1143875,-0.0030378717567023372,-3.8180614,30.664896,-0.05863636363636363,0.51533127,1.6641903,1.1404295,16.8191,4.1564717,19.400648,10.438023,0.05549431,1.976738,9.711655
152.0,Umzumbe,ssp126,mid-term_2041-2060,-0.44945335,-1.0793185,0.06427479,-0.009090909090909092,-4.458618,-0.5737218045112762,-0.09936716791979983,1.6201782,0.19500732,0.48501205,0.05512476,-0.18411636,-0.5479355,-0.02635899556525967,-3.8895836,29.789381,-0.02613636363636363,0.49697685,1.6636276,1.2124968,16.020988,3.791471,18.355646,9.6635895,-0.06857777,1.9541283,8.001128
152.0,Umzumbe,ssp126,near-term_2021-2040,-0.25195312,-0.77431846,0.25427437,-0.009090909090909092,9.299805,0.11127819548873319,-0.11936716791980029,0.78125,-0.056459427,3.6306877,0.3376336,0.72774124,2.221405,0.013941419937773425,-2.3855696,24.482973,-0.028636363636363633,0.16812754,1.3115273,2.947503,12.994084,2.6689715,13.413145,6.574379,-0.35204697,1.5815811,6.0300746
152.0,Umzumbe,ssp245,far-term_2081-2100,-0.7843342,-1.8090912,0.5307026,-0.009090909090909092,12.459106,0.00175438596491162,0.13646616541353307,9.267288,0.6759844,5.9151382,0.52027655,0.74819946,1.1469955,0.05115657440416488,-6.362829,36.810623,-0.061363636363636356,1.5584254,1.9386749,-4.75588,24.568935,6.1734447,30.712671,20.52998,1.6586962,2.0555916,20.968296
152.0,Umzumbe,ssp245,mid-term_2041-2060,-0.85814667,-1.4181821,-0.14072609,-0.009090909090909092,-4.473877,-0.3887218045112739,-0.14686716791980103,2.928711,0.33544922,5.8583984,0.6037946,1.0981293,1.2673798,0.017196329748832007,-3.912047,23.339476,-0.054545454545454536,0.9848032,1.1975441,-2.128931,16.583221,2.7885165,16.522005,13.353252,1.0888376,1.2827911,10.139724
152.0,Umzumbe,ssp245,near-term_2021-2040,-0.58945656,-0.43421102,0.049271584,-0.009090909090909092,-9.246094,-0.9337218045112721,-0.06936716791979958,2.243515,0.37545872,7.248268,0.79607964,0.85414886,-0.17547607,0.0016467553607260044,-0.80876255,13.041931,-0.0409090909090909,0.4329052,0.66272354,0.2631569,10.046641,1.0702152,6.8758354,7.4978294,0.55845356,0.6702347,3.9867167
152.0,Umzumbe,ssp370,far-term_2081-2100,-0.3345852,-1.9901519,0.406641,-0.009090909090909092,-10.215027,-1.2097744360902212,0.30313283208020003,15.293304,1.5813036,10.502075,1.0704007,2.266739,2.1740036,0.010459746030242911,-8.583634,61.39805,-0.06363636363636363,2.4080906,3.7535477,-5.3750734,35.54169,15.970082,68.93285,25.471928,1.6328897,4.254265,44.28972
152.0,Umzumbe,ssp370,mid-term_2041-2060,0.13383484,-1.6290407,-0.1275692,-0.009090909090909092,-13.092407,-1.0571428571428534,0.02681704260651596,6.9507294,0.8942499,9.646717,1.057343,1.4344177,0.94192505,0.003295678251144629,-5.4898763,37.43376,-0.0553030303030303,0.9141054,2.1353474,-0.44943523,20.388584,5.817304,25.98842,13.431957,0.27481842,2.339466,13.089726
152.0,Umzumbe,ssp370,near-term_2021-2040,0.8864651,-0.9095963,0.07769394,-0.009090909090909092,-10.723267,-0.8281954887217999,-0.015288220551379794,2.831009,0.43826008,2.6628113,0.3207097,0.8223877,1.343277,0.0019132686922063158,-2.7188888,25.155558,-0.060858585858585855,0.35085297,1.4097252,2.5558615,13.525428,2.864527,14.321754,7.1123314,-0.25500202,1.6230469,5.9925017
152.0,Umzumbe,ssp585,far-term_2081-2100,-0.8200493,-1.9795458,0.7640343,-0.009090909090909092,17.124634,0.06365914786967863,0.5150375939849612,23.763947,2.0811434,17.184963,1.6367812,2.7552338,4.69487,0.0819547202439379,-9.165619,64.01561,-0.06363636363636363,3.3134804,3.8234406,-7.985282,42.794495,18.933971,85.978836,32.661472,3.1236715,4.0875816,70.45163
152.0,Umzumbe,ssp585,mid-term_2041-2060,-0.41528893,-1.7295458,0.44736767,-0.009090909090909092,6.8360596,-0.0030075187969913486,0.12218045112781883,5.8192596,0.43196583,5.6620827,0.53149843,0.48368073,1.1259308,0.03164552819392785,-5.5655932,31.788416,-0.05909090909090908,1.3646708,1.7229767,-3.5348053,21.240047,5.005981,24.477034,17.211338,1.377698,1.761364,15.623059
152.0,Umzumbe,ssp585,near-term_2021-2040,-0.7748127,-0.76818216,-0.08120346,-0.009090909090909092,-3.052063,-0.26967418546364996,0.06265664160401041,5.1985016,0.5413103,4.3317146,0.4305315,0.028144836,2.5741272,0.037437760591685354,-1.8154745,15.693117,-0.05227272727272726,0.6091709,0.78446007,-0.24956417,11.650346,1.4156699,8.690191,8.848099,0.63486385,0.8509903,4.6802006
153.0,Big Five Hlabisa,ssp126,far-term_2081-2100,1.0590999,-0.94345444,-0.31269893,0.0,-17.430994,-1.0143471177944847,-0.024847117794486274,3.4936767,0.67372245,3.488086,0.45094642,0.9989449,2.0886931,0.018556039240857025,-3.613681,29.873455,-0.004545454545454545,0.48100662,1.8401684,1.453769,16.919514,4.519997,43.488125,10.582221,-0.15247193,2.4481132,14.243084
153.0,Big Five Hlabisa,ssp126,mid-term_2041-2060,1.1890984,-1.0294546,-0.00019855499,0.0,-5.440259,-0.6233471177944843,0.12215288220551308,10.230237,1.1399982,8.192895,0.8815186,1.9114761,4.3886857,0.06455983158032766,-3.5302608,28.942226,-0.004045454545454545,0.52051973,1.7747914,1.5739233,15.87881,4.198998,39.76713,9.798887,-0.2520687,2.4935875,11.398346
153.0,Big Five Hlabisa,ssp126,near-term_2021-2040,0.95159876,-0.41945454,-0.06619854,0.0,8.283228,-0.2288471177944814,-0.011347117794486295,9.274862,0.897616,7.541022,0.79179054,1.643171,4.5296755,0.09753545529519822,-2.105957,23.94471,-0.004545454545454545,0.18011007,1.4657123,3.5299664,12.999038,3.0434978,28.76112,6.440329,-0.5385971,1.9534118,8.71203
153.0,Big Five Hlabisa,ssp245,far-term_2081-2100,1.8000495,-1.7627271,-0.14443645,0.0,-10.20846,-0.38313283208019583,0.2863909774436085,15.594147,1.8223438,9.502713,1.0507064,2.2606819,3.3711486,0.1378367422116046,-6.5250897,36.455284,-0.004545454545454545,1.8763916,1.8852348,-5.5776005,24.29511,6.25878,79.22348,22.446442,1.6553539,2.122519,27.65584
153.0,Big Five Hlabisa,ssp245,mid-term_2041-2060,0.68862265,-1.3704545,-0.3744362,0.0,-16.192663,-0.6259899749373439,0.04210526315789469,8.885144,1.2422287,7.5014734,0.8806789,2.0650468,4.1622148,0.06371631070300605,-3.954031,22.879719,-0.004545454545454545,1.1254814,1.1280113,-2.9271379,16.3594,2.8422248,50.05594,14.746852,1.0099922,1.3574501,13.504135
153.0,Big Five Hlabisa,ssp245,near-term_2021-2040,0.79909706,-0.35976076,-0.028198052,0.0,-15.745813,-0.9633471177944856,0.01265288220551355,4.034543,0.7335377,3.0620847,0.4238041,1.4271065,1.1320938,0.02139297335356698,-0.9271156,12.866141,-0.0036363636363636364,0.5729578,0.5990723,-0.33239213,9.948232,1.1328654,26.820967,8.224884,0.49984473,0.63463134,5.5892982
153.0,Big Five Hlabisa,ssp370,far-term_2081-2100,2.7533088,-2.03601,-0.06498776,0.0,-28.425793,-1.0283208020050096,0.40536340852130337,19.104214,2.4485767,10.511533,1.2478931,2.481762,4.893611,0.14581640510833171,-8.673295,61.473225,-0.004545454545454545,2.6823914,3.9913878,-5.7365155,36.040638,15.761164,113.64079,27.132225,1.4565144,5.0292487,56.18414
153.0,Big Five Hlabisa,ssp370,mid-term_2041-2060,1.5033085,-1.5571212,-0.40867233,0.0,-25.67633,-1.3741102756892225,0.08588972431077657,9.2619505,1.4361433,8.730143,1.0686336,2.2685418,4.054962,0.09357040644687534,-5.5440054,36.96863,-0.004545454545454545,1.1078212,2.2150815,-0.5183996,20.233923,6.1194973,56.291348,13.957613,0.1196785,2.9850616,18.24358
153.0,Big Five Hlabisa,ssp370,near-term_2021-2040,1.8101501,-0.6865656,0.037117578,0.0,-18.818115,-0.9993734335839605,0.0932581453634084,6.8194184,1.0029194,4.3430495,0.5344353,0.49751815,2.8202758,0.028855637281666624,-2.3257818,24.869354,-0.004545454545454545,0.44272146,1.5318668,2.9754024,13.7516365,3.2856088,31.78968,7.3530664,-0.4518074,2.0144157,9.458024
153.0,Big Five Hlabisa,ssp585,far-term_2081-2100,2.7014804,-2.0440907,-0.1468172,0.0,-16.272034,-0.5431328320801981,0.8221052631578942,34.34519,3.878418,21.131935,2.305894,4.4004946,8.449773,0.24145012183806838,-9.188928,64.15896,-0.004545454545454545,3.7223973,3.7465882,-8.523511,44.491096,18.260862,143.51822,35.299084,3.114339,4.4401045,90.581276
153.0,Big Five Hlabisa,ssp585,mid-term_2041-2060,1.1048126,-1.6413636,0.19270687,0.0,-8.445386,-0.22694235588972161,0.30543859649122834,11.62919,1.3384997,7.6235323,0.8583716,2.11233,4.460359,0.10807428613198536,-5.687173,31.320793,-0.004090909090909091,1.6230533,1.5835388,-4.317707,20.870455,4.848708,66.522835,18.92978,1.3515923,1.8064239,20.036993
153.0,Big Five Hlabisa,ssp585,near-term_2021-2040,0.7524303,-0.6919857,-0.22348519,0.0,-9.417712,-0.6183709273182956,0.08305764411027602,8.021518,1.0158203,6.8518157,0.77214575,1.7149391,3.763391,0.0579917154324928,-1.7539313,15.051409,-0.0018181818181818177,0.73682135,0.69658774,-0.7936653,11.083612,1.5057416,30.46776,9.244073,0.60161895,0.72982484,6.613183
154.0,Richmond,ssp126,far-term_2081-2100,0.432127,-0.9487502,-0.15512228,-0.4707954545454543,5.4032288,-0.26546365914787096,0.2848496240601517,9.803478,0.98707485,5.5840282,0.5864917,0.89793587,1.5018959,0.05728614320583736,-3.1493433,24.030083,-2.4402272727272716,0.49892902,1.0753078,-0.032887936,14.75058,2.7497668,18.9006,10.694609,0.5258961,1.592598,9.273809
154.0,Richmond,ssp126,mid-term_2041-2060,-0.4766245,-0.7437502,0.09487772,-0.5357954545454543,6.262329,-0.01421365914786854,0.08734962406015057,5.187874,0.44734764,0.3649025,-0.0025174618,-0.12797165,-0.028213501,0.029593226773689363,-3.1821995,23.214413,-2.5539772727272716,0.5265686,1.0678453,0.054027557,13.858105,2.558517,17.661846,9.886932,0.3548479,1.5631828,7.067231
154.0,Richmond,ssp126,near-term_2021-2040,-0.604125,-0.36125016,0.32737827,-0.3020454545454544,15.261688,0.06953634085213167,0.08484962406015195,4.8434944,0.30965996,2.5841427,0.22291017,0.3495903,1.4536552,0.05269002964867564,-1.5824113,18.251598,-1.632727272727272,0.1621486,0.71685505,1.7787957,10.925058,1.6672668,12.056848,6.5457363,0.11152935,1.140955,5.326441
154.0,Richmond,ssp245,far-term_2081-2100,-0.91347027,-1.680682,0.4213667,-0.7318181818181816,23.743591,0.4419172932330824,0.4648496240601514,14.975567,1.2046366,7.3934135,0.69030344,1.0375652,1.5105972,0.08767236437779058,-5.8631277,34.242477,-3.824999999999999,1.5831099,2.0349407,-4.4986477,23.328007,5.3357654,36.123623,20.05802,1.7563577,2.2455559,21.141354
154.0,Richmond,ssp245,mid-term_2041-2060,-0.43370914,-1.0909092,-0.07030058,-0.5999999999999999,4.5070496,-0.20570175438596472,0.19937343358396098,8.142384,0.81618404,4.2565937,0.44129574,0.8636322,1.3085861,0.06663509203113716,-3.45597,21.510597,-2.8272727272727267,1.0121633,1.2486753,-1.9396372,15.756866,2.455562,19.981281,13.036808,1.1526108,1.4035645,10.590916
154.0,Richmond,ssp245,near-term_2021-2040,-0.26537418,0.06955719,0.07237768,-0.3374999999999998,-3.4986572,-0.8079636591478643,0.18609962406015135,7.6604614,0.92608356,5.1682167,0.6069938,0.8162041,-0.654953,0.03773088232865529,-0.396461,11.93482,-1.6303827751196163,0.42802042,0.6377163,0.46975756,9.4949255,0.9738105,8.426915,7.1444473,0.5574837,0.71645546,4.4481826
154.0,Richmond,ssp370,far-term_2081-2100,-0.38458443,-1.9666668,0.46823215,-0.9614898989898988,0.9555664,-0.7262531328320776,0.7056390977443618,22.814693,2.3954587,12.551205,1.3531586,2.3410435,2.8566208,0.09572575876706813,-8.478712,57.315025,-4.965782828282828,2.7572377,3.3895235,-5.802788,33.941116,13.694073,70.75616,25.798006,2.1721811,4.107006,43.972862
154.0,Richmond,ssp370,mid-term_2041-2060,0.77857304,-1.4250002,-0.23834658,-0.7420454545454543,-6.038971,-0.6407268170426068,0.30958646616541396,11.151684,1.3637538,8.378117,0.9841529,1.6383972,2.1329956,0.07355200025196051,-5.188667,32.159096,-3.672727272727272,1.0756302,1.6737137,-1.2286448,18.136848,4.2968497,25.883932,13.64476,0.74995947,2.0447578,12.4992485
154.0,Richmond,ssp370,near-term_2021-2040,1.3969936,-0.7958335,0.06033802,-0.5434343434343433,-6.8441467,-0.663095238095238,0.2582706766917304,7.7007484,0.958539,2.9333591,0.35094345,0.33826256,0.57092285,0.05479045099961288,-2.3484776,20.178944,-2.35050505050505,0.44456774,0.8944416,1.3745255,11.402777,1.9329612,13.1950445,7.157669,0.21766186,1.2230797,5.6895266
154.0,Richmond,ssp585,far-term_2081-2100,-1.452755,-1.9238638,0.65469885,-0.9545454545454544,28.867218,0.8014411027568933,0.9279448621553892,29.820759,2.7615104,14.7981205,1.4806632,2.1466599,4.4969177,0.15457211198531073,-8.922742,61.591805,-5.074999999999999,3.5686262,4.057268,-7.6484137,41.326317,17.276016,92.69151,31.920755,3.3107386,4.566223,68.97306
154.0,Richmond,ssp585,mid-term_2041-2060,-0.85632706,-1.3977274,0.32255602,-0.7590909090909089,16.90155,0.3681077694235597,0.37437343358396036,12.670109,1.1023822,6.8794613,0.669701,0.99635506,2.0788803,0.08706883884077277,-5.166578,29.844822,-3.8219497607655493,1.4673252,1.7809105,-3.2356856,20.165972,4.458433,29.35706,16.737875,1.4320607,1.9498787,15.983772
154.0,Richmond,ssp585,near-term_2021-2040,-0.98132706,-0.3460527,0.15231895,-0.43540669856459313,6.522644,0.1692982456140335,0.2231829573934847,8.158657,0.7940235,3.390976,0.34241784,0.14474678,2.198555,0.08911570831315574,-1.4819889,14.651312,-2.154605263157894,0.6636969,0.77694607,-0.16460276,10.984046,1.2926435,11.069917,8.602591,0.65444946,0.8977127,4.923057
155.0,Greater Kokstad,ssp126,far-term_2081-2100,0.7147083,-0.74130684,0.012067318,-8.660625,9.29451,0.22280701754385834,0.30245457393483743,9.250586,0.8799021,4.9215837,0.5447153,0.61317825,1.9760666,0.05617173875903503,-2.5142746,20.509083,-15.507329545454542,0.5065877,0.6647749,-0.7827146,14.806052,2.6657624,9.224445,11.269631,0.70296836,1.4315705,11.100845
155.0,Greater Kokstad,ssp126,mid-term_2041-2060,-0.4152937,-0.5681819,0.33894205,-8.060000000000002,10.994751,0.28655701754385543,0.21370457393483688,7.5719852,0.60923696,4.346706,0.4693687,0.31222916,1.052391,0.049194769534287586,-2.3736062,19.524551,-14.534204545454546,0.5362785,0.6580305,-0.6974666,13.739624,2.3551378,8.200694,10.378374,0.5881758,1.3324256,9.058083
155.0,Greater Kokstad,ssp126,near-term_2021-2040,-0.1427927,-0.051306635,0.26831722,-5.1118749999999995,16.592026,0.46593201754386104,0.14120457393483743,5.608122,0.36230135,2.9820695,0.29442012,0.33905888,1.7134037,0.06918810618231319,-0.7451062,14.449819,-9.030454545454546,0.1497243,0.3213215,0.9376693,10.5956,1.5538877,5.199444,7.015581,0.26297903,0.9018121,6.5376883
155.0,Greater Kokstad,ssp245,far-term_2081-2100,-0.51365566,-1.6494318,0.59135365,-14.046022727272728,33.820404,1.0311403508771946,0.59968671679198,19.659462,1.5555582,7.6742935,0.725219,1.1563692,3.1047382,0.1295524257341747,-5.5873423,33.79675,-27.240909090909092,1.5990193,2.0368576,-4.6552763,24.859146,6.4152813,20.811962,20.462162,1.8068483,2.4359937,27.498432
155.0,Greater Kokstad,ssp245,mid-term_2041-2060,0.008365631,-1.00625,-0.2907889,-9.898863636363636,9.426285,0.26506892230576273,0.29254385964912266,11.380663,1.1134076,7.0889344,0.79921013,1.4246387,2.4474087,0.08652219112903725,-3.1788707,21.186146,-18.87613636363637,0.983675,1.2228751,-2.0659556,16.644993,2.9453647,11.015013,13.316317,1.1087105,1.5157037,14.08374
155.0,Greater Kokstad,ssp245,near-term_2021-2040,-0.13842106,-0.107087344,-0.21543288,-5.628887559808613,0.89938354,-0.27219298245614176,0.22182957393483727,7.069618,0.8020437,5.422239,0.6651224,0.8924351,0.2442646,0.05480366445973317,-0.1460061,11.925647,-9.968929425837324,0.47093758,0.6187458,0.40041018,9.963686,1.173023,4.5140557,7.33661,0.52881336,0.7848201,5.475376
155.0,Greater Kokstad,ssp370,far-term_2081-2100,0.6394758,-2.0619318,0.26785803,-18.933333333333334,10.485733,0.2668859649122819,0.6634085213032584,23.338942,2.2657902,13.995769,1.5309564,2.3368626,3.0954208,0.12261816022083338,-8.194891,55.44308,-38.77531565656566,2.8522425,3.1297927,-6.2321157,35.520557,14.505276,41.104725,26.604202,2.4224854,4.0395713,53.745544
155.0,Greater Kokstad,ssp370,mid-term_2041-2060,1.863162,-1.584154,-0.067011595,-12.817361111111111,4.4994354,0.026096491228068786,0.47525062656641615,14.9476185,1.6601298,9.314735,1.114796,1.6351223,1.6812248,0.10119077280795996,-4.6321807,29.48472,-23.808648989898987,1.142201,1.2810793,-1.9091309,18.548643,4.5358315,12.347778,14.064859,0.9715531,1.7938657,16.03513
155.0,Greater Kokstad,ssp370,near-term_2021-2040,2.66053,-0.62790406,-0.028853655,-7.795138888888888,2.030548,-0.07521929824561457,0.34104010025062714,8.872412,0.94963026,4.928101,0.5751216,0.7408953,1.3460884,0.053634002169208106,-1.7678735,17.532598,-13.805871212121213,0.53118813,0.48573256,0.78213143,11.07119,1.8719431,5.010277,7.316145,0.3369236,0.9354558,6.433741
155.0,Greater Kokstad,ssp585,far-term_2081-2100,-1.2606792,-2.0278409,0.83004427,-19.90340909090909,41.01242,1.5317355889724293,1.0931390977443614,36.469257,3.3146894,22.403515,2.4345446,3.9935093,7.584324,0.23272234604255315,-8.735199,60.883198,-41.45397727272727,3.5845728,4.1997595,-7.7311745,43.23981,18.469797,58.968422,32.422623,3.3839476,4.921313,81.37898
155.0,Greater Kokstad,ssp585,mid-term_2041-2060,-0.6517525,-1.5255682,0.34909153,-13.411572966507176,22.928864,1.0757832080200505,0.49552005012531364,15.152399,1.313735,8.488812,0.90293795,1.1841469,3.0579185,0.1375877311930196,-4.9716253,29.609997,-25.226405502392346,1.5556442,1.7859144,-3.4171104,21.200565,5.2686005,16.440968,16.949081,1.3394551,2.071094,21.01648
155.0,Greater Kokstad,ssp585,near-term_2021-2040,-0.43806076,-0.33609447,-0.056860685,-7.6446770334928225,13.521133,0.7787593984962395,0.3032581453634092,10.513704,0.97983336,4.1213965,0.432967,0.52632236,3.056139,0.11122772119495528,-1.3327227,14.685775,-13.888965311004785,0.7493119,0.78283644,-0.19387436,11.551823,1.6465013,5.7223983,8.769807,0.6003623,0.9213872,6.8998127
156.0,Umzimkhulu,ssp126,far-term_2081-2100,0.928889,-0.7369697,0.025618872,-2.7123484848484836,4.950887,-0.3449394319131199,0.23684001670843843,7.6930847,0.7863566,4.641784,0.5113549,0.80675125,1.9994329,0.033020441743796404,-2.8346932,22.546024,-7.761818181818178,0.48289642,0.86270523,-0.36207423,14.960694,2.7267027,14.97262,10.895073,0.6028509,1.4991754,9.590559
156.0,Umzimkhulu,ssp126,mid-term_2041-2060,-0.32027563,-0.750303,0.18228658,-2.7073484848484832,5.644572,0.011727234753544499,0.08017335004177184,5.478264,0.48841605,2.959568,0.31584764,0.36480713,0.40223694,0.03190677314263546,-2.8167508,21.567026,-7.420984848484846,0.5100334,0.85913724,-0.30615616,13.97837,2.4583695,13.888452,10.06181,0.47062525,1.452486,7.9028406
156.0,Umzimkhulu,ssp126,near-term_2021-2040,-0.34194183,-0.22196972,0.30728593,-1.7206818181818162,14.47113,0.18506056808688007,0.1326733500417716,4.663437,0.31212488,2.5538692,0.23995908,0.7258479,1.82341,0.0569936864252103,-1.20476,16.445704,-4.920984848484845,0.14739709,0.5023772,1.3445584,10.903981,1.5925359,9.3067875,6.7823906,0.17502911,1.0077648,5.6054716
156.0,Umzimkhulu,ssp245,far-term_2081-2100,-0.2611122,-1.6621212,0.61478615,-4.1530303030303015,26.90452,0.5599415204678309,0.3883876357560574,15.434535,1.2321428,6.6098676,0.6148581,0.82744217,2.0660934,0.09031478921854112,-5.8017607,34.70829,-12.359848484848483,1.5734856,2.0136776,-4.5649905,24.437862,5.923126,30.629822,20.114882,1.7500035,2.3181744,23.642607
156.0,Umzimkhulu,ssp245,mid-term_2041-2060,-0.1333313,-1.1666666,-0.20108731,-3.0098484848484834,4.886007,-0.05751879699248619,0.18362573099415277,8.614944,0.8801721,6.853014,0.77274275,1.4856987,2.2552388,0.06793473938791728,-3.3997471,21.822044,-8.789393939393937,0.9981608,1.2405905,-1.9666605,16.452965,2.7332935,16.79482,13.041589,1.1032213,1.4592978,12.115121
156.0,Umzimkhulu,ssp245,near-term_2021-2040,0.040555317,-0.14521535,-0.17021465,-1.7104066985645925,-2.2370403,-0.5366060985797864,0.16017335004177177,5.686872,0.6818059,5.8780117,0.70738393,0.959891,-0.14386494,0.04169902148652286,-0.3225584,12.2332,-5.033293460925037,0.45575634,0.6366889,0.4349483,9.877498,1.0643585,7.1313405,7.241201,0.5531352,0.74529076,4.6248536
156.0,Umzimkhulu,ssp370,far-term_2081-2100,-0.119003296,-2.0386364,0.30513668,-5.457070707070706,4.8421426,-0.3319131161236477,0.580743525480368,20.698267,2.1193266,12.477709,1.3604962,2.4747555,2.659032,0.07903446867952546,-8.376221,56.897682,-16.49755892255892,2.7311738,3.188411,-6.0462685,34.840878,14.214943,58.4029,25.9899,2.263219,3.9997807,47.503086
156.0,Umzimkhulu,ssp370,mid-term_2041-2060,0.98274994,-1.5654882,-0.10100333,-4.020959595959595,-1.7425741,-0.5257727652464558,0.3324979114452802,12.074799,1.4187765,8.670169,1.0338227,1.7708906,1.6127802,0.07721030232051469,-4.9157405,31.281874,-11.177188552188552,1.0503521,1.4537188,-1.6357063,18.610205,4.428832,20.3529,13.797463,0.8429534,1.8931319,13.4743805
156.0,Umzimkhulu,ssp370,near-term_2021-2040,2.6888885,-0.68585867,0.24636555,-2.646885521885521,-2.7852376,-0.37928153717627805,0.19039264828738553,7.089274,0.8396184,4.6921124,0.55986494,0.8578122,1.3038229,0.051445015399652405,-2.0633924,19.06095,-6.878114478114476,0.44940725,0.67932194,1.0825596,11.412593,1.9084618,9.651972,7.2625213,0.26008606,1.0709248,5.5484543
156.0,Umzimkhulu,ssp585,far-term_2081-2100,-1.6619028,-2.0174243,0.8719289,-5.593939393939393,34.500874,1.072639933166246,0.8717209690893902,30.714895,2.8297117,20.370007,2.187711,3.758915,6.776947,0.16892497229812461,-8.871452,61.870266,-17.3280303030303,3.532405,4.086677,-7.7143817,42.42033,18.16587,79.24709,31.969173,3.296059,4.6488414,73.60163
156.0,Umzimkhulu,ssp585,mid-term_2041-2060,-1.2476215,-1.5325758,0.5354211,-4.196132376395533,17.58616,0.5996240601503745,0.3883876357560574,12.636693,1.1263202,7.602419,0.79129505,0.9279569,2.1273677,0.0958285380875911,-5.143725,30.225393,-11.784051036682612,1.4909999,1.7879213,-3.346729,20.908081,4.8661084,24.484888,16.723627,1.3626295,1.9878864,18.004013
156.0,Umzimkhulu,ssp585,near-term_2021-2040,-0.9309514,-0.3308213,-0.03680134,-2.367942583732056,8.491862,0.3877192982456113,0.19553049289891447,7.733322,0.7251441,4.303825,0.4483541,0.5510966,2.9027965,0.08765245219097562,-1.4437418,14.983301,-6.754066985645932,0.7080753,0.780145,-0.15401427,11.514841,1.4830143,9.20921,8.697328,0.6236458,0.9050376,5.73893
157.0,Magareng,ssp126,far-term_2081-2100,7.2222366,0.13886373,-0.3895197,-6.2144696969697,-26.497232,-0.6072827903091067,0.038742690058480043,-0.24547832,1.1917406,1.0732657,0.6020134,0.13067436,1.1393394,0.017698873768609086,-1.0950304,15.870475,-9.985303030303031,0.35798845,0.6016076,-1.3779802,19.776993,2.4551795,32.02596,14.767173,0.99454147,1.8518969,41.571346
157.0,Magareng,ssp126,mid-term_2041-2060,7.0455756,0.847197,-0.34451962,-5.372803030303032,-7.3694863,-0.2372827903091069,0.2812426900584796,8.44675,2.2824752,3.3058941,0.8874612,0.71046895,4.0124526,0.10784435014889097,-0.67586803,14.432365,-9.081136363636366,0.30099392,0.37583986,-0.90655357,17.18826,1.8743463,26.839294,12.879214,0.95432407,1.6334305,34.90468
157.0,Magareng,ssp126,near-term_2021-2040,8.61807,1.4471968,-0.11535231,-3.169469696969699,-9.816895,-0.5906161236424404,0.06707602339181278,4.6775436,1.5939223,2.400161,0.685334,0.62098056,1.9970869,0.019482368528281075,0.45027795,11.110247,-5.3028030303030285,0.0278368,0.012606938,0.336126,12.875395,1.1635128,18.85846,9.094539,0.46596017,1.0954272,23.588888
157.0,Magareng,ssp245,far-term_2081-2100,12.982124,-1.4515151,-0.1824557,-10.750757575757575,-17.197886,-0.61390977443609,0.23596491228070185,7.7029877,2.6426601,4.583269,1.2589043,0.6460495,1.4734865,0.1216808598243393,-4.867607,30.016838,-19.796969696969697,1.6871579,2.5855503,-4.5192657,33.680885,7.2403903,60.640553,24.288387,2.1477644,3.2255783,84.820015
157.0,Magareng,ssp245,mid-term_2041-2060,11.297994,-0.03333346,-0.45864615,-7.737121212121212,-22.179941,-0.6670843776106951,0.10898078529657473,3.1051915,1.8652433,1.2841066,0.59751874,0.22569402,0.9879303,0.051659674550565526,-2.2745645,19.116392,-14.178787878787878,0.98980325,1.4392103,-2.2479002,22.447971,3.3604066,38.447998,16.772226,1.3220406,2.029288,48.352966
157.0,Magareng,ssp245,near-term_2021-2040,6.4164047,1.4423047,-0.35118675,-4.306259968102074,-16.026022,-0.5664494569757732,0.09540935672514639,2.426445,1.4276434,-0.18337505,0.14535682,0.06711578,1.3420168,0.021694555050331427,0.69080895,11.081001,-7.478708133971291,0.41695133,0.7661209,0.2089796,13.276031,1.3284867,20.122564,9.641198,0.43589243,1.1415825,24.3863
157.0,Magareng,ssp370,far-term_2081-2100,25.619217,-2.0201178,-0.2867999,-13.770117845117847,-31.668,-1.2517126148705096,0.08567251461988319,6.658478,3.016835,5.111468,1.5632683,1.2412955,2.038742,0.16044262785200628,-7.1642256,46.342823,-26.319191919191923,2.4322953,3.271478,-6.780589,49.036327,14.057124,96.90178,32.64648,3.45494,5.001045,147.29134
157.0,Magareng,ssp370,mid-term_2041-2060,10.1139555,-0.53493285,0.24390157,-8.048821548821548,-4.736776,-0.4938178780284061,0.31725146198830406,9.901672,2.49772,1.5927416,0.43715,0.5577424,2.9897957,0.11342406727350755,-2.9440858,21.382395,-14.317340067340064,0.6600465,1.0436859,-2.582477,24.467783,3.6876795,41.370296,18.26472,1.3059393,2.2863796,53.55429
157.0,Magareng,ssp370,near-term_2021-2040,5.654302,0.56506747,-0.17188756,-4.1228956228956255,-9.292745,-0.3534670008354202,0.13040935672514653,3.0716553,1.1266956,-0.3564256,-0.005253315,0.10810026,1.6055794,0.08057713691352308,0.1417907,11.61821,-6.42845117845118,0.21469705,0.14267285,0.15840276,13.679698,1.331198,20.53512,9.798878,0.528615,1.2816849,24.588549
157.0,Magareng,ssp585,far-term_2081-2100,28.786081,-2.2780302,-0.51499575,-15.586363636363638,-29.80372,-0.8424812030075195,0.29866332497911463,9.692711,3.952097,7.0432706,2.1027572,1.6955185,5.235935,0.31586995897546927,-8.387624,56.710587,-30.7469696969697,3.7099302,5.365179,-7.94917,57.618492,19.217226,119.02679,36.92775,4.2372346,6.2096953,186.00774
157.0,Magareng,ssp585,mid-term_2041-2060,13.683705,-0.67372423,-0.29515395,-9.294497607655503,-15.697673,-0.39168755221386853,0.20501253132832073,5.323255,2.0407379,4.28096,1.241343,1.0791353,3.4965336,0.152568433951779,-3.7536666,25.865698,-17.10753588516747,1.308838,2.1464927,-3.4741051,28.477041,5.636842,50.29529,20.944105,1.6862167,2.6680973,69.21169
157.0,Magareng,ssp585,near-term_2021-2040,6.3416443,0.6325757,-0.022138914,-5.1108054226475295,-8.5346985,-0.29803675856307404,0.05025062656641621,1.4078954,0.8079236,1.1097126,0.40283647,0.4751854,1.3145142,0.04207929956700548,-0.126935,13.139102,-8.899401913875602,0.58240575,0.9422677,-0.09338442,15.344905,1.9044259,23.075277,10.912864,0.7049443,1.3051682,28.18709
158.0,Phokwane,ssp126,far-term_2081-2100,7.654709,-0.10431862,-0.3058467,-6.518636363636368,-26.690277,-0.8408646616541358,-0.0018671679197996838,-0.28442383,1.1294098,0.89455414,0.53699255,-0.15434647,1.2126732,0.043549329017951166,-1.4684057,16.32277,-10.61454545454545,0.4156778,0.64969444,-1.45049,20.02609,2.4352155,32.969864,15.077278,1.0049953,1.821228,42.868294
158.0,Phokwane,ssp126,mid-term_2041-2060,9.377205,0.38568163,-0.2108469,-5.848636363636366,-5.5878296,-0.23586466165413356,0.18063283208020042,6.6011047,1.7109585,4.192522,1.0365562,0.6799984,4.6574593,0.1642334519469122,-1.0667257,14.800826,-9.777045454545448,0.38171697,0.40791893,-0.9918814,17.443256,1.8177154,27.36734,13.069241,0.9793682,1.6374092,35.702503
158.0,Phokwane,ssp126,near-term_2021-2040,8.679703,0.7056818,-0.110845566,-3.59863636363637,-9.448425,-0.658364661654133,0.02813283208020101,4.3111267,1.4201527,3.2273693,0.8794389,0.6478405,2.242855,0.06137243171978035,0.044953346,11.367139,-5.937045454545451,0.108525515,0.08741188,0.24668789,13.096729,1.1202154,19.807358,9.307915,0.47349358,1.1156769,24.570927
158.0,Phokwane,ssp245,far-term_2081-2100,11.1085205,-1.5522728,-0.1764412,-10.852272727272734,-18.317688,-0.7101503759398469,0.10551378446115312,5.900299,2.2267208,4.598545,1.2583799,0.6154194,0.99528885,0.1270816771832184,-5.0566735,30.556675,-20.27272727272727,1.867748,2.6392212,-4.601005,34.31698,7.3187795,62.567368,24.787941,2.2502766,3.2640877,88.06442
158.0,Phokwane,ssp245,mid-term_2041-2060,11.460899,-0.31818247,-0.50739336,-8.00227272727273,-22.661774,-0.9863408521303221,-0.008771929824560765,2.299118,1.5565891,2.7732315,0.9166236,0.5416355,1.4543953,0.05462084204783846,-2.6487393,19.549545,-14.836363636363636,1.1075611,1.4622478,-2.3314948,22.976807,3.4020338,39.785736,17.291313,1.4016085,2.012928,50.396988
158.0,Phokwane,ssp245,near-term_2021-2040,7.7072067,0.75598073,-0.2508459,-4.6965311004784756,-15.7065735,-0.6608646616541343,0.03813283208020035,1.2610321,1.0612888,-0.054489136,0.18499374,-0.30410957,1.6154747,0.020443691231919914,0.3070469,11.522159,-8.078947368421051,0.5324888,0.85377693,0.07291603,13.593178,1.3946704,20.987076,10.016331,0.47936726,1.1555786,25.995865
158.0,Phokwane,ssp370,far-term_2081-2100,26.21103,-1.9790405,-0.3015051,-13.688636363636368,-32.05307,-1.2827067669172934,-0.028446115288220497,4.9895782,2.497017,5.7562485,1.6694336,1.2860126,2.1824608,0.18966588147810093,-7.3335238,47.054043,-26.67954545454545,2.5544367,3.3047447,-6.8126945,49.747665,14.253549,99.18373,32.97873,3.527073,5.075466,151.37793
158.0,Phokwane,ssp370,mid-term_2041-2060,10.903114,-0.698485,0.13270664,-8.216414141414145,-5.018097,-0.382706766917293,0.2741854636591481,9.128586,2.2751465,2.1912231,0.55412483,0.40350914,3.1960258,0.15713102504484322,-3.3008175,21.781116,-14.948989898989897,0.7254627,1.0619831,-2.6873455,24.866508,3.661882,42.633728,18.66787,1.3355503,2.2606354,55.30295
158.0,Phokwane,ssp370,near-term_2021-2040,6.550499,0.13762617,-0.1672945,-4.458080808080812,-8.144989,-0.5274436090225549,0.04523809523809508,2.4930496,0.924942,0.37410545,0.19935465,0.09564209,1.9572868,0.11277685243432423,-0.3181591,11.93555,-7.13510101010101,0.27351832,0.19556427,0.11082077,13.9389305,1.3285488,20.867096,9.952202,0.5490799,1.2752838,25.764053
158.0,Phokwane,ssp585,far-term_2081-2100,29.522797,-2.2727275,-0.42167997,-15.438636363636368,-30.554657,-0.9696741854636564,0.23408521303258123,9.656387,3.709488,6.9142475,1.9502244,1.5837574,5.3839607,0.28757919670056786,-8.524987,57.627804,-30.797727272727272,3.8775263,5.435713,-7.9767046,58.36131,19.16567,121.97894,37.269592,4.328106,6.2383575,189.97319
158.0,Phokwane,ssp585,mid-term_2041-2060,12.646606,-0.91279924,-0.22882271,-9.527870813397133,-16.760925,-0.6506265664160384,0.10789473684210549,4.6321487,1.8196697,3.1630058,0.9481144,0.34931946,3.072071,0.15318494150348094,-4.0077662,26.345497,-17.60095693779904,1.4271524,2.188099,-3.586176,29.123508,5.630741,51.90695,21.439873,1.7498579,2.6910477,71.86367
158.0,Phokwane,ssp585,near-term_2021-2040,6.7870865,0.23205733,0.021176338,-5.552751196172251,-6.0811157,-0.3625313283207987,0.0650375939849619,2.8071976,0.9668579,1.8469048,0.5398612,0.3792534,1.7713661,0.07183138221301988,-0.6023874,13.542695,-9.770454545454541,0.70277476,0.97507286,-0.19524193,15.553061,1.907177,23.783493,11.245274,0.7552519,1.3083992,29.542236
159.0,Stellenbosch,ssp126,far-term_2081-2100,1.0418015,-0.39625007,-0.038913727,-0.291590909090909,-31.300995,-1.3487969924811996,-0.2734053884711778,-0.04481125,0.9146824,2.6228523,0.5974078,0.27046204,0.13636017,-0.10190645109969454,-3.2068727,23.585262,-1.8289772727272726,0.16861972,1.8433084,0.53560686,11.762108,3.3447607,10.232528,9.5752945,0.1803174,1.7077847,8.676754
159.0,Stellenbosch,ssp126,mid-term_2041-2060,1.2268028,-0.3,0.043586493,-0.235340909090909,-26.389679,-1.128796992481199,-0.31840538847117816,-3.838684,0.08123779,5.257454,0.92974377,0.8613434,1.2591515,-0.05144387491524105,-3.0152035,23.05869,-1.570227272727272,0.047101684,1.8158636,0.89073896,11.775272,3.3535109,10.315025,8.860657,0.14164591,1.6473122,8.524123
159.0,Stellenbosch,ssp126,near-term_2021-2040,1.1493015,0.3424998,0.12733746,-0.1603409090909089,-10.4105835,-0.18379699248120396,0.015344611528821606,4.796074,1.0555639,4.708294,0.81285405,1.402134,2.4662857,0.019507634837410137,-1.6858096,19.816248,-0.8677272727272726,-0.14248936,1.6822472,2.5643616,9.426722,2.6735106,7.8825264,5.523697,-0.18038654,1.4759598,6.097806
159.0,Stellenbosch,ssp245,far-term_2081-2100,2.5026941,-1.3397728,-0.39135337,-0.5909090909090908,-72.79767,-2.902130325814534,-1.0312030075187981,-11.849873,0.48816204,1.4175854,0.8119285,0.53437996,-3.586296,-0.24012542564012396,-6.3203683,25.952599,-3.667045454545455,1.3506653,1.6433992,-5.6378427,16.510786,4.161244,15.9050255,20.968475,1.556551,1.6112843,13.881327
159.0,Stellenbosch,ssp245,mid-term_2041-2060,1.100316,-0.971591,-0.25206733,-0.4874999999999999,-59.89206,-2.2878446115288167,-0.7216791979949879,-11.896309,0.19471264,0.20176983,0.5507388,-0.14360237,-2.2913055,-0.19901230167690676,-3.882639,16.298998,-2.7022727272727263,0.8613583,1.0825653,-3.1036649,11.379639,2.2952151,9.017525,13.649542,0.9239464,0.9866867,7.665038
159.0,Stellenbosch,ssp245,near-term_2021-2040,1.2305508,-0.15520334,-0.048913956,-0.22595693779904316,-17.237244,-0.9600469924812014,-0.11465538847117873,7.0799103,1.4866905,4.654352,0.7427888,1.1189308,2.0975266,0.08015383612247762,-0.74237585,9.667212,-1.3785885167464118,0.36537078,0.5735035,-0.1337986,7.441461,1.2678163,4.5699787,6.726156,0.41194153,0.5580883,4.333897
159.0,Stellenbosch,ssp370,far-term_2081-2100,4.5310802,-1.4083334,-0.7349,-0.6618686868686867,-146.72612,-5.524060150375937,-2.162155388471179,-37.62084,-1.1091022,-5.7081804,0.3892882,-1.603384,-9.974758,-0.6156140102267638,-8.293634,49.650936,-4.361616161616161,1.5575335,3.3792868,-6.434535,26.052317,9.956704,30.898083,27.359604,1.6518297,3.2263756,31.746782
159.0,Stellenbosch,ssp370,mid-term_2041-2060,2.0744991,-0.9361112,-0.32437396,-0.43825757575757573,-59.91855,-2.437218045112779,-0.7739974937343366,-7.332405,0.8501291,2.9822922,0.9301245,0.5849495,-0.83994675,-0.17771411475978027,-4.584656,27.985285,-2.4491161616161614,0.36582223,2.1342945,-1.1920037,13.975439,4.2525387,13.777247,12.6980095,0.36219501,2.040079,10.819006
159.0,Stellenbosch,ssp370,near-term_2021-2040,1.0547619,0.049999833,-0.0059530735,-0.19520202020202018,-17.077118,-0.44248120300751914,-0.11347117794486339,2.2438965,0.8529434,1.1407261,0.25763106,0.5420418,-0.012432098,0.04020884722007301,-1.6267023,19.137165,-0.9380050505050502,-0.18350236,1.4788494,2.5444589,9.362434,2.623372,7.477248,5.415159,-0.1290307,1.3500919,6.274562
159.0,Stellenbosch,ssp585,far-term_2081-2100,5.1919804,-1.4750001,-0.87587786,-0.6909090909090908,-176.53804,-6.780701754385962,-2.712155388471179,-43.37866,-1.3108549,-6.4739237,0.45886612,-2.2427654,-11.88615,-0.8193241036347261,-9.231516,51.906845,-4.9125,2.7070467,3.1989784,-8.609568,32.84307,12.291806,39.134567,35.505955,2.8218117,2.9780693,52.1698
159.0,Stellenbosch,ssp585,mid-term_2041-2060,2.987217,-1.1227274,-0.2734964,-0.5363636363636363,-68.49094,-2.7259398496240586,-0.9562030075187993,-11.516033,0.482872,2.8347473,0.98925614,0.8344841,-1.0944633,-0.20707730958926085,-5.2353687,21.35737,-3.2765550239234447,1.1197939,1.3914499,-4.172838,13.973064,3.1630383,12.375361,16.999985,1.189517,1.4630852,10.985276
159.0,Stellenbosch,ssp585,near-term_2021-2040,0.77412224,-0.3449762,-0.056830168,-0.323145933014354,-29.874603,-1.1497493734335844,-0.34072681704260654,-0.5787964,0.8832922,6.268648,1.1674101,1.2782097,0.5190506,-0.07777854151328611,-1.3256559,10.973143,-1.8719497607655498,0.5279046,0.6388502,-0.5271225,7.9870934,1.4955143,4.7663918,7.7514877,0.54918575,0.61634445,5.0757513
160.0,Theewaterskloof,ssp126,far-term_2081-2100,0.3886741,-0.21420456,-0.033858377,-0.03405303030303031,-30.94816,-1.2106359649122789,-0.2644287802840437,-4.664454,0.19655736,0.20698006,0.34007406,0.11714586,-1.1264305,-0.13104799541998924,-3.1368294,23.937244,-0.2811742424242425,0.16807471,1.795653,0.53146553,11.903324,2.9958274,10.738116,9.660795,0.20743418,1.6105181,8.09457
160.0,Theewaterskloof,ssp126,mid-term_2041-2060,0.39784017,-0.22378796,0.036141317,-0.024469696969696975,-23.890518,-1.0410526315789461,-0.23317878028404362,-3.701846,0.10228411,3.5234613,0.82321495,0.5345812,0.5374012,-0.07733392283086167,-2.9608765,23.41788,-0.22034090909090912,0.032835703,1.7681204,0.9287012,11.772398,3.0304105,10.685199,8.843421,0.162467,1.5776132,7.379219
160.0,Theewaterskloof,ssp126,near-term_2021-2040,0.41242504,0.33204535,0.13572478,-0.0023863636363636313,-12.287908,-0.4310526315789452,-0.016095446950710263,0.8521258,0.59943104,3.0299814,0.685986,0.9731038,0.6247342,-0.028937403386431065,-1.6428984,20.153397,-0.10117424242424243,-0.1610204,1.5839262,2.5187995,9.446008,2.4204106,8.126865,5.5889544,-0.16345374,1.39615,5.3467627
160.0,Theewaterskloof,ssp245,far-term_2081-2100,1.3687162,-1.1685606,-0.3263782,-0.05000000000000001,-60.053547,-2.5075605680868818,-0.5008771929824558,-9.574237,0.35284296,0.63877773,0.7367832,0.42962584,-2.71539,-0.22762330867055938,-6.1844764,26.374706,-0.6208333333333335,1.2705647,1.6045014,-5.523601,16.68643,3.931579,16.725838,20.752542,1.5458215,1.5941168,12.981914
160.0,Theewaterskloof,ssp245,mid-term_2041-2060,0.5318095,-0.8261364,-0.17558487,-0.04734848484848484,-48.84489,-1.8460526315789458,-0.5199248120300749,-11.494624,-0.34310055,-0.34524503,0.46217442,-0.24739583,-2.5828087,-0.16550823256096825,-3.7632139,16.54681,-0.5234848484848486,0.8217888,1.0449547,-2.9513106,11.663078,2.1305623,9.544896,13.578317,0.92211294,0.9885928,7.305827
160.0,Theewaterskloof,ssp245,near-term_2021-2040,0.50992364,-0.0899122,-0.090941824,-0.030303030303030304,-17.506357,-0.7535526315789461,-0.15692878028404342,1.5110525,0.78103036,1.4516058,0.38811508,0.50870484,0.4298509,-0.011173664779769629,-0.5889063,9.726127,-0.25504385964912285,0.32809737,0.58730346,-0.032703083,7.4711914,1.0914583,4.769318,6.6939087,0.42235708,0.5159772,3.7423978
160.0,Theewaterskloof,ssp370,far-term_2081-2100,2.8541572,-1.2593435,-0.6491437,-0.04835858585858586,-116.5996,-4.713157894736839,-1.228968253968254,-26.08648,-0.71763927,-4.9683633,0.3130908,-1.3004831,-7.658876,-0.5296475296838659,-8.182083,49.82155,-0.6799242424242425,1.5531087,3.2738113,-6.3798757,26.193197,9.73717,32.189552,27.1357,1.6637497,3.0541782,29.226662
160.0,Theewaterskloof,ssp370,mid-term_2041-2060,1.1164383,-0.8028619,-0.27633682,-0.04558080808080808,-48.93803,-2.042543859649121,-0.5035296574770259,-7.7968774,0.2936004,1.2121677,0.7198183,0.37841702,-1.0058492,-0.17179958723861852,-4.5058594,28.330536,-0.44288720538720544,0.35051042,2.020003,-1.1722842,13.996588,3.8580036,14.265477,12.590135,0.40298,1.9136734,9.591475
160.0,Theewaterskloof,ssp370,near-term_2021-2040,0.44626364,0.013804694,0.048663538,-0.030303030303030304,-15.570694,-0.5513157894736832,-0.1013366750208855,-0.28743362,0.49618688,2.6249983,0.6220832,0.47480455,-0.13805199,-0.012896375542603403,-1.6696297,19.182964,-0.18872053872053876,-0.20544134,1.4165252,2.4130015,9.216496,2.2417996,7.4964957,5.4578815,-0.08501419,1.2035841,5.13916
160.0,Theewaterskloof,ssp585,far-term_2081-2100,3.7802227,-1.3204546,-0.8073306,-0.05113636363636364,-140.32245,-5.5770050125313295,-1.579051796157059,-33.629105,-1.5427128,-7.392184,0.037162144,-1.8713535,-9.480557,-0.6942133260953107,-9.130253,52.202194,-0.7242424242424242,2.6117978,3.0967004,-8.572411,33.238766,12.464275,41.376713,35.125072,2.7969491,2.8802128,50.09432
160.0,Theewaterskloof,ssp585,mid-term_2041-2060,1.4830008,-1.0284091,-0.25455284,-0.04621212121212121,-54.60057,-2.161925647451963,-0.5786549707602338,-11.255805,-0.15550804,0.12771542,0.5555887,0.48676553,-1.836729,-0.19976433833661655,-5.1140876,21.66236,-0.5620414673046253,1.0597116,1.3225847,-4.051947,14.120913,2.9782498,13.054207,16.678122,1.1685581,1.4032644,10.035986
160.0,Theewaterskloof,ssp585,near-term_2021-2040,0.48577753,-0.26501206,0.0053678355,-0.03104066985645933,-27.222021,-1.0329573934837095,-0.258813700918964,-3.021754,0.45640692,3.2962472,0.88924056,0.9044676,0.34714127,-0.08963748112111454,-1.1938624,11.134909,-0.3308612440191388,0.48102465,0.6733036,-0.44751263,8.133703,1.3600279,5.0460324,7.7077675,0.54459125,0.65308315,4.2609854
161.0,Umzimvubu,ssp126,far-term_2081-2100,0.9737358,-0.76761365,-0.29651928,-3.1240909090909104,4.209076,0.0052349624060124,0.23078947368421043,6.2632523,0.76290464,3.5797367,0.48468137,0.20969772,0.8078251,0.04371928237364919,-2.5948725,20.646881,-9.085454545454551,0.5559589,0.7201605,-0.6521354,14.782493,2.6920395,15.46945,10.819281,0.63282204,1.42239,10.475752
161.0,Umzimvubu,ssp126,mid-term_2041-2060,-0.27501488,-0.6613636,-0.03276968,-2.9828409090909096,6.0137024,0.0477349624060146,0.1682894736842102,5.8009453,0.5978589,4.745352,0.6324403,0.03435135,0.7947998,0.03358020531431816,-2.4422765,19.710514,-8.302954545454549,0.52795434,0.7207365,-0.55720186,13.686759,2.3657894,14.361952,9.998741,0.5305166,1.352932,8.602068
161.0,Umzimvubu,ssp126,near-term_2021-2040,0.2937374,-0.09636366,0.1434803,-1.9690909090909094,11.426697,0.1077349624060151,0.054539473684210416,2.6587944,0.15257215,1.9681091,0.23316085,-0.437315,1.1050472,0.056045992764565344,-0.8841047,14.649836,-5.425454545454551,0.19370353,0.3860941,1.1301589,10.563199,1.5945396,9.780699,6.807003,0.19696188,0.89987564,6.034962
161.0,Umzimvubu,ssp245,far-term_2081-2100,-0.2573986,-1.521591,0.21604013,-4.60909090909091,24.361542,0.7594611528822064,0.35031328320802024,11.864513,1.0445538,4.6365223,0.49137092,0.36459637,1.2188873,0.08117847329222361,-5.5556097,32.99317,-13.884090909090913,1.6036053,2.042303,-4.4742203,24.4082,6.216926,32.520214,19.791222,1.7641358,2.3546467,25.534275
161.0,Umzimvubu,ssp245,mid-term_2041-2060,0.34617424,-0.8170455,-0.33277082,-3.445454545454546,4.4487,0.12969924812030165,0.24555137844611452,9.102444,1.14084,4.7708235,0.63342285,0.6583357,0.92518425,0.04670436246212839,-3.1864064,20.838055,-10.018181818181823,1.006556,1.2437782,-1.9139338,16.357845,2.9032898,18.22195,12.865097,1.0621738,1.4670277,12.751129
161.0,Umzimvubu,ssp245,near-term_2021-2040,1.4874897,-0.09527528,-0.20527029,-1.9279904306220097,-0.7793274,-0.23101503759398412,0.19078947368421018,5.647522,0.7910509,4.976573,0.7205504,0.59094906,0.6062851,0.04721724602088573,-0.1475668,11.890108,-5.79348086124402,0.47373176,0.6333828,0.48924255,9.869728,1.1736379,8.264833,7.06921,0.54190016,0.7613945,5.2033205
161.0,Umzimvubu,ssp370,far-term_2081-2100,1.0055122,-1.9030304,0.126441,-6.045202020202021,2.9177551,-0.025751879699248192,0.453947368421052,16.425243,1.8492584,11.009477,1.4169779,1.6150331,1.2272377,0.09211051789990377,-8.192961,54.475754,-18.587121212121218,2.8827157,3.1899557,-6.0580473,34.82485,14.25329,57.31223,25.758488,2.3242955,3.9517708,50.52414
161.0,Umzimvubu,ssp370,mid-term_2041-2060,2.4120922,-1.4502525,-0.06303215,-4.492424242424244,2.1822815,0.06240601503759535,0.3473684210526311,10.760311,1.4025497,9.129841,1.2877843,1.1618528,0.26994324,0.08631797987302159,-4.6062994,29.253971,-12.842676767676771,1.1537523,1.3256273,-1.7537236,18.467789,4.4366226,20.244175,13.568947,0.9429269,1.7419472,14.732477
161.0,Umzimvubu,ssp370,near-term_2021-2040,2.8278828,-0.5502526,-0.29592752,-2.999368686868687,1.0823975,-0.027067669172934572,0.2907894736842107,7.4096413,0.94173,4.3560095,0.6034275,0.31664848,0.8403454,0.05149700039582461,-1.750917,17.6069,-8.094065656565663,0.56309533,0.56923294,0.987525,11.056977,1.8921783,9.208059,7.024584,0.25676537,0.88903046,6.0060883
161.0,Umzimvubu,ssp585,far-term_2081-2100,0.29260635,-1.871591,0.5196104,-6.229545454545455,27.861237,0.857080200501251,0.8705513784461145,27.598835,3.0758095,16.024788,2.089841,3.0186071,5.311699,0.15944478983053179,-8.741945,59.64028,-19.52727272727273,3.5653834,4.1961575,-7.6543427,42.22004,18.097607,78.70945,31.56176,3.294973,4.8502426,75.822556
161.0,Umzimvubu,ssp585,mid-term_2041-2060,0.6557026,-1.4829545,0.3136592,-4.64677033492823,15.543762,0.5999373433583965,0.3907894736842108,10.89407,1.1697254,5.802861,0.7394613,0.6173992,1.6883469,0.09657505540320122,-4.9150705,28.916409,-13.221590909090914,1.5450306,1.819974,-3.3059332,20.864038,5.1319976,26.280266,16.338531,1.2894073,2.0589256,19.170176
161.0,Umzimvubu,ssp585,near-term_2021-2040,-0.25739288,-0.4322368,-0.18872166,-2.760944976076556,9.169342,0.32374686716791956,0.31936090225563896,8.928814,1.063128,3.9018154,0.51670027,-0.07601547,2.2535133,0.08234738663441643,-1.3362412,14.669533,-7.845035885167468,0.81935394,0.8249159,-0.0702796,11.54486,1.6791866,10.504904,8.477783,0.5889497,0.90406036,6.561842
162.0,Ntabankulu,ssp126,far-term_2081-2100,0.92523956,-1.0163636,-0.38347673,-0.810909090909091,0.21627808,-0.1356954887218027,0.1546115288220551,2.9055061,0.341434,3.095436,0.3969381,0.301836,0.7698593,0.01921964762993511,-2.9983003,23.482677,-4.0521590909090905,0.58345413,0.95313835,-0.2763977,15.279457,3.038744,14.926343,10.557863,0.5096431,1.5208893,9.478447
162.0,Ntabankulu,ssp126,mid-term_2041-2060,0.9139862,-0.91636366,0.069022655,-0.7646590909090911,1.132843,-0.31694548872180484,0.05461152882205522,2.107273,0.15478945,3.4860497,0.4296738,-0.14829826,0.17129898,0.004784036687235371,-2.8854036,22.444164,-3.90965909090909,0.5770422,0.9550152,-0.18523169,14.25008,2.6824942,13.917593,9.816523,0.4116397,1.4705257,8.110024
162.0,Ntabankulu,ssp126,near-term_2021-2040,0.52399063,-0.4301136,0.059022903,-0.583409090909091,9.667236,0.23430451127819651,-0.025388471177944627,0.36693192,-0.1505642,2.7325296,0.3138218,-0.37917042,1.3024178,0.03216874672285153,-1.3624959,17.240955,-2.819659090909091,0.24465446,0.6240835,1.4897518,11.142628,1.796244,9.667595,6.67852,0.08684111,1.0181351,5.6981826
162.0,Ntabankulu,ssp245,far-term_2081-2100,0.3488102,-1.5352273,0.14354563,-1.181818181818182,20.868591,0.5610902255639072,0.28389724310776887,9.016178,0.61535263,6.4163446,0.6692287,0.13500786,0.34542084,0.05808346200231096,-5.823624,34.23317,-5.915909090909091,1.5938385,1.9872818,-4.4821525,24.475319,6.097308,29.736124,19.697048,1.7267365,2.2550507,23.118107
162.0,Ntabankulu,ssp245,mid-term_2041-2060,0.37857056,-0.971591,-0.40526247,-0.8818181818181821,1.427948,-0.04248120300751701,0.2219924812030074,5.885132,0.67744637,4.6768665,0.58811903,0.57689476,0.81264114,0.02963752031510669,-3.3902454,21.677025,-4.385227272727272,1.0180705,1.2307892,-1.927227,16.503185,2.8816984,16.51214,12.786846,1.0522718,1.4253788,11.562281
162.0,Ntabankulu,ssp245,near-term_2021-2040,0.7327423,-0.0973683,-0.36847782,-0.5366626794258376,-1.9906616,-0.4031954887218028,0.1671115288220557,4.5301247,0.6042671,6.186838,0.82541716,0.68752575,0.6158562,0.03067318892598969,-0.36084747,12.362896,-2.501913875598086,0.4579811,0.65801907,0.41477013,10.002308,1.1374004,7.283909,7.080044,0.5716882,0.73789406,4.3288217
162.0,Ntabankulu,ssp370,far-term_2081-2100,1.1426048,-1.9238636,0.2853384,-1.478409090909091,-0.0053100586,-0.2913533834586488,0.45908521303258154,14.342899,1.4969063,10.681141,1.2585815,1.5739384,0.63552475,0.03860326158120708,-8.368761,56.840775,-7.633964646464646,2.8496132,3.2507954,-5.883017,34.642693,14.558468,54.422867,25.300735,2.15588,3.8713837,46.685097
162.0,Ntabankulu,ssp370,mid-term_2041-2060,2.2005005,-1.5419191,-0.2146616,-1.1700757575757579,-2.0255432,-0.2676691729323295,0.2788220551378455,8.394909,1.0754013,9.782661,1.2897617,1.1858387,0.006160736,0.03171848676944711,-4.979906,31.86066,-5.70479797979798,1.1515803,1.52139,-1.5025878,18.89846,4.712633,19.41315,13.343645,0.79878473,1.8325386,13.337875
162.0,Ntabankulu,ssp370,near-term_2021-2040,2.7899761,-0.8113636,-0.3422928,-0.9131313131313131,-1.535492,-0.13609022556390826,0.26434837092731933,5.312519,0.6406088,4.3698673,0.57955706,0.25336552,0.86372757,0.01837531559479544,-2.1519544,19.948872,-3.8714646464646467,0.5519903,0.77539444,1.3071685,11.629068,2.0792994,9.160371,6.9396,0.16482544,1.0452843,5.89482
162.0,Ntabankulu,ssp585,far-term_2081-2100,-0.4833336,-1.8943182,0.47806978,-1.4875000000000003,25.04361,0.5075187969924819,0.7136591478696748,23.113804,2.2965202,16.74755,2.0197177,3.1036224,5.037716,0.11164726452612905,-8.891356,61.015083,-7.777272727272727,3.546373,4.045309,-7.698844,41.900368,18.135105,74.234856,31.3102,3.2347088,4.5658073,70.94205
162.0,Ntabankulu,ssp585,mid-term_2041-2060,0.3666668,-1.496591,0.17687893,-1.208971291866029,12.087799,0.4729949874686703,0.31127819548872204,8.394409,0.7814474,6.19538,0.73441684,0.2094698,0.80635834,0.054547003177283226,-5.119441,29.949665,-5.839593301435407,1.5062585,1.7864733,-3.2935715,21.005257,5.11256,23.988817,16.213718,1.293798,1.9636574,17.543234
162.0,Ntabankulu,ssp585,near-term_2021-2040,0.07143021,-0.51375604,-0.21597767,-0.7719497607655503,5.8950806,0.22299498746867208,0.2827067669172938,7.2363243,0.79459333,4.2951794,0.5279385,-0.030718803,2.6265373,0.05591077549184398,-1.4851689,15.179754,-3.504425837320574,0.8056872,0.8105259,-0.08141518,11.6767235,1.5654905,9.340546,8.462107,0.6225724,0.89199257,5.7622805
163.0,Winnie Madikizela-Mandela,ssp126,far-term_2081-2100,0.56658506,-1.1069885,-0.25364017,-0.054772727272727244,-11.163025,-0.6585698621553853,-0.11210682957393425,-0.27794647,0.15102434,6.2306156,0.6842114,0.7582331,2.0525723,-0.014604429516772655,-3.7018268,31.510326,-0.33159090909090916,0.49503085,1.6337581,1.2591484,17.403563,4.4578347,14.29878,10.308686,0.010291338,1.9584861,9.794768
163.0,Winnie Madikizela-Mandela,ssp126,mid-term_2041-2060,0.12596035,-1.0607386,0.1638608,-0.05039772727272725,-10.055679,-0.646694862155389,-0.20460682957393472,-1.6328888,-0.053047657,4.095786,0.43806326,0.12560368,-0.16465569,-0.03235233987090225,-3.6819973,30.50533,-0.3447159090909091,0.47194,1.625555,1.2275493,16.549706,4.142835,13.372531,9.594813,-0.0955801,1.8896489,8.544768
163.0,Winnie Madikizela-Mandela,ssp126,near-term_2021-2040,-0.0734148,-0.78386354,0.17010927,-0.03602272727272725,6.2210083,-0.08294486215538832,-0.1764818295739352,-0.95765305,-0.20863533,5.193692,0.49436045,0.7345791,2.708189,0.018611105505942804,-2.1864665,25.206377,-0.2378409090909091,0.14457035,1.278708,2.9460273,13.377314,2.90971,9.883156,6.4933043,-0.37665462,1.5230784,5.888189
163.0,Winnie Madikizela-Mandela,ssp245,far-term_2081-2100,0.23107958,-1.6738635,0.3426695,-0.07102272727272724,8.754944,-0.1261591478696733,0.01441102756892243,3.6589432,0.11984825,5.758772,0.5095799,0.56466293,0.15854645,0.0330587059247367,-6.2586293,36.805477,-0.5130681818181818,1.4838121,1.8653727,-4.748923,25.235817,6.568002,21.4122,20.290995,1.6169524,2.029138,21.111374
163.0,Winnie Madikizela-Mandela,ssp245,mid-term_2041-2060,-0.29273129,-1.1795454,-0.15911627,-0.05568181818181815,-8.100235,-0.6809210526315761,-0.09035087719298263,1.960701,0.28841734,6.758193,0.69985414,1.112565,0.90945625,0.014595814345617297,-3.8302264,23.415546,-0.4011363636363637,0.9580587,1.1603179,-2.1368155,17.203375,3.029994,10.971053,13.194151,1.0268102,1.2602649,10.147619
163.0,Winnie Madikizela-Mandela,ssp245,near-term_2021-2040,0.074085236,-0.37993416,-0.12926435,-0.03749999999999997,-6.9124146,-0.7198198621553873,-0.14835682957393548,2.602192,0.3461628,10.424284,1.0770516,1.3306799,1.0927067,0.021149139566784658,-0.6781163,13.228567,-0.22452153110047854,0.41844246,0.6584387,0.2020526,10.44812,1.1611742,4.5043654,7.41986,0.5734737,0.68053293,4.034398
163.0,Winnie Madikizela-Mandela,ssp370,far-term_2081-2100,0.45056486,-1.8176136,0.32214952,-0.08213383838383836,-11.576218,-1.227286967418542,0.21187343358395916,13.04237,1.2970419,13.593789,1.3514677,1.9652987,0.5203552,0.004343939584826373,-8.413111,61.14074,-0.6368686868686869,2.32838,3.5886402,-5.2904005,36.055504,16.50575,50.90628,25.047132,1.5552771,4.0885777,45.29901
163.0,Winnie Madikizela-Mandela,ssp370,mid-term_2041-2060,0.76109123,-1.582197,0.057017803,-0.07241161616161612,-13.755096,-1.0891290726817013,-0.01312656641603982,5.4766006,0.7708006,12.455147,1.3441769,1.6936789,0.71565056,-0.007233790096344839,-5.1867557,37.98039,-0.5056186868686868,0.8723173,2.0191379,-0.40116143,21.07467,6.22589,18.551418,13.259839,0.24774504,2.2693028,13.51498
163.0,Winnie Madikizela-Mandela,ssp370,near-term_2021-2040,1.4755635,-0.90233576,0.021491766,-0.06616161616161612,-8.401062,-0.5036027568922279,-0.14865288220551442,-0.94825745,0.012167931,5.081957,0.55135703,1.0354719,1.3165989,0.003708197867515306,-2.4158149,25.701118,-0.3535353535353536,0.29783323,1.3384762,2.650803,14.033581,3.1383905,9.777807,7.0236425,-0.2834375,1.5387387,6.498313
163.0,Winnie Madikizela-Mandela,ssp585,far-term_2081-2100,-0.41594505,-1.8249999,0.7182648,-0.08352272727272725,14.068741,-0.2505639097744341,0.36857769423558895,21.623383,1.805171,20.432638,1.9480588,3.737998,5.5511,0.053480218743444,-9.115577,63.699608,-0.6426136363636364,3.2491412,3.7433853,-8.012136,43.126007,19.405561,63.7006,32.349953,3.0725107,4.001469,70.69167
163.0,Winnie Madikizela-Mandela,ssp585,mid-term_2041-2060,-0.023087025,-1.5357953,0.34207416,-0.06761363636363633,2.6178436,-0.11246867167919739,0.13048245614034992,4.8162804,0.38701296,6.149087,0.5889332,-0.010279655,-0.007862091,0.018670619278215117,-5.450307,31.805897,-0.5203947368421052,1.3259162,1.6600327,-3.5295806,21.807032,5.316417,16.831009,16.836477,1.2898338,1.7338662,16.1
163.0,Winnie Madikizela-Mandela,ssp585,near-term_2021-2040,-0.20999336,-0.62667453,-0.11268711,-0.04886363636363633,-4.5273285,-0.4541353383458624,0.0584586466165411,4.432583,0.48554373,6.3640757,0.64470017,0.30589676,3.5770206,0.014562005880149442,-1.7509983,16.028221,-0.3054425837320574,0.64990425,0.76602507,-0.24527478,12.14723,1.5926734,5.68753,8.839365,0.6115916,0.82671213,5.2273808
164.0,Great Kei,ssp126,far-term_2081-2100,0.9077368,-0.47909084,-0.10965896,-0.007386363636363637,-17.463745,-0.8187813283207959,0.05167293233082626,4.211014,0.9777498,4.6156845,0.681926,0.5745449,1.3790131,-0.04153045289555557,-2.7866485,25.638542,-0.06261363636363637,0.41235316,1.44382,1.3541293,14.694862,2.9132953,19.564281,8.842405,0.07738781,1.9776134,5.9172926
164.0,Great Kei,ssp126,mid-term_2041-2060,0.8864851,-0.5640909,0.1365912,-0.006136363636363636,-12.60907,-0.8162813283207999,0.13292293233082653,3.545967,0.63358116,3.0395546,0.40322018,-0.32000923,1.0195465,-0.03356244323516888,-2.8471584,25.188215,-0.06511363636363637,0.43663728,1.4053621,1.4661684,13.751875,2.8445456,17.415531,8.0936165,0.05945158,1.7713661,5.5278196
164.0,Great Kei,ssp126,near-term_2021-2040,-0.09726429,-0.15784091,0.23159122,-0.0048863636363636375,6.7627563,0.07246867167919824,0.1166729323308262,8.673599,0.94301987,4.7837334,0.55075693,0.6570034,3.0926704,0.03328056513384947,-1.5171142,21.15224,-0.02761363636363639,0.11405265,1.1777029,3.0173845,11.075844,2.0057955,13.410534,5.331255,-0.28215885,1.4152069,3.7883458
164.0,Great Kei,ssp245,far-term_2081-2100,0.7487469,-1.0170455,0.047306538,-0.010227272727272727,-6.392975,-0.6303884711779446,0.04536340852130172,5.9937057,0.78234196,6.5922623,0.8016479,0.015172958,-1.2143707,-0.029504510924737826,-5.222382,28.824,-0.11704545454545455,1.4019731,1.7605209,-3.8745294,20.247578,4.3369617,28.79115,16.987625,1.5954223,2.0130882,11.809086
164.0,Great Kei,ssp245,mid-term_2041-2060,0.27850914,-0.5022727,-0.10745621,-0.004545454545454545,-8.065643,-0.39824561403508163,0.1667919799498736,10.205658,1.4460192,9.275566,1.1890588,1.3173847,2.7612,0.044839374278751176,-2.8062418,18.697483,-0.07840909090909093,0.78776777,1.1088552,-1.4317646,14.049866,2.0363638,16.091328,10.888172,1.0054741,1.2695332,5.986905
164.0,Great Kei,ssp245,near-term_2021-2040,0.49023724,0.16495222,-0.15715885,0.0022727272727272717,-1.8664551,-0.4375313283207998,0.146672932330826,13.567352,1.6760769,13.11232,1.6073983,2.650568,4.2278175,0.06608894741112925,-0.008109093,10.671307,-0.03749999999999999,0.290074,0.6034069,0.8619709,8.639484,0.78588516,7.2622013,5.608135,0.6070962,0.6719017,2.2134712
164.0,Great Kei,ssp370,far-term_2081-2100,0.72951317,-1.1590909,0.061591864,-0.013636363636363637,-28.121155,-1.4309523809523839,0.04812030075187934,6.832947,1.3668861,6.8869076,1.0211666,0.53497887,-0.88245773,-0.08195164891428242,-7.837451,51.662277,-0.14053030303030306,2.1629128,3.2788448,-4.582511,29.329136,11.6614895,56.49373,21.498379,1.624979,4.016672,26.969048
164.0,Great Kei,ssp370,mid-term_2041-2060,1.6189852,-0.83825755,-0.06077671,-0.010858585858585859,-9.398376,-1.0230576441102741,0.2165413533834566,12.870506,1.7697325,10.878639,1.3847857,1.5888767,2.3955956,0.0414845871861389,-4.1957045,30.650385,-0.12386363636363637,0.79256546,1.65798,0.10950136,17.000786,4.0101013,23.23817,10.779154,0.2993803,2.1723137,8.70377
164.0,Great Kei,ssp370,near-term_2021-2040,0.64003754,-0.26186863,-0.0068297386,-0.013636363636363637,-5.653839,-0.41911027568922243,0.1481203007518781,8.686569,1.1502943,4.4129734,0.5391717,0.9584942,2.8872757,0.03734358446382258,-1.4494939,20.219734,-0.09053030303030304,0.24317491,1.0499163,2.9846725,11.159882,1.8364902,12.724282,5.2406006,-0.2186017,1.5127678,3.899603
164.0,Great Kei,ssp585,far-term_2081-2100,1.1273174,-1.1590909,0.21040106,-0.013636363636363637,-23.381165,-1.5327694235588964,-0.15701754385965083,4.4059525,1.0114679,14.079897,1.919332,2.3539658,2.305832,-0.10466963973141885,-8.591749,53.003487,-0.1465909090909091,2.9374733,3.4300537,-7.398411,35.06591,13.90909,69.77655,28.395535,2.9914646,3.8231983,40.140476
164.0,Great Kei,ssp585,mid-term_2041-2060,1.1404142,-0.8068181,-0.059837103,-0.007954545454545454,-10.194916,-0.7303884711779443,0.22869674185463484,8.005981,1.0761642,4.242359,0.5037477,1.2048016,3.0043488,0.006806010511580141,-4.4094486,24.851418,-0.11590909090909093,1.1341282,1.494401,-2.6461515,17.52763,3.2995214,23.164474,13.889816,1.2589421,1.7325954,8.896429
164.0,Great Kei,ssp585,near-term_2021-2040,0.47136688,-0.06315786,-0.034837484,-0.006818181818181819,-6.039459,-0.3256265664160356,0.19060150375939688,8.924362,1.2061787,9.093618,1.1227415,1.3856869,4.673649,0.03788797062562521,-0.8416314,13.096106,-0.07613636363636364,0.603824,0.75319195,0.40247107,10.200817,1.1902514,9.560645,7.0651264,0.6455922,0.8850517,3.1559522
165.0,Amahlathi,ssp126,far-term_2081-2100,1.2939428,-0.53983766,-0.102035046,-1.5439285714285709,-17.005056,-0.8117275331185115,0.24123075546007872,5.8609643,1.1526424,4.806797,0.72432536,0.12411989,1.3186798,-0.007592460146010512,-2.0391037,18.87164,-4.6446428571428555,0.37570107,0.8245536,0.24494417,13.278131,1.9286176,15.503507,9.084424,0.48768017,1.7460698,6.1866093
165.0,Amahlathi,ssp126,mid-term_2041-2060,1.3407263,-0.61876625,-0.09310593,-1.5449999999999995,-8.650704,-0.5370846759756525,0.2287307554600784,5.3316846,0.7572403,2.1606877,0.28722286,-0.2126394,1.5671605,-0.007442051034874402,-2.0533514,18.503887,-4.392142857142856,0.3995305,0.77783966,0.46588054,12.152188,1.8779033,13.313866,8.16007,0.47497013,1.4661134,5.4072857
165.0,Amahlathi,ssp126,near-term_2021-2040,0.13787052,-0.03840908,0.32689413,-0.9046428571428565,3.013733,-0.15672753311851192,0.16301646974579256,5.9683924,0.7364608,2.957718,0.38111624,0.27805,2.0018222,0.007738983806786948,-0.6925136,14.739017,-2.8910714285714283,0.057918396,0.5012616,1.9019578,9.580936,1.282189,9.79601,5.301608,0.10173661,1.0436238,3.6336021
165.0,Amahlathi,ssp245,far-term_2081-2100,0.8740782,-1.0714285,-0.020963397,-2.466558441558441,-5.570356,-0.5896527031865391,0.17427497314715318,8.112834,1.0140607,2.493578,0.29877922,-0.28887886,-0.91195244,-0.03263268917733596,-4.7333655,26.713167,-7.504870129870129,1.379841,1.8927473,-3.4657993,19.837666,4.073018,26.645643,16.305023,1.6338966,2.31616,12.934353
165.0,Amahlathi,ssp245,mid-term_2041-2060,0.29822758,-0.5243507,-0.059738703,-1.819480519480519,-9.570426,-0.6090404582885789,0.2572681704260647,11.15775,1.6294367,8.325808,1.1177995,1.9704138,4.248725,0.04655127097473066,-2.4522161,17.402288,-5.428896103896105,0.8011853,1.212897,-1.1435705,13.870871,1.9989747,15.40299,10.508142,0.93160427,1.4534117,6.722807
165.0,Amahlathi,ssp245,near-term_2021-2040,0.4917984,0.21459329,-0.1866778,-0.9246924128503062,-5.327061,-0.7860132474042248,0.10087361260293612,12.089554,1.6637399,12.128038,1.5981196,2.3643804,3.30736,0.05133792021877971,0.2758883,9.909586,-2.854545454545454,0.2634187,0.6416754,1.097524,8.475662,0.7965786,7.037064,5.3165402,0.4888844,0.6767251,2.8831718
165.0,Amahlathi,ssp370,far-term_2081-2100,1.360633,-1.282179,-0.16344431,-3.6515873015873006,-32.375305,-1.6665771571786598,0.061099176512709796,8.825319,1.6690778,6.8457484,1.0342888,0.84163773,-0.48518372,-0.02530063144449787,-7.7128315,46.273083,-10.995238095238097,2.325433,3.0322511,-4.9943423,28.244583,10.080721,46.904938,21.320204,2.0326104,3.952911,27.94843
165.0,Amahlathi,ssp370,mid-term_2041-2060,1.4689028,-0.8976552,-0.105173655,-2.5607142857142846,-5.6825213,-0.709810239885429,0.44493376297887594,15.031675,2.035046,7.038507,0.92052805,1.401056,1.7006193,0.09225262836228902,-3.936942,24.946617,-7.064682539682539,0.91099757,1.2771903,-0.6417509,15.434488,2.9811177,18.101368,10.721036,0.68996006,1.8177011,8.548827
165.0,Amahlathi,ssp370,near-term_2021-2040,1.0940927,-0.37186152,-0.07246719,-1.571825396825396,-6.002703,-0.3579305406373088,0.2268886501969212,7.026269,0.989727,3.8871994,0.5220933,0.91621834,2.5081842,0.07251222122735371,-1.1420918,15.093167,-4.096825396825399,0.33731055,0.57006645,1.9581308,9.559528,1.2081016,8.985097,5.2606263,0.12397671,1.1509154,3.7512083
165.0,Amahlathi,ssp585,far-term_2081-2100,1.2761186,-1.2987013,0.09502302,-3.7211038961038954,-30.090803,-1.51482277121375,-0.15735767991407026,7.1636767,1.4877385,10.331714,1.556631,1.9965918,1.277202,-0.11683323056592444,-8.297829,49.912704,-11.479545454545455,2.9384212,3.7377656,-6.936566,34.278107,13.043131,61.797474,27.092749,3.038032,4.373174,41.568047
165.0,Amahlathi,ssp585,mid-term_2041-2060,1.6628538,-0.8347403,0.085158825,-2.435475051264523,-12.213588,-0.751217329036877,0.32087361260293584,8.881032,1.2687337,1.9929523,0.27097002,0.82738113,2.6372998,-0.0033904264647862193,-4.0001698,23.10396,-7.098615857826384,1.1474652,1.6531988,-2.2935839,17.11908,3.2059639,21.693985,13.35845,1.1625574,1.9716132,9.72995
165.0,Amahlathi,ssp585,near-term_2021-2040,0.8818973,-0.036466207,-0.05123547,-1.311397812713601,-4.116769,-0.17638739706409062,0.3375402792696027,9.228502,1.2516441,7.471217,0.9601871,0.9959275,3.7272491,0.06611309172180173,-0.5530333,12.186844,-3.8049043062200973,0.63427323,0.80294555,0.605381,9.935018,1.1824332,9.115004,6.735694,0.5880744,0.94253266,3.5136232
166.0,uMshwathi,ssp126,far-term_2081-2100,1.0617987,-1.0448486,0.17755795,-0.1687878787878788,4.2538047,-0.3310233918128631,0.22648287385129517,7.9504952,0.7479684,6.4868255,0.6671551,0.7346878,0.8926646,0.03581271306288928,-3.3435314,25.106653,-1.139621212121212,0.550595,1.2166086,0.07067648,14.912792,2.9305623,20.93644,10.861409,0.44749165,1.7194773,9.820134
166.0,uMshwathi,ssp126,mid-term_2041-2060,0.80846596,-0.9165153,0.20672448,-0.1712878787878788,8.171184,0.09730994152047028,0.2456495405179616,8.941345,0.75824386,2.9620578,0.2634295,-0.2120425,0.4218394,0.03791753491941711,-3.3887868,24.420748,-1.2846212121212117,0.58693737,1.1938248,0.15558846,13.735748,2.6413956,19.182272,10.009682,0.30714193,1.6264395,7.142063
166.0,uMshwathi,ssp126,near-term_2021-2040,-0.26653734,-0.30651525,0.37922415,-0.11795454545454549,14.891377,-0.04435672514619663,0.07064954051796161,6.32844,0.4309686,3.1173298,0.26036286,-0.029265085,1.3104757,0.03952169613440315,-1.8483882,19.19266,-0.8854545454545452,0.23314811,0.8682315,1.8542665,11.090132,1.8038955,13.141437,6.624274,0.054926872,1.2622122,5.7824144
166.0,uMshwathi,ssp245,far-term_2081-2100,-0.104473114,-1.7409091,0.3448194,-0.253030303030303,23.805155,0.4366750208855545,0.5375939849624057,19.245462,1.5986534,8.082049,0.72959375,1.2510185,1.7012914,0.12658984318719835,-5.9206643,34.529774,-1.7068181818181813,1.6689866,2.0020955,-4.6224794,23.29089,5.2104063,38.717663,20.518873,1.7157751,2.2580147,21.41884
166.0,uMshwathi,ssp245,mid-term_2041-2060,0.16060765,-1.3303031,0.023391088,-0.21818181818181825,2.981303,-0.17681704260650952,0.26060985797827857,9.243057,0.9172087,3.653965,0.36255646,-0.16832606,0.5784963,0.06282501936535893,-3.471158,21.513649,-1.3295454545454544,1.0538994,1.2035751,-2.080977,15.646686,2.3847287,21.556065,13.288157,1.101029,1.4001465,10.946616
166.0,uMshwathi,ssp245,near-term_2021-2040,0.60013074,-0.039912224,-0.040775936,-0.11363636363636365,-3.7469685,-0.7151900584795285,0.2281495405179621,8.209483,0.97652847,5.689875,0.6459829,0.61439896,-0.71554565,0.036132922347446104,-0.51987714,11.947917,-0.7911084529505579,0.43592852,0.55002147,0.2871971,9.388899,0.9688154,9.552472,7.2915254,0.5315962,0.6817042,4.5819964
166.0,uMshwathi,ssp370,far-term_2081-2100,0.20521927,-2.0598485,0.5049699,-0.3287878787878788,-1.0394897,-0.8532163742690043,0.62297410192147,21.581491,2.214607,12.961276,1.3664136,1.8040415,2.7831905,0.08645943343497257,-8.533839,58.47274,-2.197306397306397,2.8419642,3.523962,-5.7754803,34.204586,14.108803,73.30134,26.263445,2.10713,4.175831,45.256535
166.0,uMshwathi,ssp370,mid-term_2041-2060,1.3517113,-1.5459596,0.003215154,-0.2741582491582492,-8.6321,-0.8540935672514607,0.2817460317460319,11.466583,1.3756208,9.003036,1.0164013,1.3656603,2.5529022,0.056636908421761056,-5.331863,33.407467,-1.7593434343434342,1.2223697,1.7790293,-1.1978565,18.349703,4.4328775,27.912458,13.865444,0.6932427,2.125703,12.751908
166.0,uMshwathi,ssp370,near-term_2021-2040,1.7315336,-1.0246633,0.07689985,-0.22878787878787876,-10.335815,-0.7470760233918105,0.2554302422723482,6.9177804,0.8747651,3.4729283,0.39839378,-0.073485054,0.0017903646,0.0016652122658126582,-2.4865623,21.195175,-1.2519360269360267,0.54023576,1.0132885,1.5000938,11.597273,2.0532475,14.184678,7.293209,0.19426028,1.2599016,5.9352407
166.0,uMshwathi,ssp585,far-term_2081-2100,-1.0290762,-2.0371213,0.6622801,-0.33106060606060606,26.021484,0.5985797827903122,0.9304511278195488,31.0289,2.8119135,15.639816,1.5158076,1.7681961,3.5543773,0.1841745136013575,-8.94801,61.881733,-2.182575757575757,3.6034753,3.9726264,-7.7283454,41.78079,17.406698,97.062874,32.556385,3.2822866,4.6135154,71.91883
166.0,uMshwathi,ssp585,mid-term_2041-2060,-0.028280258,-1.4719697,0.6059303,-0.2431818181818182,16.846436,0.3231829573934905,0.46219715956558066,14.656474,1.2445288,7.6166244,0.72122604,1.1558355,1.8472443,0.08721021795173527,-5.2269673,29.870853,-1.7552631578947364,1.4862318,1.7558314,-3.365258,20.098772,4.4470496,31.623363,17.09683,1.4226173,1.9818115,16.441854
166.0,uMshwathi,ssp585,near-term_2021-2040,-0.10447184,-0.5365631,0.23450184,-0.13612440191387562,7.041178,0.03270676691729572,0.4471177944862162,14.858241,1.4572401,5.625628,0.5636244,0.7537053,2.1739628,0.09722167675718592,-1.4813375,14.563892,-0.9898724082934603,0.6645874,0.7395007,-0.2636973,10.864647,1.3050638,11.797727,8.676559,0.65156746,0.86824036,5.014076
167.0,Msinga,ssp126,far-term_2081-2100,1.6578394,-0.61803025,0.32823086,-0.8137121212121216,13.358663,0.5254135338345852,0.3348078529657476,9.607216,0.88386345,5.839994,0.6415785,0.27276865,1.651446,0.06778014790715196,-2.289305,19.703234,-3.2234090909090902,0.50988907,0.5374692,-0.9909385,14.380233,2.2152991,28.010485,11.9746065,0.7731616,1.5046616,11.830033
167.0,Msinga,ssp126,mid-term_2041-2060,0.6078377,-0.629697,0.27989802,-0.9337121212121215,15.959249,0.3562468671679208,0.35147451963241466,11.493321,1.0385538,5.7062287,0.59106857,0.23926671,1.8762385,0.07572583218306465,-2.3245027,19.114157,-3.437575757575757,0.5350321,0.4547329,-0.8394721,12.818275,1.8694657,24.398811,10.861092,0.64826936,1.3243141,8.493192
167.0,Msinga,ssp126,near-term_2021-2040,-0.118829094,0.11030301,0.410731,-0.5495454545454549,19.51888,0.279580200501254,0.1831411862990809,9.046191,0.7787898,4.458317,0.47068915,0.09337107,2.220782,0.05043613307163142,-0.7826888,14.166237,-2.2534090909090905,0.15544343,0.18821271,0.87784356,10.189588,1.1561325,16.56715,7.2613335,0.33790526,0.9062665,7.009858
167.0,Msinga,ssp245,far-term_2081-2100,0.21795654,-1.8810606,0.6392231,-1.3469696969696974,29.629496,0.7503341687552236,0.5644110275689225,20.199095,1.848533,8.70979,0.88931113,0.7017625,2.1538875,0.1291360748001479,-5.4955206,33.984352,-5.284848484848484,1.8734549,2.0147884,-4.573185,24.236052,5.551236,57.074554,21.405989,1.7575277,2.5378292,27.718254
167.0,Msinga,ssp245,mid-term_2041-2060,0.5449422,-1.1795453,0.18525536,-0.9977272727272731,11.508647,0.31223893065998354,0.3945697577276526,11.893802,1.2283014,5.4976997,0.6116654,0.046780903,1.8145472,0.0724248336174919,-3.0263116,21.230705,-3.7469696969696966,1.1425419,1.1986231,-2.064553,16.089384,2.5393143,32.892902,13.995293,1.112718,1.5141487,13.975898
167.0,Msinga,ssp245,near-term_2021-2040,2.2611732,0.018739939,0.12573116,-0.5868421052631584,3.2869465,-0.229586466165415,0.2948078529657477,12.247968,1.5146236,5.264254,0.66786957,0.74379474,0.8151143,0.05897699858322684,-0.15220515,11.856592,-2.1999202551834127,0.49751446,0.55987614,0.34775543,9.560564,1.030272,15.539239,7.5857224,0.49342504,0.7360026,6.178321
167.0,Msinga,ssp370,far-term_2081-2100,0.31332016,-2.3011785,0.68888885,-1.6749158249158256,9.399109,0.12857142857142753,0.5757727652464494,23.072115,2.5326054,11.955703,1.4119878,1.381349,2.559306,0.16614576418358004,-8.180248,55.78023,-6.708501683501683,3.1689124,3.0329826,-6.2235947,35.112034,13.411874,93.18844,27.728373,2.5646048,4.248169,54.994946
167.0,Msinga,ssp370,mid-term_2041-2060,2.468586,-1.5641413,0.40204653,-1.4008417508417512,-1.446228,-0.20563909774436104,0.3784043441938179,12.998932,1.6641496,8.891799,1.1470255,1.3169924,2.4058888,0.08793794799794785,-4.7327657,29.379416,-5.244612794612794,1.4148899,1.1228033,-2.0817323,18.075207,3.89891,37.38288,14.9659395,1.043384,1.8816553,15.681059
167.0,Msinga,ssp370,near-term_2021-2040,2.8659503,-0.7993266,0.31257376,-1.0378787878787883,-5.909098,-0.41002506265664235,0.23103592314118634,5.889231,0.78270054,2.3896205,0.30829033,-0.6421191,0.06134796,0.024464923275040462,-1.7018715,17.131886,-3.464057239057239,0.5752602,0.42054048,0.49187946,10.519339,1.5174288,17.69863,7.8446145,0.47214413,0.8398285,6.711612
167.0,Msinga,ssp585,far-term_2081-2100,-2.2455304,-2.3477273,1.0090656,-1.6560606060606065,37.246418,1.4773182957393491,0.9985380116959065,35.49842,3.4967473,18.598997,2.0208735,2.4705143,5.141197,0.2590346485002293,-8.642621,61.086086,-6.839393939393939,4.011818,4.1181355,-7.519311,43.52793,17.839314,124.31713,33.294075,3.45827,5.1845894,84.638596
167.0,Msinga,ssp585,mid-term_2041-2060,-0.26537323,-1.6470095,0.68525475,-1.3051834130781506,25.567709,0.9162071846282392,0.5779030910609855,18.025785,1.6566404,9.428378,1.0145952,1.2029394,2.9622421,0.12918362070640774,-4.817592,29.800528,-5.150398724082933,1.6781893,1.7688313,-3.3500173,20.67855,4.6612043,46.369297,17.850561,1.4692062,2.2156487,20.53066
167.0,Msinga,ssp585,near-term_2021-2040,0.7663701,-0.4444975,0.12811153,-0.7528309409888361,15.7595625,0.31779448621553996,0.46599832915622397,16.811792,1.8060404,9.54163,1.1134826,1.7415842,3.4485676,0.11772679505054591,-1.1428419,14.517485,-2.8508771929824555,0.8178785,0.690897,-0.22074954,11.097229,1.3620015,19.343666,8.9950075,0.6547769,0.8267975,7.201295
168.0,eThekwini,ssp126,far-term_2081-2100,0.71661913,-1.1292727,0.19698982,-0.0021818181818181815,-5.2887697,-0.6519122807017539,0.10188471177944862,5.023267,0.5990244,5.743612,0.6119135,0.70441055,1.1952393,0.020151221221350823,-3.620274,31.046795,-0.023818181818181815,0.41167125,1.904871,1.5250661,17.021973,4.531904,31.135693,10.406305,-0.08248577,2.1917977,10.844937
168.0,eThekwini,ssp126,mid-term_2041-2060,0.18112068,-1.0452727,0.29398936,-0.0011818181818181814,-0.64814454,-0.24591228070175433,-0.01061528822055191,3.0900788,0.3082226,1.3455803,0.13903876,-0.2308815,-0.46770936,0.013149936709776,-3.670498,30.276613,-0.021818181818181813,0.42024526,1.9045963,1.5891182,16.061419,4.2619042,28.679195,9.642552,-0.20864907,2.1497054,8.610726
168.0,eThekwini,ssp126,near-term_2021-2040,-0.32938004,-0.5882727,0.31099033,-0.0016818181818181815,9.85116,-0.13841228070175618,-0.05411528822055178,2.4970336,0.13158111,2.9146035,0.26345998,0.14981613,1.1222534,0.023218155669705354,-2.106328,24.917734,-0.022818181818181814,0.09740639,1.541721,3.458116,13.203113,3.0579042,21.496693,6.390416,-0.46330795,1.8048866,6.6896744
168.0,eThekwini,ssp245,far-term_2081-2100,-0.22095223,-1.9154545,0.3536083,-0.0031818181818181815,11.447718,0.04746867167919859,0.330551378446115,11.810351,1.0027065,6.4135942,0.5896224,1.2597221,1.2963928,0.09281436788545747,-6.405663,36.3872,-0.03499999999999999,1.5670632,1.935902,-4.943952,24.114456,6.0475597,49.20983,21.064207,1.6554245,2.0580642,21.378422
168.0,eThekwini,ssp245,mid-term_2041-2060,0.034285355,-1.425,0.097894475,-0.0027272727272727266,-5.252588,-0.2925313283208041,0.09055137844611494,5.1510954,0.5940336,2.7719734,0.29498062,0.2924858,0.26450044,0.045359666116489804,-3.9169235,22.822691,-0.03272727272727272,0.9573966,1.1773739,-2.3132627,16.193106,2.7826316,27.382557,13.6918335,1.0732977,1.2656968,10.390826
168.0,eThekwini,ssp245,near-term_2021-2040,-0.324881,-0.22456935,0.09648991,-0.001363636363636363,-8.780249,-0.883412280701755,0.034884711779448276,2.8771026,0.45259207,5.001156,0.5704274,0.8417519,-0.81407166,0.004438265226559324,-0.8411741,12.640678,-0.020909090909090905,0.41666508,0.6035198,0.14435348,9.799677,1.0618579,12.331508,7.584382,0.5469961,0.66001666,4.1794233
168.0,eThekwini,ssp370,far-term_2081-2100,0.6576206,-2.0972726,0.41546363,-0.0031818181818181815,-11.204163,-1.0543859649122822,0.430200501253133,17.085705,1.8155009,12.6446,1.323665,2.1430366,2.6074967,0.048965707995789566,-8.507457,61.335037,-0.040151515151515146,2.3138847,4.0218906,-5.157057,35.922062,16.437681,94.52675,25.873772,1.5000254,4.46772,46.68122
168.0,eThekwini,ssp370,mid-term_2041-2060,0.31604195,-1.6717172,-0.06664181,-0.0031818181818181815,-15.015223,-1.1528070175438614,0.11283208020050121,7.7006927,1.0412,8.07291,0.9183976,1.2877319,1.7023728,0.01494955908570823,-5.1930213,37.689445,-0.03459595959595958,0.8670155,2.4177814,0.017689705,20.465282,6.3265715,40.266193,13.481009,0.14112091,2.556478,14.201779
168.0,eThekwini,ssp370,near-term_2021-2040,1.132357,-0.8694949,-0.033483505,-0.002626262626262626,-12.481531,-0.7580701754385977,0.1559899749373436,4.9892516,0.6909946,4.33888,0.50150377,0.21181564,0.46562654,-0.008510128270578931,-2.3841326,25.799532,-0.028484848484848474,0.29552898,1.6700962,3.045803,13.863994,3.2810154,22.714527,7.098386,-0.36329308,1.8438072,7.0406685
168.0,eThekwini,ssp585,far-term_2081-2100,0.14809608,-2.101818,0.58789504,-0.0031818181818181815,12.965039,0.12604010025062493,0.7115037593984959,25.630451,2.3764205,14.323224,1.3799757,1.7661827,3.2564087,0.13833127869085526,-9.221663,64.093735,-0.04136363636363636,3.2741928,3.7709155,-8.121245,43.170025,19.007177,117.741646,33.486507,3.135998,4.1229086,74.99511
168.0,eThekwini,ssp585,mid-term_2041-2060,0.3828579,-1.6304545,0.4188463,-0.0027272727272727266,7.242883,0.15699248120300452,0.29531328320802,9.277079,0.8121296,6.009717,0.57391727,0.86506194,1.428392,0.0634276864140773,-5.540756,31.273474,-0.035909090909090904,1.364306,1.6898441,-3.6622655,20.860756,5.068684,39.850983,17.670395,1.3988135,1.768245,15.953684
168.0,eThekwini,ssp585,near-term_2021-2040,-0.22190323,-0.75047845,0.042656135,-0.002272727272727272,-1.6954346,-0.17157894736842536,0.2815037593984959,9.516653,0.9998638,4.709349,0.48411313,0.48536378,2.0161223,0.0638748038677253,-1.7267792,15.27197,-0.019999999999999997,0.5747854,0.74535596,-0.39705142,11.261302,1.4915789,15.438013,8.875511,0.61459905,0.83206177,4.5370173
169.0,Mkhambathini,ssp126,far-term_2081-2100,0.123090744,-1.1940911,0.18637848,-0.019318181818181814,1.6008911,-0.5096240601503759,0.17278195488721781,7.7408295,0.80026436,4.6862564,0.49479628,0.6304512,0.69083405,0.02871559688048375,-3.6112008,27.13694,-0.1602272727272727,0.5726578,1.4094372,0.41912365,15.375082,3.3630626,27.71579,10.595459,0.33827305,1.7631302,9.829448
169.0,Mkhambathini,ssp126,mid-term_2041-2060,-0.079408646,-1.0190912,0.3788786,-0.016818181818181812,4.8135986,-0.164624060150377,0.07028195488721778,5.299942,0.45725155,-0.175457,-0.05101061,-0.40081787,-0.4522934,0.010091640226094434,-3.649117,26.42955,-0.1577272727272727,0.6065457,1.4156914,0.5350933,14.334612,3.0805624,25.20079,9.902618,0.18312931,1.7240486,7.113659
169.0,Mkhambathini,ssp126,near-term_2021-2040,-0.8744068,-0.6315911,0.45887852,-0.014318181818181817,12.99469,-0.12462406015037075,-0.03721804511278126,4.1722107,0.2604103,1.8179054,0.14124727,0.0070648193,0.8925705,0.018583546927606776,-2.1452966,21.221586,-0.1302272727272727,0.26244473,1.0618649,2.2988615,11.580347,2.1455622,18.010788,6.5114403,-0.050789833,1.3593941,5.61629
169.0,Mkhambathini,ssp245,far-term_2081-2100,-0.18095398,-1.7409092,0.41566372,-0.027272727272727268,20.13855,0.3527568922305804,0.40563909774436,16.977982,1.4458256,6.630451,0.59819174,1.2389069,1.3677139,0.10691024390768344,-6.0682383,34.961136,-0.2068181818181818,1.6229103,1.9961071,-4.682356,23.302347,5.25957,49.76291,20.527924,1.729188,2.1711502,20.886717
169.0,Mkhambathini,ssp245,mid-term_2041-2060,-0.51428413,-1.3704547,0.079948425,-0.024999999999999994,1.196106,-0.25200501253132757,0.17230576441102663,6.701996,0.6868658,1.8756294,0.17820406,0.07456589,0.3516693,0.05413916605822955,-3.6075926,21.866299,-0.20227272727272724,1.0206077,1.1984291,-2.067884,15.661171,2.4021535,28.168068,13.26157,1.1181917,1.3487129,10.218297
169.0,Mkhambathini,ssp245,near-term_2021-2040,-0.06940842,-0.078828216,0.12887764,-0.015909090909090907,-4.9766846,-0.7621240601503736,0.12778195488721789,5.53096,0.72340584,5.078453,0.59804916,0.79493713,-0.97618866,0.01747443991169817,-0.5906544,12.112738,-0.10454545454545452,0.4190271,0.5793762,0.30741596,9.464321,0.9955212,12.713276,7.27195,0.55798054,0.6617203,4.258396
169.0,Mkhambathini,ssp370,far-term_2081-2100,0.20651245,-2.059091,0.53558826,-0.031818181818181815,-3.5300903,-0.9206766917293194,0.5627819548872184,19.542725,2.0600128,10.984169,1.1775193,1.8631935,2.4936752,0.06079342144767885,-8.604868,59.506214,-0.2588383838383838,2.7511313,3.668003,-5.6003675,34.404846,14.570841,90.57967,26.010002,1.9643698,4.183544,44.112347
169.0,Mkhambathini,ssp370,mid-term_2041-2060,0.8591442,-1.7007577,-0.11704445,-0.029040404040404037,-9.595215,-0.9522556390977464,0.21278195488721785,8.999008,1.1529846,7.6203766,0.8880153,1.2248917,1.9589462,0.031913024508956056,-5.445721,34.94092,-0.22550505050505049,1.1637251,1.9793777,-0.85890293,18.753384,4.8958397,36.71579,13.679989,0.5745516,2.2009811,12.851233
169.0,Mkhambathini,ssp370,near-term_2021-2040,1.3012505,-1.0340911,0.017168045,-0.029040404040404037,-10.11145,-0.7601503759398476,0.2548872180451127,5.6814423,0.7767029,2.651905,0.3352809,-0.09026337,-0.17808533,-0.008777771624034258,-2.6838026,22.720474,-0.2116161616161616,0.5193112,1.2135315,1.8816433,12.067745,2.3625064,19.168568,7.1800385,0.07107067,1.3955345,5.7651205
169.0,Mkhambathini,ssp585,far-term_2081-2100,-0.8738136,-2.0454547,0.64423466,-0.031818181818181815,22.633362,0.512280701754392,0.8127819548872184,27.214691,2.5080986,12.128944,1.1758132,1.5060959,2.896103,0.15944069568147512,-9.025438,62.333202,-0.27045454545454545,3.5107062,3.929573,-7.822774,41.630302,17.445335,116.42939,32.569572,3.2519999,4.434841,70.05876
169.0,Mkhambathini,ssp585,mid-term_2041-2060,0.119039536,-1.4386365,0.4894724,-0.024999999999999994,14.291626,0.3241854636591519,0.3984962406015029,12.124985,1.0460148,6.094219,0.5833516,1.0496292,1.468483,0.08398823284641121,-5.333212,30.184258,-0.1977272727272727,1.456548,1.7406559,-3.3695045,20.170645,4.569378,40.443657,17.132599,1.4335375,1.8877487,15.839727
169.0,Mkhambathini,ssp585,near-term_2021-2040,-0.6452408,-0.49461746,0.2561407,-0.015909090909090907,4.3077393,0.0051378446115286636,0.3699248120300753,11.417465,1.1582451,4.3857536,0.4464693,0.43014145,1.8730392,0.08569786315548722,-1.5281277,14.669949,-0.10909090909090907,0.64530635,0.7492485,-0.28006363,10.95187,1.3316985,16.05215,8.67738,0.65821743,0.8675461,4.661153
170.0,The Msunduzi,ssp126,far-term_2081-2100,0.65662766,-0.8797729,0.0044851303,-0.26636363636363647,6.9210205,-0.20933583959899948,0.27239348370927363,10.365974,1.020874,6.9231644,0.7397442,0.8019638,1.068039,0.06195042837465259,-3.0804539,23.465923,-1.5140909090909087,0.5220908,1.026413,-0.16582012,14.473876,2.6548805,22.858297,10.78651,0.5734863,1.5547142,9.346742
170.0,The Msunduzi,ssp126,mid-term_2041-2060,0.16662598,-0.53227293,0.19948673,-0.26886363636363647,8.561584,0.13066416040100393,0.20489348370927374,7.688057,0.6833515,1.6811409,0.14055586,-0.34942627,0.061927795,0.0346547830995938,-3.0917206,22.799793,-1.7165909090909086,0.5582311,1.0209122,-0.01142025,13.493022,2.4248805,21.0633,9.97863,0.38975334,1.5210724,6.765163
170.0,The Msunduzi,ssp126,near-term_2021-2040,-0.7858772,-0.17227292,0.36698723,-0.21636363636363645,15.751892,-0.05433583959899835,0.08489348370927274,6.43911,0.48408413,3.1912308,0.29233837,0.08207321,1.2369614,0.05044238016941538,-1.5686817,17.823383,-1.1565909090909088,0.1915431,0.67801476,1.6818476,10.7359915,1.5723807,14.430796,6.5497246,0.16517639,1.1140747,5.328321
170.0,The Msunduzi,ssp245,far-term_2081-2100,-0.21516418,-1.5727274,0.23734379,-0.3681818181818183,25.13324,0.575187969924805,0.5240601503759388,18.84562,1.6268482,6.823265,0.62284946,1.1394882,1.5238724,0.11091399911228716,-5.7986884,33.82246,-2.2659090909090907,1.6114236,2.0433006,-4.5072126,23.079475,5.0151916,44.530746,20.13454,1.7639532,2.2753448,21.097618
170.0,The Msunduzi,ssp245,mid-term_2041-2060,-0.105644226,-1.1000001,0.03972435,-0.32045454545454555,5.3477173,0.10375939849623705,0.25977443609022544,9.447594,0.95546436,2.9611588,0.29210663,0.41942215,1.0009613,0.07490540373313337,-3.3840804,21.170887,-1.793181818181818,1.0421561,1.2265987,-1.9632921,15.519986,2.3226078,25.284208,13.067551,1.1524925,1.4212837,10.423058
170.0,The Msunduzi,ssp245,near-term_2021-2040,-0.0033798218,0.21124375,0.13198566,-0.1863636363636365,-2.9622192,-0.6643358395990013,0.20739348370927324,8.54142,1.0544338,5.032299,0.5980897,0.7481575,-0.84519196,0.04474912546810206,-0.36588573,11.724118,-1.0337320574162683,0.42669225,0.59239006,0.43917942,9.355737,0.9404174,11.065554,7.1466904,0.55484676,0.70443726,4.5577683
170.0,The Msunduzi,ssp370,far-term_2081-2100,-0.114032745,-1.8522729,0.65238094,-0.45025252525252535,1.6116333,-0.6501253132832119,0.6942355889724299,23.157417,2.4412556,13.083458,1.4196467,2.033249,2.7519684,0.10309325585400853,-8.476343,56.90829,-2.9646464646464645,2.8628645,3.3954258,-5.851495,33.684353,13.505436,81.34609,25.988377,2.2266245,4.11401,43.945282
170.0,The Msunduzi,ssp370,mid-term_2041-2060,1.0780716,-1.2550507,-0.18182945,-0.36691919191919203,-5.4434204,-0.5895989974937379,0.2784461152882196,12.186562,1.479928,8.210106,0.9676304,1.4576187,2.3502045,0.08878574751056068,-5.1612196,31.665234,-2.281313131313131,1.1623749,1.6273289,-1.3238125,17.84732,4.1387696,31.33497,13.774963,0.80026627,2.0238876,12.342502
170.0,The Msunduzi,ssp370,near-term_2021-2040,1.738594,-0.6883838,0.08659077,-0.2946969696969698,-7.273926,-0.5948621553884692,0.33370927318295784,7.624672,0.95604897,2.0511513,0.2509899,0.009395599,0.09954071,0.05030795552891831,-2.3484225,19.666893,-1.5646464646464644,0.4728117,0.85346603,1.2546482,11.153998,1.816547,15.565531,7.1988716,0.2734089,1.185669,5.5369463
170.0,The Msunduzi,ssp585,far-term_2081-2100,-1.6532593,-1.8113638,0.537343,-0.4590909090909092,29.309448,0.8370927318295713,0.9192982456140353,30.343605,2.8329182,13.917023,1.3718419,1.7516289,3.7971344,0.17285021795572675,-8.879766,61.10419,-2.9499999999999997,3.6333513,4.067192,-7.6166773,41.088333,16.831696,106.66377,31.984478,3.3331146,4.6595345,68.81828
170.0,The Msunduzi,ssp585,mid-term_2041-2060,-0.5365906,-1.2113638,0.43496227,-0.34545454545454557,18.490234,0.5013784461152895,0.462155388471178,13.657219,1.1993551,6.9952965,0.6940956,1.1294441,2.103508,0.09695649371783066,-5.1196346,29.471058,-2.372248803827751,1.4910954,1.7863522,-3.206893,19.95546,4.3151917,36.41926,16.821758,1.4480581,1.9790878,16.032581
170.0,The Msunduzi,ssp585,near-term_2021-2040,-0.22706604,-0.25143528,0.24448776,-0.219976076555024,7.8919067,0.2466165413533794,0.2883458646616539,11.365715,1.1383085,4.5948524,0.47458124,0.29125977,2.0439606,0.09703836712330993,-1.4611778,14.345893,-1.40011961722488,0.6813694,0.7685871,-0.20100117,10.852975,1.2629188,13.925123,8.622749,0.6654625,0.901947,4.768296
171.0,uMngeni,ssp126,far-term_2081-2100,1.4882317,-0.5793183,0.22179286,-4.9374242424242425,14.244263,0.21054720133667595,0.38842940685045946,11.843076,1.0502733,8.09966,0.82896215,1.2971497,2.0330505,0.07956635209932934,-2.282756,19.058426,-10.46462121212121,0.4132134,0.57859486,-0.7880211,13.7677145,2.000299,13.803423,11.183281,0.83378345,1.42453,9.982665
171.0,uMngeni,ssp126,mid-term_2041-2060,0.43156433,-0.3626516,0.24179299,-4.988257575757575,15.60498,0.5163805346700071,0.3225960735171256,10.378413,0.85228664,2.7075455,0.20819609,0.1690712,1.5476303,0.0675930236697176,-2.2648275,18.40736,-10.552121212121206,0.46937922,0.5448354,-0.64609843,12.574618,1.747799,12.610925,10.269698,0.6269102,1.31073,7.2791567
171.0,uMngeni,ssp126,near-term_2021-2040,-0.18676503,0.25401512,0.5576267,-3.1007575757575747,20.883118,0.4822138680033419,0.14426274018379237,7.0098825,0.44098505,2.558419,0.18500693,0.48384348,2.1072972,0.0755916252126978,-0.63464516,13.641259,-6.512954545454541,0.069287576,0.21670341,1.0381927,9.857975,1.1461323,7.99759,6.781938,0.3746201,0.8907013,5.5659986
171.0,uMngeni,ssp245,far-term_2081-2100,-0.67101413,-1.6931819,0.6112372,-8.256818181818183,35.451233,0.9863408521303256,0.6614452798663321,21.67067,1.7406334,9.114855,0.81831104,1.7065645,3.0310414,0.14174033220396817,-5.4445853,32.456352,-18.90833333333333,1.5749904,2.0551815,-4.42235,23.143703,5.0112042,30.34717,20.240538,1.7849308,2.454197,23.329283
171.0,uMngeni,ssp245,mid-term_2041-2060,0.70914584,-1.1128788,0.21361828,-5.880303030303032,12.768758,0.3141186299081049,0.3598579782790316,12.581723,1.1662664,5.337076,0.51693153,0.9061902,2.0379841,0.1047702899752867,-3.0409396,20.179699,-13.335606060606056,1.0305178,1.2389895,-1.907711,15.494436,2.3643146,16.498043,13.095574,1.1676893,1.524746,12.296867
171.0,uMngeni,ssp245,near-term_2021-2040,0.88239926,0.1475277,0.020126343,-3.3747208931419466,1.3214111,-0.2319527986633266,0.30842940685045966,9.330968,1.0472854,5.393381,0.6160224,1.0532366,0.052864075,0.06281193983349424,-0.056485176,11.294536,-7.135486443381179,0.42083254,0.588309,0.4781135,9.244459,0.99441344,7.140269,7.1465287,0.518789,0.7612381,5.213701
171.0,uMngeni,ssp370,far-term_2081-2100,-0.6111984,-2.022559,0.68784523,-11.135942760942761,11.295512,-0.10568086883876286,0.8296574770258974,27.467722,2.7454665,17.026571,1.8162674,2.680046,3.882693,0.16935150037646332,-8.188032,54.01295,-26.301936026936023,2.9266975,3.0521786,-6.0922666,33.709717,12.707244,57.52944,26.540773,2.5496435,4.127188,47.73827
171.0,uMngeni,ssp370,mid-term_2041-2060,1.3616117,-1.2568182,0.11679236,-7.853535353535354,0.76776123,-0.16708437761069087,0.36913116123642453,14.036522,1.5658121,9.389387,1.0718664,1.9943504,3.32104,0.13852857815663486,-4.665259,27.983126,-16.863047138047136,1.18556,1.2059288,-1.7933588,17.238335,3.427614,19.590553,14.142474,1.0492531,1.8637136,13.5178995
171.0,uMngeni,ssp370,near-term_2021-2040,2.0186284,-0.5003368,0.2176698,-4.742424242424242,-3.0591838,-0.2337510442773573,0.3200083542188805,7.7538757,0.8827861,2.885833,0.32274207,0.329717,0.5929616,0.07366406601666024,-1.6908537,16.34877,-9.691750841750837,0.46398,0.4200058,0.70949906,10.287911,1.3609471,9.019257,7.3939133,0.5006053,0.9538854,5.7641954
171.0,uMngeni,ssp585,far-term_2081-2100,-2.3122838,-2.0113637,0.8302857,-11.536363636363637,42.382427,1.5934837092731857,1.1701754385964913,37.86878,3.3582857,20.435562,2.0010562,2.89932,6.196917,0.24864057903134137,-8.646708,59.66532,-27.994696969696964,3.7164917,4.2118187,-7.470704,41.41121,16.691587,79.21925,32.16188,3.460017,5.0222993,73.26671
171.0,uMngeni,ssp585,mid-term_2041-2060,-0.6702194,-1.4454546,0.5842536,-8.23927432216906,26.901306,0.9379281537176318,0.622556390977444,19.322214,1.6790177,8.780119,0.8386512,1.746769,3.4841995,0.13573203135460035,-4.846309,28.424911,-18.011483253588512,1.519365,1.8110365,-3.1981757,19.869701,4.352552,24.437998,16.835373,1.4640633,2.1266735,17.674646
171.0,uMngeni,ssp585,near-term_2021-2040,-0.1543452,-0.19541462,0.3374281,-4.548165869218502,14.934428,0.49824561403508955,0.33842940685045936,11.800537,1.0592899,6.311993,0.63326645,0.913194,2.6915233,0.11589402757005758,-1.195001,13.82131,-9.69381977671451,0.6887919,0.76736003,-0.12859122,10.750127,1.2789872,8.907894,8.618911,0.66477174,0.9207204,5.9555964
172.0,Impendle,ssp126,far-term_2081-2100,1.0000839,-0.40590918,0.037160873,-6.521590909090911,14.544373,0.16822681704260845,0.4174310776942356,11.76358,1.0217228,8.990904,0.91519356,1.5414543,2.2952042,0.07938949536001694,-2.159295,18.712292,-12.386818181818189,0.41626406,0.52331924,-0.8658962,13.736922,2.0203347,13.517836,11.238731,0.8597603,1.3904533,9.856893
172.0,Impendle,ssp126,mid-term_2041-2060,-0.32741928,-0.37090898,0.102160454,-6.221590909090912,16.7807,0.4882268170426123,0.32493107769423624,9.166718,0.7012415,3.846342,0.34365368,0.33652878,1.7226028,0.05759417518405652,-2.1910772,18.015865,-12.276818181818175,0.46811366,0.49211693,-0.75859547,12.64239,1.7878351,12.327833,10.218971,0.6468735,1.2828636,7.541103
172.0,Impendle,ssp126,near-term_2021-2040,-0.619915,0.24909091,0.4596634,-3.9465909090909097,21.927063,0.355726817042612,0.2299310776942356,8.413162,0.5865259,4.554014,0.40703154,0.77837753,2.2284622,0.08509477314655456,-0.4885273,13.242611,-7.414318181818182,0.060286045,0.16051102,0.95851135,9.777171,1.1853349,7.732834,6.813423,0.39904022,0.8601036,5.6832085
172.0,Impendle,ssp245,far-term_2081-2100,-0.8316994,-1.6999999,0.7027559,-10.904545454545454,37.513123,0.9454887218045194,0.6533834586466165,21.761368,1.6871672,10.644121,0.97031355,1.8670235,3.3998795,0.13407663322904195,-5.4120045,32.41394,-23.115909090909092,1.5317926,2.0647125,-4.4588323,23.34555,5.13732,30.559095,20.219475,1.7884741,2.4847298,23.982834
172.0,Impendle,ssp245,mid-term_2041-2060,0.6325836,-1.1113634,-0.04962349,-7.831818181818184,13.528503,0.28596491228070064,0.3271929824561406,11.272324,0.9924164,6.863924,0.68747425,1.4190979,2.4278107,0.12006221976161502,-3.0589976,20.102999,-16.222727272727273,1.0008023,1.246191,-1.9397173,15.650935,2.4157894,16.40897,13.075642,1.1613798,1.5541229,12.575439
172.0,Impendle,ssp245,near-term_2021-2040,0.4600792,0.22571802,-0.122838974,-4.453349282296653,1.9547119,-0.1892731829573897,0.2874310776942348,8.4830475,0.90710163,5.8269176,0.6508746,1.2112427,0.044799805,0.06410694696332975,-0.035607338,11.343363,-8.515669856459333,0.42831016,0.6116066,0.4810686,9.322227,0.9869219,6.966629,7.1464157,0.5063467,0.7878418,5.2815795
172.0,Impendle,ssp370,far-term_2081-2100,-0.3542633,-2.040909,0.6699257,-14.95909090909091,13.607727,-0.046115288220551776,0.8908521303258139,28.913101,2.7784643,18.365896,1.9109917,3.1044998,4.3703384,0.16559734912707125,-8.157571,53.737762,-32.72348484848485,2.891348,3.0072536,-6.1688156,33.922497,12.828668,57.434227,26.601913,2.5817738,4.1175613,48.829407
172.0,Impendle,ssp370,mid-term_2041-2060,1.2825851,-1.3353534,-0.080075264,-10.20909090909091,2.5602417,-0.10927318295738786,0.39874686716791974,14.703873,1.5839739,10.600462,1.1881509,2.2803497,3.3962326,0.13850019251598322,-4.5701237,27.69068,-20.426262626262627,1.138583,1.1813412,-1.8518906,17.297897,3.520335,19.306448,14.142014,1.0639677,1.8297005,13.693296
172.0,Impendle,ssp370,near-term_2021-2040,1.8299522,-0.5353533,0.15676785,-6.064646464646467,-0.8380127,-0.04085213032581336,0.40137844611528894,8.033142,0.8700056,3.2896671,0.35788012,0.70563126,0.9251709,0.07836129750644538,-1.5990486,16.115395,-11.62348484848485,0.4561224,0.36325645,0.6885042,10.234181,1.3675572,8.784222,7.368824,0.50747204,0.95624924,5.7071853
172.0,Impendle,ssp585,far-term_2081-2100,-2.5078888,-2.0181818,0.7622795,-15.597727272727274,45.35852,1.6621553884711808,1.2700501253132837,40.713135,3.5407705,23.282724,2.2731905,3.433567,7.3137436,0.2617981535106706,-8.636356,59.66897,-35.025,3.675158,4.2536793,-7.5138645,41.550877,16.811241,79.12488,32.154427,3.4677029,5.044922,74.161156
172.0,Impendle,ssp585,mid-term_2041-2060,-1.4531326,-1.4227271,0.5384712,-10.8305023923445,28.655579,0.9954887218045165,0.5748120300751882,18.309052,1.5188951,10.303843,0.9959445,2.0103264,4.058914,0.13535594248774263,-4.8248224,28.45342,-21.607416267942583,1.5275912,1.8197498,-3.2219372,19.967926,4.41555,24.377752,16.783638,1.4506369,2.1360397,18.394487
172.0,Impendle,ssp585,near-term_2021-2040,-0.9436035,-0.1504786,0.2979946,-6.010885167464117,15.988281,0.7169172932330845,0.291478696741855,9.994736,0.8313637,6.4854374,0.6425972,0.9993324,2.9780579,0.11670330837445597,-1.1783066,13.886044,-11.730861244019142,0.6928899,0.7800331,-0.15371895,10.824464,1.3630383,8.972607,8.576847,0.6446619,0.9363632,6.0087724
173.0,Mfolozi,ssp126,far-term_2081-2100,0.7819824,-0.9372728,-0.2058506,0.0,-19.583008,-0.9716791979949804,0.027568922305766463,5.2886047,0.81114674,4.259712,0.4969163,0.7319412,1.6566849,0.030601590162158132,-3.3972063,33.760345,0.0,0.2738104,2.4149742,2.5254793,18.923582,6.028863,45.16252,10.5875435,-0.47444534,2.8224297,16.171303
173.0,Mfolozi,ssp126,mid-term_2041-2060,1.2094822,-0.78977275,0.1341486,0.0,-4.5584717,-0.40917919799498037,0.05006892230576465,11.109726,1.0916338,9.411739,0.8920169,2.2463188,5.231491,0.07850686599094825,-3.1652985,32.609856,0.0,0.19967175,2.3640385,2.630231,17.783106,5.586364,41.372528,9.787434,-0.5755024,2.7922363,12.34762
173.0,Mfolozi,ssp126,near-term_2021-2040,0.41698456,0.25022745,0.03664875,0.0,5.4438477,-0.331679197994994,0.137568922305765,11.432892,1.0482836,4.477474,0.43407536,1.4374275,3.8618774,0.05740838922367608,-1.5085192,27.343819,0.0,-0.085110664,2.0272274,4.769562,14.9429455,4.246363,31.505028,6.2624702,-0.8556671,2.3719177,9.879198
173.0,Mfolozi,ssp245,far-term_2081-2100,1.0348358,-2.0704546,-0.0122795105,0.0,-9.844116,-0.3169172932330824,0.510902255639099,19.570297,1.9789991,10.069027,0.9722681,2.232296,3.049759,0.1430762281034843,-6.815983,38.19477,0.0,1.6904364,1.8254719,-5.8141356,26.235582,7.452513,75.591385,23.40887,1.5637646,2.0272446,29.939224
173.0,Mfolozi,ssp245,mid-term_2041-2060,0.2943592,-1.5886364,-0.15513802,0.0,-18.361084,-0.545488721804503,0.31328320802005116,12.695526,1.4972258,6.264534,0.67671347,2.0454292,4.0151978,0.07505508530471161,-4.2529902,23.899609,0.0,1.0062695,1.1086674,-3.1124997,17.360973,3.306818,45.16208,15.323658,0.95103645,1.2665825,13.609525
173.0,Mfolozi,ssp245,near-term_2021-2040,0.3369789,-0.63684225,-0.07585144,0.0,-17.586304,-0.8866791979949795,0.06256892230576483,5.2321014,0.77097225,1.7136726,0.26340103,1.4263077,0.19480896,0.029905346975980684,-1.13554,13.444837,0.0,0.5124302,0.5953312,-0.42366314,10.45966,1.2703482,23.280373,8.5910225,0.49118423,0.6437607,5.072056
173.0,Mfolozi,ssp370,far-term_2081-2100,2.294613,-2.3022728,-0.0382185,0.0,-33.24353,-1.4137844611528863,0.4091478696741859,20.089035,2.341527,10.511745,1.1284657,2.3029518,4.3738174,0.11932400923439612,-8.442592,63.22077,0.0,2.0482883,4.465372,-5.1484103,38.582085,18.33914,117.3103,27.222874,1.0298367,5.0759354,62.430943
173.0,Mfolozi,ssp370,mid-term_2041-2060,0.87355995,-1.3578284,-0.36716747,0.0,-30.158081,-1.7795739348370851,0.017042606516291414,9.209274,1.3342447,6.747444,0.7859516,1.8009338,3.825142,0.0522483373864171,-4.959807,39.931717,0.0,0.6306753,2.7917213,0.5793266,22.372087,8.116919,57.138084,13.805267,-0.29569817,3.205307,20.308731
173.0,Mfolozi,ssp370,near-term_2021-2040,1.0946121,-0.5522728,0.18809414,0.0,-20.988525,-1.1374686716791942,0.16177944862155513,7.428421,0.9749193,4.4721146,0.50165176,0.73466873,2.5928345,0.014711048727404474,-1.7947979,28.150707,0.0,0.077135086,2.0817642,4.1665936,15.562273,4.597475,33.888092,7.2435265,-0.7538624,2.3941536,10.24762
173.0,Mfolozi,ssp585,far-term_2081-2100,1.9181728,-2.3022728,-0.11704254,0.0,-20.447632,-0.9550125313283147,0.8513784461152882,35.85588,3.649066,21.455494,2.1072788,4.6493645,7.036186,0.2268061010484086,-9.365778,66.20056,0.0,3.3549547,3.6204834,-8.772267,47.625587,20.575003,148.94386,36.619106,3.0045166,4.03376,100.709526
173.0,Mfolozi,ssp585,mid-term_2041-2060,0.6610317,-1.7204547,0.13057613,0.0,-10.969971,-0.1835839598997424,0.29661654135338633,12.022797,1.2615728,7.4842834,0.758142,2.2440262,4.20842,0.104466707294125,-5.8734236,32.696384,0.0,1.4363394,1.5695381,-4.486475,22.314264,5.718182,62.608017,19.772884,1.2953339,1.7419777,21.171427
173.0,Mfolozi,ssp585,near-term_2021-2040,0.34197998,-0.7319375,-0.09561348,0.0,-11.885132,-0.7550125313283189,0.0847117794486234,8.395386,0.96861935,6.9590683,0.70514965,1.9175415,2.6261673,0.048345787380513094,-1.8520746,15.740697,0.0,0.6347265,0.6734371,-0.8933506,11.613575,1.7217702,26.73935,9.639935,0.5432396,0.7518425,6.173809
174.0,uMhlathuze,ssp126,far-term_2081-2100,0.64842796,-1.152841,0.039341927,0.0,-15.942352,-0.9575344611528873,0.013796992481204029,5.0184174,0.7679205,5.0726433,0.5749576,0.5473919,1.4263,0.017867529591782727,-3.596933,33.121292,0.0,0.38802814,2.204277,1.8366456,18.11375,5.4279547,43.8528,10.762178,-0.26642036,2.5523415,14.220926
174.0,uMhlathuze,ssp126,mid-term_2041-2060,1.0396767,-1.077841,0.10809231,0.0,-1.0058899,-0.24378446115288277,0.14879699248120293,11.468254,1.0825768,8.802589,0.836231,1.8597546,4.009487,0.07055239987139217,-3.4989254,32.00965,0.0,0.31436777,2.1644325,1.9600763,17.01467,4.9804544,39.897793,9.969521,-0.37103558,2.46809,10.282769
174.0,uMhlathuze,ssp126,near-term_2021-2040,0.31842613,-0.11034095,0.050591946,0.0,6.9285583,-0.32003446115288625,0.1025469924812028,10.155052,0.9146662,5.7227917,0.54492354,1.0822182,3.3409843,0.05054345542695504,-1.8609936,26.403305,0.0,0.019246578,1.8166084,3.9315085,14.242638,3.642955,30.315296,6.4408245,-0.6554136,2.0872555,8.353822
174.0,uMhlathuze,ssp245,far-term_2081-2100,0.67562866,-2.059091,-0.0060157776,0.0,-2.239685,-0.05902255639098897,0.4259398496240596,18.886253,1.833456,12.167532,1.1583779,1.9173603,2.9914703,0.1578495465393539,-6.7250986,37.960953,0.0,1.7111597,1.8505983,-5.5238876,25.649675,6.9885764,74.97452,22.699934,1.5775957,2.0511475,27.230827
174.0,uMhlathuze,ssp245,mid-term_2041-2060,0.32086754,-1.4909091,-0.17625237,0.0,-15.015839,-0.5923558897243169,0.1580827067669177,9.795586,1.2035265,8.454588,0.88613987,1.7993317,3.916256,0.07362148920370526,-4.15127,23.850883,0.0,1.053597,1.126605,-2.9107966,17.0571,3.084091,44.59905,14.873915,0.97191715,1.2578335,12.521427
174.0,uMhlathuze,ssp245,near-term_2021-2040,0.20592594,-0.63630384,-0.07440853,0.0,-14.143188,-0.9000344611528845,0.06254699248120321,6.750908,0.8983679,2.4843712,0.33348727,1.2895565,0.5977974,0.032065621353427165,-1.0886984,13.44846,0.0,0.52308846,0.59715176,-0.32909536,10.37339,1.1501794,22.971897,8.372881,0.48883343,0.62672424,4.71297
174.0,uMhlathuze,ssp370,far-term_2081-2100,2.1828337,-2.2132578,0.15131617,0.0,-24.852142,-1.324310776942358,0.399060150375941,20.091843,2.2668915,12.446854,1.3029826,2.193533,4.309288,0.10171375675694128,-8.537365,63.3629,0.0,2.2882938,4.249983,-5.378989,37.596195,17.670454,115.91016,26.998396,1.2310057,4.8016605,56.715076
174.0,uMhlathuze,ssp370,mid-term_2041-2060,1.0209923,-1.709091,-0.29605198,0.0,-25.609833,-1.6651002506265673,0.04379699248120428,9.314812,1.3208246,8.580704,0.9621227,1.7653027,3.7618408,0.0468768140526965,-5.2912884,39.780838,0.0,0.82481194,2.5841923,0.0337224,21.518805,7.269066,55.503216,13.930794,-0.08600235,2.901514,17.784525
174.0,uMhlathuze,ssp370,near-term_2021-2040,0.9052019,-0.92297995,0.15394688,0.0,-19.039795,-1.128258145363409,0.1780075187969934,6.980461,0.9410248,3.3732357,0.4090979,0.4143982,2.1785393,-0.0013256882468200004,-2.2427008,27.723616,0.0,0.22109222,1.8891277,3.4874077,14.783943,4.005177,32.042107,7.4292545,-0.5585127,2.0791664,8.780357
174.0,uMhlathuze,ssp585,far-term_2081-2100,1.803009,-2.221591,0.0023179054,0.0,-10.201324,-0.7435463659147885,0.8521303258145374,35.122063,3.5235329,22.979319,2.2597556,4.302397,6.514454,0.2195392316446072,-9.31291,65.98784,0.0,3.463389,3.6649904,-8.57184,46.414875,20.207954,148.21265,35.571793,3.0287085,4.1117516,93.39524
174.0,uMhlathuze,ssp585,mid-term_2041-2060,0.70420074,-1.834091,0.34636545,0.0,-4.575165,-0.21021303258145174,0.31998746867167993,12.457642,1.2334795,9.92639,0.98731685,2.3554802,4.234226,0.11148664501577121,-5.816416,32.608982,0.0,1.5087614,1.6000786,-4.251246,21.850155,5.4302635,62.039234,19.142542,1.3122339,1.7688236,19.367857
174.0,uMhlathuze,ssp585,near-term_2021-2040,0.36015224,-0.8400719,0.015412807,0.0,-7.380493,-0.7697368421052619,0.2557017543859663,11.781326,1.246233,8.791426,0.87884235,1.9543877,2.8237038,0.06579795375883668,-1.8294554,15.8581295,0.0,0.6738143,0.6664648,-0.8165016,11.567836,1.6451557,26.56609,9.473206,0.5580616,0.7486038,5.75
175.0,Mthonjaneni,ssp126,far-term_2081-2100,0.8547983,-1.2419318,-0.09829283,-0.00340909090909091,-8.036896,-0.8302474937343369,0.15106203007518815,5.8260117,0.751986,6.047535,0.6777699,0.47573662,1.1279755,0.033478360340621904,-3.7696319,29.227762,-0.01625,0.66124654,1.4946156,0.38912296,16.169182,3.772273,34.095345,11.094042,0.21607542,2.001215,11.712721
175.0,Mthonjaneni,ssp126,mid-term_2041-2060,1.0197973,-1.4156818,0.1817069,-0.00215909090909091,3.3446045,-0.2939974937343415,0.236062030075189,10.486923,1.0113482,7.691147,0.76326084,1.3317795,2.650406,0.07480425152189651,-3.7674563,28.101019,-0.011250000000000001,0.63483167,1.4525757,0.4810257,14.904274,3.4397726,30.50285,10.25231,0.12736273,1.8988056,8.083772
175.0,Mthonjaneni,ssp126,near-term_2021-2040,0.44854736,-0.7094319,-0.062042236,-0.00340909090909091,11.468475,-0.15649749373433508,0.12106203007518834,9.052078,0.8188181,7.4212933,0.7449758,0.8251724,2.982586,0.07263713897011526,-2.2456996,22.554647,-0.0175,0.2822187,1.1337652,2.3047838,12.235113,2.318523,22.4266,6.769928,-0.16564083,1.493742,6.558772
175.0,Mthonjaneni,ssp245,far-term_2081-2100,0.43878365,-1.9806819,0.093670845,-0.00340909090909091,7.565796,0.04624060150375975,0.4605263157894739,16.279793,1.5495224,10.550636,1.0384007,1.5194569,2.8230171,0.1352259435705192,-6.3340297,36.84207,-0.02159090909090909,1.8575072,1.9220171,-4.99876,24.529646,5.980502,61.461426,21.47256,1.6368937,2.229269,25.029072
175.0,Mthonjaneni,ssp245,mid-term_2041-2060,0.49950027,-1.4909091,-0.25156736,-0.00340909090909091,-8.413208,-0.36566416040100336,0.15338345864661607,8.239685,1.0027151,7.113884,0.7789154,1.3102417,3.3097305,0.053655203217909175,-3.8321176,23.192451,-0.019318181818181818,1.1735795,1.1441469,-2.5042393,16.489754,2.715909,35.81716,14.03088,1.020843,1.355032,11.575001
175.0,Mthonjaneni,ssp245,near-term_2021-2040,0.71604633,-0.63863647,-0.11329222,-0.00340909090909091,-9.065216,-1.110247493734338,0.19606203007518896,7.7625885,1.0092249,3.8843193,0.4854133,0.94068146,0.7745247,0.04409119179753107,-0.8624997,13.025988,-0.0125,0.5729463,0.5711651,-0.0481143,10.098215,1.0310273,17.936598,7.9348946,0.48580647,0.65475845,5.044674
175.0,Mthonjaneni,ssp370,far-term_2081-2100,1.7567053,-2.2223487,0.093483925,-0.00340909090909091,-12.600098,-0.9713659147869649,0.4761278195488723,18.94941,2.0668302,12.844086,1.370296,2.1115856,3.8482246,0.1221857510512967,-8.719247,62.10192,-0.025,2.847323,3.706728,-5.992694,35.64475,15.3508835,99.74783,26.960594,1.8129478,4.4228687,50.90139
175.0,Mthonjaneni,ssp370,mid-term_2041-2060,1.3080206,-1.7973485,-0.132833,-0.00340909090909091,-17.829468,-1.4437343358396024,0.24981203007518848,11.921165,1.5527163,8.211155,0.9562242,1.8171425,3.5507584,0.06948889138921155,-5.7468204,37.16571,-0.025,1.2487638,1.9437742,-1.19983,19.521282,5.4078283,43.90896,14.297813,0.4589672,2.3511333,14.827777
175.0,Mthonjaneni,ssp370,near-term_2021-2040,2.2843351,-1.1904042,-0.017042637,-0.00340909090909091,-15.44104,-0.9055764411027578,0.14191729323308255,5.5379715,0.79677486,3.0834599,0.3949567,0.24409866,1.3214607,0.005691393739761796,-2.7841551,24.403362,-0.022222222222222223,0.5972655,1.2490225,1.7913675,12.718429,2.6731062,23.740902,7.549507,-0.04937601,1.479969,6.7
175.0,Mthonjaneni,ssp585,far-term_2081-2100,0.8125944,-2.230682,-0.0694232,-0.00340909090909091,4.538971,-0.31804511278195946,0.9021929824561417,32.896202,3.2622519,20.382206,2.0682542,3.6702766,5.6451683,0.19387717678162453,-9.109649,64.67286,-0.025,3.7489326,3.7961493,-8.133505,44.07657,18.80909,130.76035,33.87261,3.1467052,4.4721737,82.70714
175.0,Mthonjaneni,ssp585,mid-term_2041-2060,0.5578327,-1.8443183,0.5162897,-0.00340909090909091,5.204071,-0.03471177944862447,0.39147869674185465,12.868271,1.209939,7.984377,0.8023777,1.9103031,3.6886826,0.09155632055949203,-5.597993,31.957272,-0.023863636363636365,1.6648259,1.6417007,-3.8264112,21.004898,4.8828945,50.577698,18.102108,1.3566356,1.9087772,17.663094
175.0,Mthonjaneni,ssp585,near-term_2021-2040,-0.017166138,-0.877811,-0.064661026,-0.0022727272727272735,0.66033936,-0.48828320802005365,0.3188596491228064,12.899643,1.3378944,8.993982,0.92804,2.0569916,3.3652878,0.08091295012578792,-1.7412081,15.643377,-0.011363636363636366,0.7822311,0.6801634,-0.5708413,11.301558,1.4192584,20.919437,9.006872,0.5946555,0.7977638,5.617858
176.0,Sundays River Valley,ssp126,far-term_2081-2100,1.3892525,-0.59914136,-0.14161147,-0.1763131313131313,-24.776337,-0.6308744082428294,0.05356098579782801,0.32694116,1.1935059,1.6265011,0.76459384,-0.25202498,-0.19207509,-0.0433992417914605,-1.9305439,18.732004,-1.416540404040404,0.3144301,1.142938,1.0220785,11.995528,2.263308,21.04782,7.7861485,0.25884098,1.9752944,5.5942774
176.0,Sundays River Valley,ssp126,mid-term_2041-2060,2.1014745,-0.6538636,-0.0016116566,-0.17075757575757575,-11.670512,-0.023096630465051504,0.21383876357560558,3.819271,1.340632,2.0227103,0.62744087,-0.33209884,0.6513875,0.02205148556870788,-1.8904974,18.385277,-1.33959595959596,0.29392633,1.0866942,1.4264427,11.083969,2.1077526,18.321985,6.78849,0.22862816,1.8124262,5.27264
176.0,Sundays River Valley,ssp126,near-term_2021-2040,0.6189751,-0.18497473,0.1361661,-0.046590909090909086,-3.4018826,0.10495892509050325,0.18050543024227245,4.3976784,1.2727809,1.8903803,0.5652693,-0.15506554,0.53889847,0.010496343155758068,-0.56474864,15.208726,-0.8423737373737374,-0.009639959,0.9348049,2.7275836,9.061348,1.5713637,13.236154,4.3571033,-0.12094826,1.4263483,3.1942773
176.0,Sundays River Valley,ssp245,far-term_2081-2100,1.8932471,-1.1734848,-0.09255081,-0.2550505050505051,-25.251268,-0.4682818156502368,-0.0504734057365635,-1.9430093,0.589615,0.86467934,0.5786309,-0.14614953,-1.4409366,-0.04287559360307627,-4.5577083,22.893623,-2.1161616161616164,1.1900272,1.8361468,-3.245718,16.179937,3.1950824,33.9038,14.690771,1.5621382,2.206215,8.894751
176.0,Sundays River Valley,ssp245,mid-term_2041-2060,1.4313418,-0.7939393,-0.1248259,-0.24545454545454548,-15.291585,-0.17436647173489284,0.17968532442216661,5.9546905,2.0322187,6.1766047,1.695985,1.302621,2.762569,0.06753658473153597,-2.4036458,15.248813,-1.7512626262626259,0.7721947,1.2270641,-1.0667015,11.560131,1.7954545,20.267973,9.437139,0.9356098,1.4568672,5.1447234
176.0,Sundays River Valley,ssp245,near-term_2021-2040,0.7261967,0.04670396,-0.077167355,-0.0974481658692185,-8.608985,-0.33781885268727346,0.06411654135338361,5.140131,1.6052508,6.2000437,1.570246,0.66663486,0.87632495,0.02559217259691228,0.35995185,8.821029,-0.8843567251461992,0.28755483,0.60034645,1.2778693,7.4442177,0.83793044,9.366707,4.352556,0.46089575,0.8137237,2.5535088
176.0,Sundays River Valley,ssp370,far-term_2081-2100,3.2383459,-1.3206228,-0.29466712,-0.4084736251402918,-44.501938,-1.106488443330549,-0.04870509607351714,-1.6124191,1.3377479,2.84905,1.3124063,-0.32333693,-3.0253115,-0.05707226000599075,-7.3543344,41.186825,-2.9423120089786763,1.9991673,3.1712668,-4.426838,23.805027,8.044697,56.96702,19.444172,1.7737386,3.8918562,20.397104
176.0,Sundays River Valley,ssp370,mid-term_2041-2060,2.103259,-0.9693883,-0.2660122,-0.3149551066217733,-17.537523,-0.37286271233639723,0.1676691729323308,3.9662328,1.6730057,3.6937788,1.1103323,0.05755721,-0.22100534,0.010186155084249963,-3.4515097,22.646097,-2.095398428731762,0.7194204,1.5526214,0.15867816,13.443865,2.8681538,24.322264,9.12597,0.48847273,2.1545885,6.883215
176.0,Sundays River Valley,ssp370,near-term_2021-2040,1.2979954,-0.33698088,0.028139856,-0.17421436588103253,-6.867462,0.12362851573377892,0.22030075187969916,6.5891905,1.8336488,4.2839403,1.0993805,0.0054512024,1.6468205,0.07436090770062462,-0.8089181,14.66896,-1.359287317620651,0.15165854,0.97350377,2.7306013,8.801543,1.4845119,11.925966,4.110418,-0.04820845,1.4374385,3.1859927
176.0,Sundays River Valley,ssp585,far-term_2081-2100,3.4514472,-1.350505,-0.20366192,-0.41085858585858587,-50.987206,-1.3629908103592323,-0.07269562795878597,-3.2422535,1.4353808,2.1855035,1.3209599,-0.96942097,-3.38482,-0.10450119510913877,-8.215672,44.191936,-3.043939393939394,2.711688,3.437127,-6.8323593,28.595776,9.895454,71.945244,25.538818,2.938347,3.9461915,30.122765
176.0,Sundays River Valley,ssp585,mid-term_2041-2060,1.3366334,-1.0638888,0.047396287,-0.29545454545454547,-17.920956,-0.32013366750208977,0.19185463659147878,4.402901,1.658519,4.4802904,1.231668,0.5103974,1.2962977,0.013407639072750617,-3.6824698,19.269207,-2.059901648059543,0.9653413,1.5075266,-2.0063982,13.749614,2.4949496,26.391459,11.563649,1.1221155,1.9105399,7.0952516
176.0,Sundays River Valley,ssp585,near-term_2021-2040,1.1178496,-0.34871078,0.0071846116,-0.17751196172248804,-7.178748,0.13700918964076841,0.1836535783904206,5.331134,1.6293516,4.7447906,1.2413212,0.935333,2.4162695,0.0521560846520277,-0.17830859,10.176714,-1.1175704412546519,0.44257665,0.75008434,0.8410488,8.415517,1.0620016,11.617464,5.6418066,0.5287089,1.0937839,3.156892
177.0,Kouga,ssp126,far-term_2081-2100,1.3937922,-0.42943174,-0.2031517,0.007443181818181819,-33.349556,-1.1300501253132826,-0.04744360902255573,-1.6370926,0.83416367,2.7519927,0.91414344,0.07186842,0.86917686,-0.06372082374956878,-1.9266202,23.001133,-0.0182954545454546,0.2587576,1.7181621,1.8934515,12.801429,3.227838,15.750887,7.6666746,-0.11947203,2.1665516,6.240226
177.0,Kouga,ssp126,mid-term_2041-2060,1.6437907,-0.49068177,-0.09940159,0.01619318181818182,-18.065216,-0.18630012531328122,0.15943139097744374,2.9213676,1.0598965,2.1440816,0.5712249,-0.2777424,0.5138416,0.01069685684112387,-1.7988492,22.448153,-0.003920454545454578,0.15727109,1.6924977,2.3589053,12.093765,3.094713,14.162763,6.793436,-0.15300107,2.129324,5.825094
177.0,Kouga,ssp126,near-term_2021-2040,0.87754107,-0.10130668,0.09309828,0.023068181818181818,-3.175705,0.03119987468671681,0.2994313909774434,8.55077,1.6749511,5.2435966,0.9727572,0.70882416,1.5235071,0.03966946764034707,-0.60431814,19.125439,0.07607954545454543,-0.082264304,1.510426,3.7271445,10.016166,2.2728379,11.411513,4.2355213,-0.48622537,1.7558784,3.7382517
177.0,Kouga,ssp245,far-term_2081-2100,1.5169148,-1.26875,-0.10708022,6.505213034913027e-19,-40.770744,-1.2950501253132831,-0.08399122807017523,-3.48765,0.69780445,0.9451027,0.63592494,-0.0120511055,-1.240222,-0.09871064597991408,-5.2020674,24.37452,-0.14602272727272728,1.2760704,1.7311168,-3.830453,16.25769,3.7714117,19.99952,15.729342,1.5190427,1.9480162,9.176691
177.0,Kouga,ssp245,mid-term_2041-2060,1.3895345,-0.90113634,-0.061246634,6.505213034913027e-19,-25.59607,-0.5968358395989957,0.14993734335839604,5.761093,1.8814483,8.331976,1.8349948,1.9173698,3.4928894,0.018732133094981007,-2.8679984,15.918995,-0.11477272727272729,0.7983118,1.1560864,-1.4958663,11.452792,2.1203947,11.447307,10.028001,0.9368596,1.2845373,5.051034
177.0,Kouga,ssp245,near-term_2021-2040,0.4287901,0.0866926,-0.12815177,0.002840909090909091,-12.271355,-0.5506751253132829,-0.009318609022556323,5.22637,1.3207927,7.838262,1.5445566,1.1010885,1.3165779,0.031134144705552202,0.046061516,9.280914,-0.0613038277511962,0.33944947,0.5884838,0.996685,7.413087,0.9590942,5.2188973,4.578027,0.4665029,0.7828026,2.2888784
177.0,Kouga,ssp370,far-term_2081-2100,2.2517848,-1.3959596,-0.2876258,0.0054292929292929296,-62.83632,-1.9726817042606504,-0.252443609022556,-6.2968082,0.76263285,1.7768292,1.0277568,-0.25321102,-3.2510996,-0.1332635277573866,-7.145783,43.98265,-0.16565656565656567,1.5795133,3.4235835,-4.196924,24.252388,9.43138,39.776096,19.916267,1.4189336,3.7489119,20.243296
177.0,Kouga,ssp370,mid-term_2041-2060,1.2333636,-0.9827651,-0.21394134,0.0019570707070707067,-26.495918,-0.9068922305764398,0.15874060150375935,3.628069,1.5032372,5.4186864,1.2820607,0.17297173,-0.3072157,-0.01567105261652557,-2.9756722,25.597713,-0.0892676767676768,0.4469688,2.0031705,0.7947197,14.219116,3.8008242,17.58582,9.146946,0.072799444,2.4206696,7.4405184
177.0,Kouga,ssp370,near-term_2021-2040,0.6412568,-0.20220959,-0.05144143,0.02070707070707071,-9.817314,-0.18978696741854595,0.28374060150375924,9.307535,1.9650712,6.30111,1.2312446,1.1723728,3.371626,0.07253183741800817,-0.28602147,17.55567,0.019065656565656532,-0.12026316,1.4529347,3.6657631,9.539941,2.1779075,10.376791,3.9968328,-0.3929968,1.7036686,3.5210736
177.0,Kouga,ssp585,far-term_2081-2100,2.8062015,-1.4369318,-0.28148496,-0.003977272727272728,-72.84396,-2.327192982456139,-0.27089598997493736,-8.56422,0.9031029,2.6314044,1.445099,-0.7089553,-3.5527525,-0.17722123483887797,-8.597929,46.825886,-0.18295454545454548,2.7041965,3.1707964,-7.388537,29.227947,11.0902815,47.19333,27.54943,2.9156709,3.3452425,31.600437
177.0,Kouga,ssp585,mid-term_2041-2060,1.5139384,-0.99261355,0.019109964,-0.0022727272727272726,-26.692345,-0.7629072681704256,0.12553258145363433,2.6539402,1.2779069,6.3220963,1.4131687,1.1051741,1.8053017,0.0044764794901135385,-4.1356297,20.201084,-0.1397727272727273,1.0033646,1.4019179,-2.528503,13.700412,2.8851974,15.46845,12.231536,1.1333022,1.6492128,7.1581764
177.0,Kouga,ssp585,near-term_2021-2040,1.0853677,-0.45448563,0.044705033,0.0005681818181818179,-9.775719,0.003759398496240074,0.3302944862155389,10.2896805,2.1771898,6.328525,1.2486817,1.594408,3.1476564,0.04808376023284189,-0.45354915,10.582807,-0.08878588516746413,0.4583943,0.70693016,0.6104953,8.27131,1.2513158,6.318898,5.8403597,0.5309899,0.9566221,3.3307958
178.0,Kou-Kamma,ssp126,far-term_2081-2100,1.5073286,-0.37810597,-0.16683944,-0.0010606060606060629,-41.933308,-1.7977715121136153,-0.151326232247284,-3.1470082,0.77592087,2.4802883,0.8568196,0.020781199,1.2188492,-0.07106685165590025,-2.1683671,22.247942,-0.11037878787878798,0.32530317,1.5081869,1.2193092,12.7614355,3.1013594,8.979784,8.391365,0.109036766,2.0692608,6.4637012
178.0,Kou-Kamma,ssp126,mid-term_2041-2060,1.6064949,-0.43893924,-0.02850612,0.01560606060606061,-22.264383,-0.7827715121136146,0.2786737677527154,3.6989543,1.1234251,3.1791115,0.6762436,-0.40185037,0.71711224,0.018788275555953565,-2.0379286,21.746878,-0.06537878787878797,0.1891222,1.4820423,1.7170238,12.122216,2.979693,8.228117,7.4723725,0.073358856,2.0328076,6.158438
178.0,Kou-Kamma,ssp126,near-term_2021-2040,1.0764948,-0.10893929,0.11649338,0.028939393939393945,-3.5233154,-0.2619381787802813,0.33784043441938216,9.6382065,1.5871443,7.7117996,1.1926948,0.8720067,2.6543171,0.06038420386719453,-0.836127,18.271059,0.06878787878787873,0.014224052,1.2667599,3.0437076,9.841918,2.1780264,6.7122855,4.745416,-0.2556623,1.5927557,3.7531745
178.0,Kou-Kamma,ssp245,far-term_2081-2100,1.5100676,-1.2068181,-0.059022427,-0.02803030303030303,-48.08665,-1.8800334168755193,-0.1804928989139508,-4.980146,0.6311658,1.1493021,0.69772214,-0.14177704,-0.98045856,-0.12333815897098048,-5.5875244,26.216034,-0.4000000000000001,1.389357,1.805685,-3.9794621,17.045732,4.213437,11.788797,16.326202,1.5643123,2.0067647,10.549332
178.0,Kou-Kamma,ssp245,mid-term_2041-2060,1.3767344,-0.80984837,-0.047911484,-0.024999999999999998,-31.780924,-1.2165413533834546,0.039348370927319166,5.782763,1.8190727,10.129066,1.9403186,1.807766,3.2900238,0.025801686347771025,-3.2411556,17.090685,-0.3045454545454546,0.88305503,1.184014,-1.6075779,12.013425,2.3802233,6.513876,10.523589,0.9312916,1.3788795,5.6712193
178.0,Kou-Kamma,ssp245,near-term_2021-2040,0.2964948,0.11036686,-0.20017338,-0.02121212121212121,-13.201457,-0.7561048454469473,0.13950710108604922,10.251798,1.923371,9.531671,1.5984515,1.7258492,1.9577688,0.05769174187994223,-0.24737485,9.898738,-0.1847288676236046,0.3896401,0.63437206,0.899594,7.7194953,1.0833865,3.0131185,4.989296,0.4900589,0.8220291,2.8302002
178.0,Kou-Kamma,ssp370,far-term_2081-2100,1.9814955,-1.3467171,-0.26407686,-0.027356902356902357,-76.47672,-2.8936925647451965,-0.6331244778613185,-11.604416,0.28527007,1.3169874,1.0380021,-0.41015372,-3.6890385,-0.170430970537249,-7.602949,45.606304,-0.42769360269360274,1.8006073,3.2441692,-4.608891,24.980507,9.833674,24.123302,20.89949,1.6767613,3.7241096,22.634314
178.0,Kou-Kamma,ssp370,mid-term_2041-2060,1.1271101,-0.8448652,-0.17021735,-0.01717171717171717,-31.411581,-1.4884294068504573,0.07827903091061088,4.480639,1.5537752,6.452764,1.3060044,-0.079689026,-0.13370259,-0.022363904795431228,-3.4345276,25.949512,-0.2369528619528621,0.60350317,1.8002917,0.18790786,14.315207,3.877193,10.31219,9.82843,0.32137585,2.279293,7.848204
178.0,Kou-Kamma,ssp370,near-term_2021-2040,0.66921425,-0.12264303,-0.039515335,-0.0005050505050505071,-10.632283,-0.5296574770258952,0.2589807852965758,12.301831,2.120221,9.64714,1.5431918,1.7575594,5.1801147,0.10751822502888064,-0.7096939,17.166481,-0.030471380471380555,0.024399439,1.2140039,3.0937693,9.320254,2.002193,5.939044,4.278399,-0.20614879,1.5091718,3.707463
178.0,Kou-Kamma,ssp585,far-term_2081-2100,2.7148297,-1.3689393,-0.18918069,-0.031060606060606063,-87.46023,-3.253049289891392,-0.6765246449456973,-13.609021,0.56227875,1.7062111,1.3373017,-0.8837649,-4.034172,-0.23697514002744846,-8.805977,49.56782,-0.4696969696969698,2.8499286,3.3001442,-7.4333444,30.553488,12.085526,28.804783,28.175705,2.9847708,3.4624698,35.998203
178.0,Kou-Kamma,ssp585,mid-term_2041-2060,1.4306997,-1.0060605,0.017168203,-0.030303030303030304,-32.86363,-1.3165413533834567,-0.09160401002506162,2.1386006,1.186463,8.686866,1.6353444,1.4756113,3.0912044,0.010769031995905879,-4.5831122,21.636873,-0.3984848484848486,1.1244434,1.4687513,-2.6700206,14.272752,3.245375,8.877592,12.860417,1.196463,1.7543373,8.080744
178.0,Kou-Kamma,ssp585,near-term_2021-2040,1.1957798,-0.32834908,0.11399349,-0.017424242424242422,-9.52657,-0.35384294068504474,0.4091896407685895,13.579221,2.325737,10.287688,1.6456285,2.2406158,4.6110864,0.07818206961658951,-0.82567406,11.414731,-0.2501993620414674,0.5171457,0.7066288,0.5324672,8.608817,1.3755583,3.663876,6.282144,0.5557044,0.9494934,3.645029
179.0,Nelson Mandela Bay,ssp126,far-term_2081-2100,1.3480053,-0.47136354,-0.16739058,-0.0011931818181818267,-26.431648,-0.681151315789474,0.03854949874686725,-0.604187,0.90844154,2.906004,1.0077757,-0.108204365,-0.05471897,-0.05857098806385186,-1.9460635,21.642628,-0.16846590909090906,0.3170698,1.6049705,1.8615656,12.502952,2.8138905,22.664244,7.297761,-0.079346895,2.1528683,5.541353
179.0,Nelson Mandela Bay,ssp126,mid-term_2041-2060,1.8898826,-0.5513636,-0.034265757,0.015056818181818182,-13.743217,-0.05365131578947402,0.17417449874686713,3.7829762,1.3138723,3.3818932,0.89582515,0.012901783,0.6513157,0.012016904098137493,-1.8434184,21.21532,-0.15971590909090902,0.25403336,1.548223,2.3004875,11.686698,2.7720156,20.102362,6.3982897,-0.114219904,2.0321827,5.236748
179.0,Nelson Mandela Bay,ssp126,near-term_2021-2040,0.78175545,-0.22261356,0.04948449,0.02880681818181819,-3.165924,0.10572368421052714,0.17729949874686712,6.5031986,1.5880742,3.0188465,0.7365762,0.3742838,0.7391834,0.022115754932047427,-0.5990102,17.978233,-0.032840909090909094,-0.06399825,1.4164095,3.6608815,9.698887,2.0701406,15.140493,4.085088,-0.45578623,1.6956224,3.0591168
179.0,Nelson Mandela Bay,ssp245,far-term_2081-2100,1.5416665,-1.1113635,-0.19602168,-0.019318181818181818,-30.428505,-0.6789786967418556,-0.05401002506265673,-1.1935444,0.8805151,2.055828,0.8515719,0.18247414,-1.2097187,-0.051089659845261925,-4.687494,22.6618,-0.3437499999999999,1.1705347,1.7352805,-3.4880724,15.78789,3.3120813,32.615906,14.930867,1.5372424,1.9823418,8.012375
179.0,Nelson Mandela Bay,ssp245,mid-term_2041-2060,1.3249993,-0.8028408,-0.118044734,-0.010795454545454542,-18.101524,-0.22183583959899655,0.17634711779448636,6.625416,2.133142,7.7403855,1.9454353,1.7643533,3.2127485,0.05148796428895097,-2.415732,14.87895,-0.2988636363636362,0.72151697,1.1611357,-1.2398651,11.195163,1.8295156,19.036509,9.503463,0.9365792,1.3085136,4.561341
179.0,Nelson Mandela Bay,ssp245,near-term_2021-2040,0.43675566,0.113995284,-0.14926505,0.02045454545454545,-9.917656,-0.3980263157894748,0.04292449874686727,4.3970356,1.3475428,7.3116527,1.722022,0.88737726,1.1411705,0.02490583769174992,0.35082078,8.660957,-0.1045155502392344,0.29393956,0.5533352,1.1737375,7.235673,0.85266817,8.782534,4.2443924,0.4529121,0.7865381,1.9865916
179.0,Nelson Mandela Bay,ssp370,far-term_2081-2100,2.4550128,-1.2502525,-0.34824538,-0.0345959595959596,-50.049347,-1.1842105263157894,-0.07362155388471159,-3.0754814,1.0541539,3.0583692,1.2991005,-0.21276951,-3.3252306,-0.0788010244306303,-7.036735,41.821,-0.5118686868686868,1.6855056,3.405675,-4.0071898,23.726469,8.660765,58.08217,19.228382,1.4087636,3.8840418,18.942192
179.0,Nelson Mandela Bay,ssp370,mid-term_2041-2060,1.58988,-0.9481691,-0.3074559,-0.01098484848484848,-20.468697,-0.51842105263158,0.1605889724310779,3.6934013,1.5850658,5.2560945,1.4141147,0.24967146,-0.42961597,0.00544634761560947,-3.0363152,24.085976,-0.3556186868686868,0.5361643,1.9009709,0.86343026,13.837847,3.3850713,25.87313,8.799358,0.11082649,2.372942,6.686638
179.0,Nelson Mandela Bay,ssp370,near-term_2021-2040,1.0398798,-0.2273358,-0.028508544,0.038320707070707075,-7.333252,0.035526315789472296,0.2250626566416042,7.9763126,1.96805,6.434478,1.4759421,0.47669888,1.99263,0.06846320167891662,-0.35982823,16.424107,-0.15631313131313124,-0.032642514,1.3734593,3.595152,9.345003,1.9531267,14.103682,3.8694696,-0.35397673,1.7309389,3.0602496
179.0,Nelson Mandela Bay,ssp585,far-term_2081-2100,2.848215,-1.3051136,-0.29423547,-0.04261363636363636,-57.317352,-1.4331453634085203,-0.0855576441102755,-3.477686,1.4689345,3.323761,1.5691441,-0.65326023,-3.2051125,-0.12452980984206374,-8.26728,44.02172,-0.540340909090909,2.6130657,3.217938,-7.127336,28.182638,9.894857,71.42345,26.262558,2.905183,3.527794,28.464912
179.0,Nelson Mandela Bay,ssp585,mid-term_2041-2060,1.4184518,-0.93920445,0.020050287,-0.025568181818181816,-19.828743,-0.39921679197994964,0.21265664160401032,6.2665386,2.0034132,5.421982,1.3651403,0.90306425,1.4641037,0.017390071639771687,-3.7242901,18.928719,-0.35445574162679416,0.91702104,1.4129729,-2.2379594,13.387504,2.5610049,25.290133,11.638346,1.0983696,1.701787,6.4928885
179.0,Nelson Mandela Bay,ssp585,near-term_2021-2040,1.2178569,-0.39416856,-0.019235373,-0.012499999999999997,-9.051743,0.07340225563909808,0.21027568922305767,6.483181,1.7723131,5.3785625,1.3113819,1.1259704,2.3097467,0.04474286610047229,-0.14792585,9.940499,-0.2043062200956938,0.41062757,0.69110155,0.74528384,8.148144,1.088726,10.625717,5.523883,0.5206983,0.98498726,2.7178884
180.0,Buffalo City,ssp126,far-term_2081-2100,0.5178013,-0.5330909,-0.100671194,-0.005318181818181818,-24.922901,-1.0869686716791995,-0.07175689223057642,0.053759765,0.77315444,3.133078,0.67632353,0.18007736,-0.12874451,-0.05875075990833558,-2.5734544,25.55086,-0.020181818181818183,0.28489995,1.5965595,1.8169953,14.602517,3.0770216,23.185349,8.501427,-0.08088474,2.140812,6.0669174
180.0,Buffalo City,ssp126,mid-term_2041-2060,0.77730143,-0.5600909,-0.049171258,-0.004818181818181819,-13.806531,-0.4674686716791975,0.1592431077694238,3.410727,0.7635635,1.9462601,0.34187555,-0.41581956,-0.5529297,-0.0017338139193741498,-2.553507,25.07241,-0.021681818181818194,0.28161854,1.5553077,1.92747,13.669758,2.9565217,20.65635,7.635164,-0.076976776,1.9241142,5.5584965
180.0,Buffalo City,ssp126,near-term_2021-2040,-0.14519767,-0.27559084,0.1603282,0.0016818181818181815,2.938208,-0.02846867167919882,0.15174310776942335,6.9417906,0.9364971,3.445259,0.48847207,0.5796242,1.5414078,0.045456360591548874,-1.1447166,21.151619,0.0088181818181818,-0.010428285,1.3291137,3.464587,11.218914,2.2105215,16.059847,4.9814844,-0.4177538,1.5845085,3.9900753
180.0,Buffalo City,ssp245,far-term_2081-2100,0.70794374,-1.0268182,-0.03057623,-0.005,-17.484522,-0.8731829573934846,-0.08799498746867122,-0.095056154,0.39693147,1.4475524,0.32434425,-0.62253034,-2.7210739,-0.059828475211145,-5.152362,27.501822,-0.06090909090909093,1.3613298,1.7736542,-3.8383193,19.30289,4.0238757,32.754425,16.621166,1.5764112,1.9956154,10.693132
180.0,Buffalo City,ssp245,mid-term_2041-2060,0.6360401,-0.6131818,-0.14629011,-0.005,-13.822693,-0.4974686716792,0.15676691729323303,6.869672,1.3347183,7.248455,1.1318302,1.5359528,2.0745652,0.045344134332666285,-2.728294,17.860386,-0.03818181818181819,0.77121997,1.1158711,-1.4381994,13.49757,2.068158,18.717846,10.702054,0.98678434,1.2505805,5.609048
180.0,Buffalo City,ssp245,near-term_2021-2040,-0.085697934,0.16547851,-0.08367147,-0.0027272727272727266,-5.0486207,-0.6309686716791972,0.05724310776942385,10.567569,1.5802238,10.567971,1.4729985,2.1293359,2.634056,0.050019203568588286,0.033163644,10.165145,-0.019545454545454553,0.26428384,0.6277382,0.87680227,8.285888,0.8605396,8.385218,5.3040023,0.5890778,0.6565689,2.2006264
180.0,Buffalo City,ssp370,far-term_2081-2100,1.4050118,-1.1446465,-0.123934746,-0.006818181818181819,-42.372887,-1.7127318295739358,-0.08749373433583969,0.4872589,1.1175244,3.13546,0.7386266,0.13015823,-3.1325622,-0.08037738923373769,-7.547984,50.168102,-0.07040404040404043,1.8732185,3.4239113,-4.2704263,28.527254,11.41341,61.78118,20.991722,1.4570682,4.029148,25.12373
180.0,Buffalo City,ssp370,mid-term_2041-2060,1.6718552,-0.8624242,-0.14709243,-0.005151515151515152,-13.438098,-0.837468671679197,0.22092731829573964,10.298487,1.753281,7.6412683,1.1666117,1.5825813,0.8974228,0.03562980855202706,-3.8267848,29.982435,-0.0581818181818182,0.6239641,1.863303,0.5972765,16.674927,4.0911884,26.819515,10.373514,0.15046425,2.2087052,8.400953
180.0,Buffalo City,ssp370,near-term_2021-2040,1.0013275,-0.27909094,-0.07025099,-0.006262626262626263,-8.299792,-0.2506265664160409,0.19513784461152833,5.2138124,0.9015846,1.9138489,0.30718422,0.33823854,1.2095597,0.03683941647101143,-1.0288212,20.1233,-0.038737373737373744,0.04450803,1.2994988,3.4961886,11.228357,2.0284104,15.046734,4.943029,-0.36206684,1.6492507,3.8081744
180.0,Buffalo City,ssp585,far-term_2081-2100,1.4974682,-1.1672727,0.05989952,-0.006818181818181819,-44.12628,-2.0641353383458654,-0.3827568922305762,-3.3957458,0.7370884,8.636473,1.6360904,1.4515121,-0.90998685,-0.15223113143063305,-8.565827,51.40238,-0.0722727272727273,2.7859235,3.3816593,-7.4000616,33.70955,13.2595215,75.46603,28.216396,2.9355564,3.74616,38.061428
180.0,Buffalo City,ssp585,mid-term_2041-2060,1.0460403,-0.8809091,0.0746624,-0.005,-16.452648,-0.7950877192982467,0.14771929824561436,4.797473,0.99024165,3.618959,0.5764394,0.7285172,1.258728,-0.011050540595893388,-4.2807326,23.477436,-0.05727272727272729,1.0595989,1.4762443,-2.584063,16.61934,3.1174643,26.002634,13.551634,1.2080406,1.67714,8.281428
180.0,Buffalo City,ssp585,near-term_2021-2040,0.21413574,-0.19421053,-0.1415286,-0.005,-10.007105,-0.2869924812030071,0.20152882205513797,6.6560364,1.179369,6.3697824,0.9400277,1.1103417,2.176326,0.031200934458743567,-0.6555632,12.39534,-0.03818181818181819,0.5246754,0.73512995,0.42958945,9.785307,1.1774402,11.044666,6.8124743,0.6120056,0.8643036,3.0733335
181.0,Ngqushwa,ssp126,far-term_2081-2100,0.66203946,-0.6734848,-0.028728643,-0.007500000000000001,-26.110556,-0.7620822890559745,-0.10411027568922293,-1.0157496,0.7991918,2.9316876,0.8107052,0.11717987,-1.5072733,-0.060264009960709096,-2.166022,22.036005,-0.03643939393939393,0.27643824,1.4713917,1.6758856,13.51442,2.6791666,25.891989,8.098847,0.01897335,2.1244266,5.5981617
181.0,Ngqushwa,ssp126,mid-term_2041-2060,0.8770396,-0.6368181,-0.012895107,-0.005833333333333334,-12.8396,-0.08041562238930726,0.1492230576441099,2.4093475,0.7312743,1.0777632,0.24661334,-0.80462265,-1.8097204,-0.004980929737608442,-2.0888603,21.724287,-0.01893939393939393,0.29101864,1.4149576,1.8697945,12.561101,2.5816667,22.873657,7.1441917,0.0044879913,1.9007517,5.4911447
181.0,Ngqushwa,ssp126,near-term_2021-2040,-0.1712939,-0.36848474,0.123771824,-7.228014483236697e-19,-0.028401693,0.1587510442773604,0.08755639097744321,3.8309631,0.7490762,2.1696866,0.42681965,-0.02139155,-0.09555054,0.00878572042175326,-0.68916863,18.086676,0.0077272727272727285,-0.020377317,1.2143841,3.309824,10.328194,1.9325,17.218655,4.6085916,-0.31812415,1.5592524,3.7700918
181.0,Ngqushwa,ssp245,far-term_2081-2100,0.95033264,-1.1992424,-0.11662515,-0.006818181818181818,-22.875061,-0.590058479532163,-0.09807852965747754,-2.0591938,0.3730564,0.35884476,0.27978864,-0.91439694,-3.7382774,-0.06232809845916817,-4.851851,25.10755,-0.06742424242424243,1.3394822,1.7910799,-3.5301301,17.706823,3.5202954,38.700996,15.675351,1.5523981,2.062893,9.007269
181.0,Ngqushwa,ssp245,mid-term_2041-2060,0.6416054,-0.8159091,-0.08646631,-0.003787878787878788,-14.657857,-0.26386800334168764,0.1741436925647443,6.4769263,1.6208643,6.8299828,1.343618,1.3609377,1.7908478,0.05200289213084167,-2.4906595,16.31577,-0.04772727272727272,0.76927775,1.1433016,-1.2814112,12.503741,1.8590908,22.733055,10.049403,0.9672391,1.315951,4.964286
181.0,Ngqushwa,ssp245,near-term_2021-2040,-0.10962486,-0.038078148,-0.06206147,-0.006818181818181818,-7.3845825,-0.46958228905597404,0.020889724310776774,6.324801,1.3387533,7.184031,1.280104,1.0930227,0.68752795,0.01754484023358227,0.24599235,9.287193,-0.016666666666666656,0.2766328,0.62790745,1.1018562,7.7662745,0.8034689,10.32384,4.7737427,0.5448783,0.6855748,2.1778195
181.0,Ngqushwa,ssp370,far-term_2081-2100,1.8083115,-1.3021885,-0.20614068,-0.005555555555555557,-46.44755,-1.2636173767752705,-0.09147869674185527,-3.103213,0.8644428,1.4428558,0.6690442,-0.84076434,-4.9334183,-0.08582440444909374,-7.308148,45.81948,-0.07449494949494949,1.8475033,3.3518498,-4.2262526,26.372978,9.653704,67.551994,20.197435,1.5323397,3.961047,22.513756
181.0,Ngqushwa,ssp370,mid-term_2041-2060,1.7591896,-1.0429293,-0.16140334,-0.008333333333333333,-15.6154375,-0.37765246449457024,0.16553884711779446,5.841273,1.4861368,6.1341934,1.2070407,0.7955971,-0.7459691,0.005974917594199288,-3.4746854,26.171782,-0.062457912457912455,0.5953844,1.7683334,0.5958112,15.087355,3.5148146,29.598284,9.695766,0.26798248,2.1457024,7.1433864
181.0,Ngqushwa,ssp370,near-term_2021-2040,0.83287364,-0.33922553,-0.05614074,-0.0074074074074074086,-8.208089,0.10041771094402563,0.14974937343358366,3.869418,0.8968875,1.9770292,0.40681997,-0.25160727,-0.06216939,0.03221646183001248,-0.6286008,17.117214,-0.018939393939393936,0.008098125,1.2520136,3.3175619,10.200632,1.8305556,15.707547,4.495678,-0.27391052,1.5947279,3.3933861
181.0,Ngqushwa,ssp585,far-term_2081-2100,1.9114456,-1.3424243,-0.08249823,-0.008333333333333333,-51.924397,-1.7638680033416883,-0.3195071010860488,-7.2304254,0.52802724,5.7483826,1.6133051,0.15933228,-3.8258617,-0.16480714058068013,-8.404364,47.987858,-0.08409090909090909,2.7412264,3.3909328,-7.167846,31.20937,11.454546,83.71411,26.979395,2.895312,3.8508606,34.023014
181.0,Ngqushwa,ssp585,mid-term_2041-2060,0.6122392,-1.0080941,0.039724033,-0.006818181818181818,-18.171469,-0.40989974937343376,0.09557226399331631,3.6601512,1.1058458,4.5030847,0.8851897,0.48049417,-0.15865834,-0.015609163838887774,-3.9871073,21.328785,-0.06742424242424243,1.034812,1.4748408,-2.3183188,15.245303,2.7194178,30.909168,12.651334,1.1503702,1.7423109,7.211905
181.0,Ngqushwa,ssp585,near-term_2021-2040,0.11541239,-0.4811004,-0.10789553,-0.0030303030303030307,-10.424092,-0.1289473684210538,0.14954051796157022,4.931104,1.1987292,5.7663536,1.0913812,0.53842163,0.32124582,0.023214503045965767,-0.39832082,11.263771,-0.043181818181818175,0.5041914,0.73915035,0.572793,9.077034,1.1153508,13.505017,6.3027854,0.57006073,0.93171054,2.852381
182.0,Bushbuckridge,ssp126,far-term_2081-2100,6.9599724,-1.3995152,-0.20005678,-0.01837878787878788,-5.0193663,-0.08449582289055874,0.14553717627401838,6.6229277,1.4158748,5.4438887,1.0803566,1.1380212,5.000008,0.1430719989184704,-2.5244453,18.595411,-0.10195454545454546,0.6603166,0.46923143,-1.2817385,13.974937,2.2528796,38.126827,11.68459,0.884405,1.557386,16.77811
182.0,Bushbuckridge,ssp126,mid-term_2041-2060,3.347304,-1.9055152,-0.10655702,-0.016045454545454547,-5.0713825,-0.29599582289055915,0.134703842940685,5.331322,1.0442535,5.3268166,1.017516,1.3396803,3.459863,0.04669501753840522,-2.6499166,17.868055,-0.10995454545454543,0.7506818,0.34788054,-1.0168967,12.701523,1.9770463,34.789497,10.732753,0.64007324,1.3368456,14.476708
182.0,Bushbuckridge,ssp126,near-term_2021-2040,3.3314717,-0.65718186,0.10044282,-0.011045454545454546,6.5245404,0.1468375104427744,0.19270384294068485,6.797917,1.1579481,5.520764,1.0127472,0.68047714,4.9537134,0.1169170452560022,-1.2258364,13.509207,-0.08228787878787877,0.317399,0.018593725,0.1965341,9.51357,1.2110462,25.270662,7.6207495,0.52184474,0.81814677,9.126708
182.0,Bushbuckridge,ssp245,far-term_2081-2100,5.3680024,-3.1304545,0.13933195,-0.02257575757575758,-3.5016072,0.25770258980785443,0.392330827067669,13.174848,2.5743246,10.365935,2.0056853,2.364407,6.483727,0.25189026088813615,-6.3403263,35.17478,-0.1475757575757576,2.3038745,2.177082,-4.951929,24.063686,6.409506,71.62844,21.802547,1.8915786,2.6074255,36.26716
182.0,Bushbuckridge,ssp245,mid-term_2041-2060,2.1199062,-2.389697,-0.46114445,-0.015151515151515147,-5.1735597,-0.061186299081035976,0.3194736842105263,9.828419,1.9593011,8.317976,1.6093956,1.6642768,4.0226145,0.1422109980691055,-4.025402,22.690405,-0.11515151515151514,1.4718187,1.3871359,-2.4012,16.255144,3.2792583,47.420513,14.367254,1.1018716,1.7174243,19.53878
182.0,Bushbuckridge,ssp245,near-term_2021-2040,4.892471,-0.88775927,0.027443122,-0.01106060606060606,-5.4832826,-0.27599582289055985,0.046370509607351645,2.2143743,0.5968565,1.657982,0.35532105,0.4527088,1.3952464,0.09432159171931573,-1.1018302,13.106247,-0.08208133971291867,0.76744676,0.67468756,0.13764814,9.846676,1.3651994,25.804163,7.816353,0.5876588,0.8065173,10.114845
182.0,Bushbuckridge,ssp370,far-term_2081-2100,11.056709,-3.4546633,-0.17990786,-0.02287878787878788,-10.896132,0.047109440267335385,0.5652213868003343,18.989618,3.4781358,14.632781,2.6401274,2.9834,6.606725,0.34709475242534,-8.621296,55.970253,-0.15693602693602696,3.7981546,3.1945956,-6.783449,34.778225,12.77675,95.256035,28.969532,2.7925313,4.2719665,69.63032
182.0,Bushbuckridge,ssp370,mid-term_2041-2060,3.966183,-2.805404,-0.47587326,-0.02232323232323232,-14.043093,-0.197978279030911,0.22960735171261504,7.7910795,1.8364569,7.451164,1.5615348,1.4733574,3.984385,0.17773024610102237,-5.326703,27.220646,-0.14582491582491588,1.7389525,1.1381989,-2.7428021,16.89597,3.4110093,49.41456,14.936132,1.1790851,2.0308516,20.777536
182.0,Bushbuckridge,ssp370,near-term_2021-2040,3.467586,-1.1470706,0.27693436,-0.014545454545454547,5.4222593,0.39202172096909005,0.3729406850459482,13.067612,2.1161103,8.916924,1.5187948,1.8977876,5.461888,0.2329913446484305,-2.0458553,15.6623745,-0.1197138047138047,0.8411141,0.34802666,0.14710516,9.967016,1.5239722,24.863813,7.4710574,0.54292274,0.9476008,10.385129
182.0,Bushbuckridge,ssp585,far-term_2081-2100,11.296736,-3.509394,-0.14574738,-0.02287878787878788,-6.1447306,0.20151211361737786,0.8172514619883039,28.54325,5.329823,20.619081,3.8108404,3.6787279,10.751243,0.47085159280090316,-9.052539,62.552494,-0.155,4.5918927,4.4641933,-7.8562136,43.26074,16.937288,113.102325,34.171013,3.5193877,5.2345233,101.470055
182.0,Bushbuckridge,ssp585,mid-term_2041-2060,4.410384,-2.7427592,-0.13908094,-0.01818181818181818,-1.1081665,0.27706766917293246,0.374235588972431,12.355024,2.3182752,7.2991924,1.3743407,1.5284998,4.288538,0.21007551334391264,-5.4810414,29.92561,-0.12500000000000003,1.9091194,1.8223644,-3.7530692,19.939629,4.861244,59.82699,18.14426,1.4867512,2.207405,26.690208
182.0,Bushbuckridge,ssp585,near-term_2021-2040,2.7056243,-1.2113398,-0.34304878,-0.004090909090909092,-0.89526975,0.003099415204677551,0.18550543024227226,8.333013,1.501022,6.539225,1.1565236,1.3020074,4.110188,0.14396585737869008,-1.6116765,14.192548,-0.07344497607655505,0.9186942,0.78725713,-0.12532336,10.8761,1.5891308,28.716871,8.781695,0.63356566,0.927284,11.07005
183.0,Intsika Yethu,ssp126,far-term_2081-2100,2.3608694,-0.5989772,0.005163908,-0.9611363636363635,-6.537018,-0.4625344611528819,0.38668233082706704,10.441017,1.7934337,5.520519,0.89212334,0.22243881,1.4300537,0.02224733321626693,-2.0262408,18.038628,-3.574488636363636,0.45928758,0.68100166,-0.17920518,13.498821,1.9268181,19.124653,9.416826,0.58527946,1.581316,7.0263467
183.0,Intsika Yethu,ssp126,mid-term_2041-2060,2.1658697,-0.66585225,-0.15983534,-1.0055113636363635,-2.1272583,-0.2744094611528842,0.15668233082706773,5.6827564,0.84613514,4.165487,0.62306905,0.39574623,2.307579,0.025418345593078318,-1.9552708,17.685036,-3.4119886363636374,0.43461925,0.6461239,0.05231619,12.346472,1.8380682,16.827778,8.610894,0.5432761,1.3755894,6.2401624
183.0,Intsika Yethu,ssp126,near-term_2021-2040,1.0258703,0.031022757,0.25016427,-0.6030113636363634,7.201721,-0.00940946115288277,0.16605733082706753,6.614399,0.8156533,4.9522195,0.71364427,0.28223705,2.699417,0.03132373188566939,-0.5401037,13.6762295,-2.285113636363637,0.10561906,0.36369705,1.5873637,9.450771,1.2161932,11.756527,5.5638094,0.22490478,0.88870907,4.0651627
183.0,Intsika Yethu,ssp245,far-term_2081-2100,1.3126259,-1.1892045,0.09257543,-1.3721590909090908,5.8176575,-0.2792606516290723,0.35269423558897184,12.049004,1.4494596,6.8757386,0.91674733,0.66310596,0.9200802,0.007526994935547426,-4.8214707,27.466331,-5.27215909090909,1.4534476,1.8899145,-3.698059,21.029385,4.604874,35.658432,16.912601,1.7194228,2.292697,16.080482
183.0,Intsika Yethu,ssp245,mid-term_2041-2060,0.68524456,-0.6056818,-0.037186265,-1.0034090909090905,-2.6675568,-0.24830827067669148,0.33424185463659095,10.588928,1.6681213,5.986605,0.9092345,0.7465801,2.7244682,0.03031920508116004,-2.532625,17.881075,-3.903977272727272,0.85245913,1.2303295,-1.2324405,14.475295,2.1613638,20.601017,10.952618,0.9777565,1.4479284,8.102819
183.0,Intsika Yethu,ssp245,near-term_2021-2040,2.191493,0.16901916,-0.1485858,-0.5355263157894736,-3.5720367,-0.5256594611528831,0.2716823308270677,10.31015,1.7127271,8.983471,1.4377085,1.2677517,2.4770813,0.03470518233069608,0.2327509,10.226517,-2.0791566985645935,0.28152603,0.625031,0.96812034,8.783959,0.8774322,9.397459,5.6593704,0.50246835,0.73777103,3.305263
183.0,Intsika Yethu,ssp370,far-term_2081-2100,2.2299795,-1.4060606,-0.13947415,-1.9698863636363633,-11.624924,-0.7019423558897238,0.4413533834586466,16.423492,2.4988484,10.992893,1.6676015,0.73299503,1.4454193,0.07937593765298301,-7.793296,46.85623,-7.687752525252526,2.5539117,3.049014,-5.3096876,29.558147,10.640152,59.335487,22.157036,2.1634445,3.960744,32.430004
183.0,Intsika Yethu,ssp370,mid-term_2041-2060,2.4905052,-0.99356055,-0.13421035,-1.5518308080808079,2.6923523,-0.14865288220551243,0.4939849624060153,15.75403,2.266706,7.5785775,1.1037798,0.9780407,1.3154125,0.15695468015836989,-4.1262136,24.888151,-5.59330808080808,1.0890538,1.2185407,-1.0497246,15.819955,3.1512625,23.195904,11.179298,0.7852094,1.7724485,9.669586
183.0,Intsika Yethu,ssp370,near-term_2021-2040,2.5944538,-0.42967176,-0.07763195,-1.164330808080808,-0.30671692,-0.23088972431077615,0.3295112781954884,10.980043,1.6390815,7.928145,1.1773701,1.4548836,3.1860008,0.11149145016691109,-1.2685492,14.87285,-3.6544191919191915,0.5060598,0.46921682,1.5616624,9.488559,1.2505682,10.721598,5.535919,0.19369721,1.0285301,3.8355575
183.0,Intsika Yethu,ssp585,far-term_2081-2100,1.8977432,-1.3943182,0.19674146,-1.980681818181818,-4.89946,-0.726879699248121,0.4925751879699247,16.455286,2.3959475,14.748175,2.2796664,2.6163797,3.7107334,-0.01375113783434223,-8.327402,51.231094,-7.82159090909091,3.0985875,3.8803992,-7.0615907,36.353134,14.263068,79.940216,27.933554,3.144392,4.5346775,49.04389
183.0,Intsika Yethu,ssp585,mid-term_2041-2060,2.306077,-0.9846591,0.025313139,-1.4180622009569375,-1.8114929,-0.34354636591478727,0.35864661654135366,10.991104,1.5970197,5.908546,0.88113356,1.1248865,3.8320122,0.027709470329292385,-4.1463633,24.131187,-5.2540968899521525,1.2602856,1.689415,-2.492951,18.184696,3.6340013,29.116447,13.948307,1.2207451,2.0417967,11.940915
183.0,Intsika Yethu,ssp585,near-term_2021-2040,0.6906004,-0.039832503,0.050313473,-0.9099880382775118,2.4194794,0.0022869674185459488,0.3318609022556389,9.979025,1.4101653,8.62739,1.2822945,0.94387627,4.22736,0.07335844148307458,-0.75168085,12.571122,-3.0380681818181814,0.7018855,0.8038244,0.4575801,10.287194,1.3066388,12.233972,7.026085,0.5926571,0.92142105,4.02901
184.0,Emalahleni,ssp126,far-term_2081-2100,2.9894645,-0.52999985,0.08986807,-5.213136363636364,-4.7170534,-0.10588596491227839,0.5476629072681707,13.723284,2.3127947,4.488242,0.75785774,0.46656227,1.337506,0.08192931848396157,-1.3052695,14.841345,-9.782227272727267,0.5161778,0.35927543,-0.58893335,13.479129,1.7861578,22.259699,9.895594,0.77388144,1.5197647,9.714486
184.0,Emalahleni,ssp126,mid-term_2041-2060,2.6799653,-0.49449992,0.0088682175,-4.721136363636364,3.0813355,0.11061403508771939,0.33216290726817055,9.463547,1.3721939,4.0619135,0.63296354,0.58814734,3.0488205,0.09275398976172707,-1.2030306,14.453149,-8.863727272727271,0.3619283,0.32058448,-0.27618998,12.237993,1.5671579,18.771696,8.950635,0.6946824,1.2858398,8.351328
184.0,Emalahleni,ssp126,near-term_2021-2040,1.5824623,0.24300015,0.42286807,-2.9361363636363658,6.267395,-0.052885964912281126,0.27116290726817055,7.5726137,1.0818762,3.112297,0.46590608,0.23377609,2.083444,0.03530314253595339,0.13614102,10.77816,-5.413727272727269,0.11136737,-0.0031291961,1.2411044,9.14812,1.1126579,12.244196,5.6703196,0.36313066,0.77758104,5.6208024
184.0,Emalahleni,ssp245,far-term_2081-2100,3.4445586,-1.1427271,0.19165364,-8.383636363636363,4.9287353,-0.3405764411027544,0.5137343358395989,15.553209,2.2022128,7.3530264,1.0997729,1.1712132,2.2185676,0.08741227044142671,-4.305407,25.656765,-17.184999999999995,1.4610364,1.9652535,-3.596891,21.771994,4.8243785,41.995552,17.353794,1.7657021,2.55627,21.424385
184.0,Emalahleni,ssp245,mid-term_2041-2060,1.2545586,-0.5427272,0.07355843,-6.1422727272727276,-0.684021,-0.10248120300751822,0.46992481203007513,14.239031,2.2670233,7.210301,1.1419182,1.3136479,3.6787734,0.11258019554997886,-2.0792112,16.514824,-12.211818181818174,0.8731791,1.2693878,-1.1776899,14.945028,2.314067,25.191198,11.262598,0.9488183,1.6090844,11.301929
184.0,Emalahleni,ssp245,near-term_2021-2040,2.708966,0.24425855,-0.123631954,-3.006244019138757,-4.0497193,-0.5448859649122788,0.31816290726817026,10.717573,1.9017801,5.4406633,0.9533917,0.9877697,1.6006409,0.06163681828840506,0.6500332,9.438764,-5.841770334928223,0.32987392,0.6130627,1.0453676,8.9169035,0.96457726,11.330859,5.696186,0.41157597,0.7563011,4.723609
184.0,Emalahleni,ssp370,far-term_2081-2100,5.102252,-1.4083332,-0.11947403,-12.551969696969698,-14.157166,-0.6254385964912246,0.655689223057644,21.280127,3.5420728,10.053187,1.6719027,1.105196,2.581733,0.16033121856769572,-7.3384976,43.437435,-25.856060606060602,2.6018863,3.0698128,-5.457057,31.170729,10.762602,66.77841,23.130104,2.4210534,4.126261,41.928753
184.0,Emalahleni,ssp370,mid-term_2041-2060,3.3785713,-0.83888876,-0.048421383,-8.43530303030303,9.884497,0.3856140350877208,0.5935839598997494,17.518047,2.5056558,7.0220337,1.0340543,1.0793507,2.108522,0.19953859354541023,-3.4538052,21.826136,-16.096060606060604,1.2338073,1.0608177,-1.2405361,15.984485,2.9898245,25.46842,11.591941,0.97960556,1.6298103,12.728755
184.0,Emalahleni,ssp370,near-term_2021-2040,2.8933082,-0.22166654,-0.037368964,-5.206414141414141,2.5520997,-0.028070175438595513,0.46042606516290663,13.487117,2.0694158,6.260934,0.96559143,1.36693,2.3101776,0.10963302853320726,-0.7770742,12.685259,-9.15772727272727,0.647774,0.24096337,1.2194144,9.424962,1.2276024,11.322863,5.7569113,0.34563628,0.8355942,5.2804217
184.0,Emalahleni,ssp585,far-term_2081-2100,4.8307524,-1.4304545,0.27260646,-13.048636363636366,-11.40022,-0.6853383458646615,0.7165914786967414,23.669422,3.9656904,14.321406,2.4279568,2.8819919,3.8899262,0.12443398279020243,-7.9218235,48.689487,-27.517272727272722,3.0216093,4.13717,-6.9616346,38.192448,14.793612,89.56301,28.571348,3.2599058,5.0990057,62.14431
184.0,Emalahleni,ssp585,mid-term_2041-2060,4.162655,-0.88772714,0.19784403,-7.962368421052631,-1.25448,-0.2762907268170416,0.5504010025062653,16.030836,2.5141783,5.237093,0.81397045,1.3338215,4.5586243,0.10738509342572566,-3.632043,22.542824,-15.89222488038277,1.2575734,1.7576023,-2.4504898,18.731627,3.8881817,34.572037,14.369594,1.2063454,2.2953744,16.401451
184.0,Emalahleni,ssp585,near-term_2021-2040,1.0488456,0.071985796,0.116415404,-4.418038277511964,3.9795532,0.15513784461153043,0.44468671679197974,12.505079,1.913883,6.2839055,0.9800674,0.9823719,3.843367,0.12375653244815883,-0.3271965,11.633488,-8.499282296650714,0.6635665,0.77507436,0.524917,10.472581,1.3956698,14.618015,7.13715,0.57354593,1.0141289,6.0981207
185.0,Sakhisizwe,ssp126,far-term_2081-2100,2.7445126,-0.7221022,-0.018531084,-4.878636363636364,-0.9812317,0.0005216165413521878,0.4906296992481197,12.086145,1.8576975,3.4829106,0.54887545,-0.16221523,0.7708044,0.056523960605628476,-1.7346969,16.261875,-10.775909090909092,0.57914066,0.4594245,-0.707777,13.599323,2.0000808,16.752363,10.011652,0.7257304,1.4107018,9.3857765
185.0,Sakhisizwe,ssp126,mid-term_2041-2060,2.1051369,-0.66147727,-0.0066560507,-4.446761363636363,3.9267426,0.2742716165413519,0.20437969924812005,7.8838005,1.0268621,3.6278677,0.522533,-0.1359663,1.9256411,0.07058285551052257,-1.5920279,15.695099,-9.716534090909091,0.42735362,0.42103386,-0.41648102,12.359525,1.7344558,14.721743,9.168632,0.6522682,1.2381744,8.06604
185.0,Sakhisizwe,ssp126,near-term_2021-2040,1.7551384,0.09539762,0.14959407,-2.7967613636363637,8.258118,0.1486466165413507,0.20187969924811988,7.5730724,0.95367146,0.6738076,0.056658447,-0.6002841,1.7905531,0.03912481536113632,-0.14698124,11.6335,-6.102159090909091,0.17132986,0.108475685,1.0795829,9.3204155,1.2025807,9.562366,5.8109007,0.332191,0.7230902,5.523277
185.0,Sakhisizwe,ssp245,far-term_2081-2100,2.3224297,-1.2693181,0.31450438,-6.9647727272727264,12.679794,0.16757518796992255,0.4084273182957391,13.248493,1.5542438,6.27244,0.8248809,0.5081749,1.1743975,0.074191174217205,-4.654839,27.51257,-17.06761363636364,1.492203,2.0013924,-3.8703828,22.238897,5.127721,33.879845,17.880032,1.7621069,2.4329414,22.04956
185.0,Sakhisizwe,ssp245,mid-term_2041-2060,1.3361206,-0.68806815,-0.046209097,-5.1409090909090915,1.8774109,0.07412280701754437,0.4084273182957391,12.861639,1.856426,3.8275108,0.54298747,-0.04433441,2.027152,0.08064678766953381,-2.390551,17.576935,-12.390909090909092,0.91090316,1.270689,-1.3730686,15.090555,2.4385464,19.596172,11.550942,0.997283,1.5158243,11.323434
185.0,Sakhisizwe,ssp245,near-term_2021-2040,2.5126371,-0.0026615262,-0.22790551,-2.6855263157894735,-3.6411133,-0.28697838345864657,0.3025046992481204,10.564819,1.6816471,5.23993,0.842822,0.4325781,1.4208937,0.05007809064563706,0.41058946,10.067091,-6.261812200956942,0.35164535,0.623549,0.8552551,9.039086,1.0339082,8.832776,6.06534,0.4576199,0.73544693,4.633396
185.0,Sakhisizwe,ssp370,far-term_2081-2100,3.722208,-1.5727272,-0.08596516,-10.33933080808081,-5.8659515,-0.11766917293233448,0.6051691729323303,20.069283,2.9054313,9.693043,1.4678371,0.7807226,1.7470942,0.14043682449572104,-7.6461787,46.74243,-25.029103535353535,2.7893314,3.1239896,-5.6584063,31.746223,11.658623,55.846043,23.78463,2.392457,4.0014563,43.202698
185.0,Sakhisizwe,ssp370,mid-term_2041-2060,3.364975,-1.0671717,-0.15372896,-7.583080808080807,8.066544,0.31259398496240376,0.4946428571428567,16.023663,2.1756988,8.017053,1.1623468,0.40326977,1.7229872,0.15681459586797253,-3.9965124,24.175413,-16.939520202020205,1.3276181,1.130475,-1.5165265,16.4467,3.3898726,20.180767,12.045733,0.98743725,1.5768232,12.888811
185.0,Sakhisizwe,ssp370,near-term_2021-2040,2.8840532,-0.48800504,-0.22083354,-5.1775252525252515,2.8305511,0.05338345864661598,0.3768796992481198,10.704235,1.5381315,5.844221,0.85861164,1.0009851,2.3846903,0.09649620699057748,-1.1913917,14.184645,-10.274936868686872,0.7802593,0.33929396,1.1000707,9.6749735,1.3905668,8.85438,6.056242,0.34159708,0.7163496,5.3013105
185.0,Sakhisizwe,ssp585,far-term_2081-2100,3.887908,-1.5920454,0.41450477,-10.413068181818183,4.508072,-0.09194862155388517,0.7602130325814531,25.839355,3.6658387,15.463825,2.3763988,2.4267921,4.6408644,0.10726826439149795,-8.18432,51.688107,-26.22159090909091,3.1933901,4.196183,-7.1504045,38.911938,15.582298,76.6331,29.262825,3.2240286,5.047801,64.271645
185.0,Sakhisizwe,ssp585,mid-term_2041-2060,2.929572,-1.1164773,0.18474293,-7.031728468899521,5.1851654,0.20447994987468565,0.4364035087719289,14.080189,1.9350107,6.6177783,0.9514589,0.97789,4.1357965,0.09855464525704338,-4.0600014,24.275053,-16.025029904306223,1.39885,1.7763762,-2.6704926,19.098211,4.167404,27.716986,14.782103,1.2084506,2.2337246,16.835339
185.0,Sakhisizwe,ssp585,near-term_2021-2040,1.0432615,-0.12900719,0.124623656,-4.09099880382775,6.750366,0.42590852130325363,0.4512844611528817,12.227955,1.6670206,5.059315,0.7252971,0.32513237,3.740306,0.11164241112417894,-0.6910627,12.417637,-9.05828349282297,0.7705906,0.78770447,0.3309524,10.6169615,1.477811,11.442196,7.395941,0.53727317,0.94007206,5.904386
190.0,Saldanha Bay,ssp126,far-term_2081-2100,2.253352,-0.3696213,0.009504954,0.0,-10.595082,-0.0889954051796155,0.14769632414369283,5.651197,2.1122398,1.8125916,0.60300475,0.389726,0.9080429,0.04066994464750806,-2.9567835,24.675087,-0.02083333333333333,-0.051267307,2.37028,2.2550375,13.4666815,4.620841,19.624578,8.866528,-0.27941164,2.4015553,12.708689
190.0,Saldanha Bay,ssp126,mid-term_2041-2060,2.8500226,0.05037868,0.20617215,0.0,-12.421763,-0.4439954051796147,0.0776963241436927,3.678959,1.6019903,3.1485386,1.0309057,0.56696194,1.5708288,0.02571663802869839,-2.6405187,23.775793,2.3129646346357427e-18,-0.2260421,2.323375,2.557441,13.382583,4.6025076,19.464577,8.35703,-0.34521294,2.280763,12.485882
190.0,Saldanha Bay,ssp126,near-term_2021-2040,2.5383556,1.6520455,0.09533882,0.0016666666666666668,-2.3356323,-0.09566207184628261,0.22019632414369275,9.102959,2.7322948,4.0274677,1.1537226,1.0462011,2.493108,0.05938480697118317,-0.728899,20.042685,0.0075,-0.42276955,2.1080182,4.3704658,11.088226,3.625008,15.521244,5.130675,-0.6407016,2.1135075,9.280618
190.0,Saldanha Bay,ssp245,far-term_2081-2100,5.210733,-1.6333334,-0.34402657,0.0,-39.040417,-1.3664160401002503,-0.11353383458646604,-3.3143883,1.0248413,0.12824886,0.51815397,-0.021893183,-2.1070645,-0.11976950604191601,-6.6056247,25.182981,-0.041666666666666664,1.3860955,1.4521751,-5.760846,16.801428,4.574442,28.283413,21.16894,1.5182575,1.5742582,16.865122
190.0,Saldanha Bay,ssp245,mid-term_2041-2060,3.0900993,-1.3515152,-0.17894728,0.0,-29.1504,-0.7989557226399336,-0.05321637426900557,-1.3360583,1.2487036,1.0826601,0.74747676,-0.117230095,-0.44562402,-0.053918311543734866,-4.1464667,15.653383,-0.0356060606060606,0.8615406,0.9865201,-3.2147465,11.522735,2.715311,16.296848,13.674651,0.8784707,1.0466563,9.142982
190.0,Saldanha Bay,ssp245,near-term_2021-2040,3.0808551,-0.40893146,-0.05716133,0.0,-6.5328574,-0.15482873851294876,0.15352965747702618,8.543485,2.7263393,4.0335345,1.2184006,1.163578,2.2500584,0.14748763140217017,-0.88943005,9.235408,-0.018939393939393933,0.38417783,0.50730896,-0.19381523,7.591757,1.4978203,8.668778,6.9720674,0.4114221,0.5351741,5.279198
190.0,Saldanha Bay,ssp370,far-term_2081-2100,8.003966,-1.6834176,-0.5962407,0.0,-77.722984,-2.588512949039264,-0.38287385129490376,-14.851483,-0.11178271,-1.7913374,0.62425774,-0.9358323,-5.553365,-0.3479380776341096,-8.078427,51.151512,-0.03796296296296297,1.2987267,3.9961884,-5.6210604,27.911722,11.938712,53.581615,26.505981,1.2163979,3.8521068,39.47433
190.0,Saldanha Bay,ssp370,mid-term_2041-2060,4.482038,-0.9417509,-0.18659084,0.0,-31.231222,-0.8779866332497903,-0.060066833751043935,-1.2527403,1.5178763,0.07753849,0.4702948,0.15307553,-0.58866626,-0.033505013806721884,-4.283063,29.062687,-0.02407407407407407,0.06770929,2.628643,0.24258964,15.696089,5.6942673,25.920504,12.14202,-0.011422793,2.643767,14.860442
190.0,Saldanha Bay,ssp370,near-term_2021-2040,1.4276505,0.42584172,0.08621582,0.0,-6.909719,-0.09465329991645828,0.10572263993316648,4.3037086,1.6058477,1.2876726,0.41810957,0.6698049,0.92779285,0.060509596507630846,-1.1314627,19.770216,0.019444444444444448,-0.43404213,1.9349111,4.2430663,11.091365,3.8813043,15.189022,5.167835,-0.56855613,2.007632,9.532664
190.0,Saldanha Bay,ssp585,far-term_2081-2100,11.548038,-1.8871213,-0.7614868,0.0,-95.75469,-3.3814954051796158,-0.532581453634085,-17.601881,-0.20755132,-2.5051348,0.5498028,-1.4882616,-6.908117,-0.44041692627467527,-9.3466625,51.81884,-0.041666666666666664,2.749804,2.9670079,-8.771898,33.758186,13.041069,64.86655,36.051216,2.8035662,2.9305012,60.01362
190.0,Saldanha Bay,ssp585,mid-term_2041-2060,4.68375,-1.4901515,-0.25593138,0.0,-39.36912,-1.410066833751044,-0.13258145363408502,-2.4189656,1.5620798,1.857275,1.174137,0.46176782,-0.93566513,-0.10030480593337021,-5.4991884,20.868093,-0.03863636363636363,1.1362019,1.3265558,-4.410039,14.342905,3.7547443,22.95921,17.567636,1.1853405,1.4068578,12.885839
190.0,Saldanha Bay,ssp585,near-term_2021-2040,2.7821617,-0.58189803,0.07581488,0.0,-13.876546,-0.38149540517961417,0.03487886382623251,1.8114586,1.3483874,1.4111214,0.62287617,0.583025,0.619456,0.03270700711750477,-1.4430361,10.474686,-0.025757575757575753,0.5348646,0.5625763,-0.58999825,8.134309,1.8705342,8.646093,7.829744,0.53869724,0.64949673,5.8358393
193.0,Swartland,ssp126,far-term_2081-2100,2.4102402,-0.45289776,-0.008219123,-0.015170454545454544,-16.28598,-0.5788753132832087,0.1560056390977439,7.065321,2.2647338,1.8737736,0.51382536,0.63674736,1.1514883,0.0414302126787065,-3.3089924,22.266737,-0.14840909090909093,0.1696617,1.812942,0.84653354,11.769809,3.5089028,19.159142,9.062512,0.13145614,1.8611412,9.775032
193.0,Swartland,ssp126,mid-term_2041-2060,2.6914864,-0.2710228,0.19240558,-0.016420454545454544,-15.919861,-0.6588753132832128,0.07850563909774366,5.2743645,1.7713833,3.7679298,0.9186949,0.91527224,1.9664602,0.04267295667189486,-3.052067,21.755112,-0.14653409090909092,0.031177819,1.7876902,1.1413786,11.842507,3.5439026,18.975388,8.585189,0.089949846,1.7645273,9.752006
193.0,Swartland,ssp126,near-term_2021-2040,2.5327396,0.48772725,0.06615603,-0.004545454545454545,-2.4439163,-0.17700031328321053,0.27663063909774377,11.022549,2.628418,3.8593147,0.8710633,1.4046335,2.8223286,0.102073550576806,-1.5101728,18.419008,-0.0715340909090909,-0.14665961,1.6579885,2.8134017,9.474803,2.8157773,13.781639,5.422597,-0.25001764,1.5649338,6.93161
193.0,Swartland,ssp245,far-term_2081-2100,4.995241,-1.2977273,-0.36378467,-0.017045454545454544,-48.33383,-1.890006265664164,-0.2947681704260656,-3.4768486,1.2205338,0.6442442,0.600317,0.14697981,-2.5455704,-0.10908884725038326,-6.3073363,24.602657,-0.2857954545454545,1.3822606,1.6342039,-5.465413,16.229187,4.187171,35.87736,20.358706,1.540957,1.7036285,14.887406
193.0,Swartland,ssp245,mid-term_2041-2060,2.9261932,-1.04375,-0.20842767,-0.014772727272727272,-39.14972,-1.3215538847117814,-0.21917293233082769,-2.720131,1.2096496,0.7227242,0.54375833,0.08846617,-0.65172577,-0.07549835491660839,-3.8980541,15.442171,-0.24659090909090908,0.8594358,1.0815101,-2.9950595,11.231359,2.4240727,21.750957,13.218936,0.91816974,1.0795383,8.215978
193.0,Swartland,ssp245,near-term_2021-2040,2.966487,-0.18441993,-0.06759417,-0.014204545454545454,-9.2250595,-0.5495003132832097,0.18975563909774373,10.316256,2.6762376,3.9343278,0.90647644,1.4184127,2.4408512,0.1456565382069297,-0.6900692,9.255846,-0.14090909090909093,0.38444322,0.57977533,-0.034999132,7.420648,1.3616462,11.782721,6.684767,0.42299986,0.59124565,4.755733
193.0,Swartland,ssp370,far-term_2081-2100,7.5307655,-1.4196339,-0.5803571,-0.016351010101010102,-97.177155,-3.5902568922305775,-0.8299812030075197,-17.860075,0.24835253,-1.4049039,0.6469387,-1.1230335,-6.850518,-0.3825723713313911,-8.385161,48.89996,-0.3103535353535354,1.6300666,3.5691857,-6.1935773,26.091278,10.191055,57.418446,26.716879,1.6165609,3.4597197,33.968853
193.0,Swartland,ssp370,mid-term_2041-2060,4.177475,-0.83491164,-0.22904146,-0.011489898989898988,-38.978523,-1.4488095238095249,-0.1582706766917299,-1.4004517,1.531383,1.1138084,0.586425,0.37765026,-0.9593792,-0.046341352574505335,-4.7379627,27.044512,-0.23396464646464643,0.38506234,2.1797767,-0.9424753,14.185881,4.5931387,26.885105,12.35713,0.34132147,2.1657467,12.343855
193.0,Swartland,ssp370,near-term_2021-2040,2.1676092,0.06647727,0.11437929,-0.008017676767676767,-8.526115,-0.22512531328321073,0.1759398496240595,6.834423,1.9398875,1.4151101,0.35397583,1.0302844,0.9558306,0.11548241964569228,-1.7250946,18.317387,-0.12424242424242427,-0.14369267,1.4331484,2.819854,9.589939,2.9757774,13.446918,5.3067513,-0.1871953,1.4700747,7.113299
193.0,Swartland,ssp585,far-term_2081-2100,10.973808,-1.5147728,-0.809618,-0.017045454545454544,-119.61139,-4.591196741854638,-1.0501253132832087,-21.019934,0.27181053,-1.0164046,0.9511512,-1.5619884,-8.099907,-0.48099522998735234,-9.230077,50.380302,-0.31875,2.76719,3.2724323,-8.559626,32.251312,11.989414,72.64584,34.866425,2.8542068,3.155428,52.148125
193.0,Swartland,ssp585,mid-term_2041-2060,4.5880938,-1.1653409,-0.26259422,-0.01534090909090909,-47.750183,-1.8685776942355905,-0.24357769423558961,-2.735752,1.6198955,2.2190385,0.9759403,0.6157398,-0.7610407,-0.09468765832173398,-5.235127,20.435074,-0.2755681818181818,1.1484572,1.4568553,-4.1238174,13.8952,3.3224285,29.806484,16.823433,1.2014008,1.5580912,11.630858
193.0,Swartland,ssp585,near-term_2021-2040,2.757143,-0.28187802,0.018953204,-0.010227272727272727,-17.270958,-0.5447681704260678,0.042136591478696084,3.6429024,1.639152,2.2055035,0.65159446,1.0482473,0.7857895,0.04509891513810005,-1.2701461,10.481039,-0.1610944976076555,0.5592989,0.6112642,-0.4549315,7.932381,1.6511064,12.462318,7.579089,0.544976,0.66583633,5.3814535
197.0,Overstrand,ssp126,far-term_2081-2100,0.59050655,0.4481818,-0.047618866,-0.003409090909090909,-27.178848,-0.9403446115288219,-0.222459273182958,-5.685528,-0.1501236,0.86836624,0.42194176,-0.04511261,-1.0254936,-0.12350194356919797,-2.572105,27.858604,-0.01511363636363636,-0.05684638,2.3780022,1.3300929,13.070007,3.9878352,6.228875,9.765627,-0.03767824,1.8052406,9.55282
197.0,Overstrand,ssp126,mid-term_2041-2060,0.47300816,0.32693177,0.007380724,-0.002159090909090909,-22.39824,-0.8603446115288182,-0.16370927318295725,-3.3924103,0.089164734,2.5250044,0.64797354,0.3012228,0.4946537,-0.08173553294926261,-2.3594494,27.140188,0.006136363636363648,-0.23353171,2.3173285,1.7591124,12.869116,3.917835,6.2301264,8.946762,-0.07324076,1.7728138,8.6357155
197.0,Overstrand,ssp126,near-term_2021-2040,0.31675816,1.1631819,0.11613107,-0.003409090909090909,-12.603134,-0.44159461152882074,-0.04120927318295786,0.37882614,0.52661896,2.4543562,0.58992577,0.7957573,0.73098755,-0.03508002691020806,-0.9879904,23.418999,0.06988636363636365,-0.47632623,2.1122866,3.3929262,10.407429,3.2353349,5.1726246,5.4873314,-0.37508774,1.6005459,6.394925
197.0,Overstrand,ssp245,far-term_2081-2100,1.0958652,-1.2261364,-0.29166698,-0.003409090909090909,-57.33577,-2.355701754385964,-0.31942355889724383,-8.440174,0.4391184,2.24833,0.9882157,0.4715109,-2.180275,-0.21219590979077152,-6.3533087,27.496222,-0.05681818181818181,1.2736444,1.4616709,-5.9491415,17.551428,4.4959927,6.7836714,22.254042,1.4976506,1.4694881,14.940101
197.0,Overstrand,ssp245,mid-term_2041-2060,0.3780098,-0.9454545,-0.19642901,-0.0022727272727272726,-45.877457,-1.6116541353383438,-0.4253759398496245,-11.070274,-0.4233637,0.52893925,0.5776403,-0.13759708,-2.2614002,-0.15038290052607328,-3.9631946,17.12317,-0.04999999999999999,0.8383634,0.9551134,-3.3607817,11.947535,2.393062,3.587739,14.534258,0.8885727,0.89655495,7.7622175
197.0,Overstrand,ssp245,near-term_2021-2040,0.6542578,-0.12583727,-0.16886902,-0.003409090909090909,-16.385513,-0.6603446115288198,-0.09745927318295755,0.10747528,0.51213646,2.1654463,0.5159874,0.33011436,0.42028427,-0.006453124330791926,-0.7547331,9.909138,-0.029545454545454534,0.35606027,0.5287218,-0.31487656,7.561377,1.202306,1.4961125,7.141945,0.41264153,0.47113895,3.8507519
197.0,Overstrand,ssp370,far-term_2081-2100,2.8451138,-1.1762626,-0.679198,-0.003409090909090909,-112.66765,-4.499686716791977,-1.0323934837092734,-24.79367,-0.7923317,-3.0750208,0.555506,-1.0850554,-6.9907684,-0.519592115768011,-7.7323475,51.865067,-0.053030303030303025,1.2070887,3.645997,-6.1857476,28.349552,11.434223,17.886097,28.015734,1.4034357,3.0250149,35.018173
197.0,Overstrand,ssp370,mid-term_2041-2060,0.9951124,-0.43876258,-0.26340795,-0.003409090909090909,-47.671753,-2.0220551378446094,-0.3468671679198001,-7.0748596,0.34357548,2.0348701,0.8486402,0.15519142,-0.8125057,-0.17723847853130925,-3.6851723,31.109901,-0.03358585858585857,0.015897036,2.5108604,-0.583406,15.224958,4.9120016,8.251373,12.97337,0.17628384,2.0133915,11.176504
197.0,Overstrand,ssp370,near-term_2021-2040,0.030638695,0.7709596,0.014223099,-0.000631313131313131,-15.029678,-0.5838972431077689,-0.0297619047619051,-1.0022278,0.3305521,2.395257,0.58608174,0.1014452,-0.2115593,-0.02685783641227335,-0.8082013,22.091858,0.021969696969696972,-0.55306935,1.9484367,3.237903,10.264942,3.0508902,4.6708207,5.480768,-0.31498957,1.3947983,6.3417816
197.0,Overstrand,ssp585,far-term_2081-2100,3.3672962,-1.3818182,-0.8333335,-0.003409090909090909,-134.94737,-5.3437969924812,-1.3396616541353388,-31.114971,-1.4156933,-5.278798,0.2831459,-1.4942827,-8.372297,-0.6629303969663565,-9.211799,53.93927,-0.06022727272727272,2.5781672,2.820529,-8.853924,35.73665,14.015789,20.31842,37.060616,2.7117581,2.6265678,59.545547
197.0,Overstrand,ssp585,mid-term_2041-2060,1.2625322,-1.0886364,-0.24880958,-0.003409090909090909,-52.06459,-2.0640350877192972,-0.4587092731829572,-11.232555,-0.2832613,0.49204445,0.5878241,0.3001709,-1.750761,-0.19287771413105892,-5.2525773,22.421783,-0.05568181818181817,1.0503988,1.1993427,-4.475809,14.671377,3.4001193,4.978409,17.853579,1.1151109,1.2606602,11.080075
197.0,Overstrand,ssp585,near-term_2021-2040,0.3494377,-0.2931819,-0.06904793,-0.003409090909090909,-27.828445,-1.018796992481203,-0.24204260651629106,-4.232876,0.23030376,3.9683285,1.0227027,0.43599606,-0.11613464,-0.10322906074860416,-1.2377052,11.239508,-0.03738038277511961,0.49483824,0.6141453,-0.64274025,8.180044,1.4971293,1.9320569,8.150463,0.5263033,0.58688164,4.399122
198.0,City of Cape Town,ssp126,far-term_2081-2100,0.8854871,0.24653414,-0.03534949,-0.004943181818181818,-24.058403,-1.0937781954887216,-0.02118890977443688,1.2133904,0.95162964,1.79039,0.47875053,0.23825741,0.41177177,-0.049045345482116476,-2.5635474,26.461382,-0.023693181818181815,-0.08845645,2.4300728,1.7901437,13.166144,4.5012293,11.861098,9.330342,-0.17502642,2.1809669,10.794424
198.0,City of Cape Town,ssp126,mid-term_2041-2060,1.416111,0.26278394,0.102775574,-0.0055681818181818185,-22.025665,-1.0925281954887236,-0.17743890977443644,-0.16825867,0.53722763,3.8775673,0.8095054,0.5880413,1.5086613,-0.02830557112847898,-2.2843652,25.761543,0.007556818181818199,-0.260476,2.3859382,2.1519887,13.131895,4.4856043,11.7136,8.549857,-0.22278166,2.096665,10.534555
198.0,City of Cape Town,ssp126,near-term_2021-2040,0.8767352,1.519659,0.08215046,-0.0018181818181818182,-9.527191,-0.35440319548872434,0.14006109022556323,6.9986286,1.5218568,5.0297427,0.97363025,1.220336,2.286417,0.04281424948820556,-0.69306207,22.023113,0.05443181818181819,-0.4625423,2.2302842,4.0101433,10.693833,3.5774791,9.242971,5.1542187,-0.5148177,1.9545579,7.9404764
198.0,City of Cape Town,ssp245,far-term_2081-2100,2.462657,-1.478409,-0.3974625,-0.006818181818181819,-62.224594,-2.622587719298247,-0.598182957393484,-6.125208,0.92675066,2.2117968,0.90011257,0.54790306,-2.6365242,-0.17779490690571298,-6.5268016,26.687372,-0.15568181818181817,1.3468568,1.504559,-5.9770203,17.014284,4.6210527,16.632896,22.236172,1.5065436,1.4837437,15.6738405
198.0,City of Cape Town,ssp245,mid-term_2041-2060,1.130518,-1.1755682,-0.23258173,-0.006818181818181819,-49.749153,-1.9600877192982469,-0.4124686716791981,-5.889784,0.6739459,1.7649398,0.77018076,0.097296715,-1.3845291,-0.13038042221715207,-4.0766034,16.593327,-0.1346590909090909,0.8684395,1.0043387,-3.439762,11.482619,2.5376494,9.540132,14.355935,0.87788653,0.89130116,8.074092
198.0,City of Cape Town,ssp245,near-term_2021-2040,1.130487,-0.33803836,-0.1234746,-0.005113636363636364,-13.2161255,-0.8381531954887222,0.11943609022556423,9.106039,1.8879862,4.226597,0.7709163,1.1508923,2.2746143,0.10940114287249414,-0.86348104,9.71798,-0.08920454545454544,0.38516855,0.52411747,-0.3646078,7.3812456,1.4277279,4.786243,7.0934324,0.40242815,0.50510216,4.4787593
198.0,City of Cape Town,ssp370,far-term_2081-2100,4.794927,-1.4806187,-0.74696195,-0.0054292929292929296,-127.21639,-5.09483082706767,-1.4512218045112788,-28.121725,-0.86962223,-4.0417805,0.39902586,-1.2525501,-8.224037,-0.5340422447600717,-7.8685803,51.195045,-0.14501262626262626,1.1971614,3.8253813,-5.954979,27.750793,11.408798,33.06658,27.373623,1.2772992,3.5445256,37.28719
198.0,City of Cape Town,ssp370,mid-term_2041-2060,2.060717,-0.60631317,-0.30419815,-0.006123737373737374,-52.799324,-2.2356203007518824,-0.3591165413533839,-2.9412575,1.2885284,1.940443,0.7894122,0.2960701,-0.73519135,-0.12225036538556866,-3.7524915,30.134983,-0.07834595959595958,0.025032341,2.6751676,-0.0572083,15.3132515,5.36991,15.559636,12.423865,0.024031878,2.4436803,13.14691
198.0,City of Cape Town,ssp370,near-term_2021-2040,0.7725587,0.75896454,0.0076435804,0.000126262626262626,-14.2716675,-0.5533834586466169,0.11127819548872164,3.9725933,1.1329246,2.1462364,0.43249935,0.6562748,0.6170597,0.05996602598011114,-0.6788945,21.287731,0.0417929292929293,-0.52854294,2.037333,3.9644306,10.619893,3.695604,8.815195,5.053135,-0.46676064,1.8230767,7.7788534
198.0,City of Cape Town,ssp585,far-term_2081-2100,5.599562,-1.6681819,-0.90281963,-0.006818181818181819,-152.99728,-6.191040100250627,-1.8904448621553884,-30.761448,-0.69429636,-3.354168,0.731823,-1.670641,-9.654948,-0.6937666897679287,-9.310401,53.24321,-0.16193181818181818,2.6796656,2.926836,-8.8419895,34.556076,13.2939005,39.01797,37.015163,2.738095,2.7352757,60.677067
198.0,City of Cape Town,ssp585,mid-term_2041-2060,2.6906376,-1.29375,-0.37543905,-0.00625,-60.598763,-2.5612781954887245,-0.5630639097744372,-7.5442905,0.7146764,2.1514373,0.9029359,0.61234,-0.9778557,-0.16802902091117256,-5.35927,21.832499,-0.1409090909090909,1.0998714,1.2809501,-4.5148845,14.23089,3.6125298,13.082774,18.009655,1.153863,1.3251252,11.631236
198.0,City of Cape Town,ssp585,near-term_2021-2040,0.68587303,-0.46617833,-0.031391263,-0.0050837320574162684,-27.389366,-1.1094924812030085,-0.18568295739348395,-0.7545662,0.7922168,3.6653218,0.86454326,0.8070555,0.033672333,-0.050077959513753045,-1.3541236,10.9205475,-0.09587320574162679,0.528241,0.5638299,-0.7138643,7.935891,1.659659,4.991268,8.045965,0.51947737,0.556757,5.2282577
200.0,Blouberg,ssp126,far-term_2081-2100,9.733538,-1.265487,0.5056743,-0.140275974025974,-1.2622681,0.3025366988900821,0.11358172216254925,6.288262,1.9630282,1.5465662,0.53295815,0.11834921,2.4811628,0.13678296050722588,-2.60799,17.846804,-0.8722402597402599,0.607678,0.65019554,-1.8910154,15.302761,2.455464,38.51346,13.449584,0.99115264,1.4641421,25.662819
200.0,Blouberg,ssp126,mid-term_2041-2060,6.1640706,-1.3683441,0.104424134,-0.16634740259740258,-4.524102,-0.05049901539563173,0.061081722162549264,3.011525,0.90268576,0.70432776,0.18633917,-0.015985081,1.6888,0.062261009185365576,-2.526644,16.734276,-0.9572402597402595,0.6136793,0.60235554,-1.5781215,13.983045,2.044214,34.11346,12.052998,0.94428456,1.2840434,22.3303
200.0,Blouberg,ssp126,near-term_2021-2040,7.2192526,-0.62352276,0.25942406,-0.13956168831168828,1.4126064,0.14825098460436786,0.14518886501969203,5.731568,1.6496792,1.2624688,0.3597534,-0.30237183,2.5345776,0.12701578900972668,-1.0209976,12.424475,-0.8125974025974025,0.29594347,0.11902291,-0.46235773,10.946496,1.3465353,25.878992,9.224105,0.57149315,0.84553474,15.99308
200.0,Blouberg,ssp245,far-term_2081-2100,12.607075,-3.0001621,0.517392,-0.23814935064935067,-3.4057095,0.34818295739348404,0.18506981740064446,7.571837,2.3146737,4.3801446,1.2992486,1.5140649,4.0958757,0.2314658009831392,-6.3045597,34.08666,-1.4162337662337663,2.3928366,2.6613367,-5.4271812,27.020428,6.7999997,73.96055,23.687296,2.0712323,2.8600862,55.77874
200.0,Blouberg,ssp245,mid-term_2041-2060,10.0955105,-2.033604,0.29086092,-0.18100649350649348,1.5307878,0.5643394199785183,0.22401539563193706,8.500648,2.3034859,4.07136,1.1094348,0.6328963,3.0552971,0.21884392665000624,-3.8332765,21.39457,-1.0683441558441558,1.4630603,1.5481691,-2.7830021,17.665682,3.4784348,45.809147,15.306046,1.2008277,1.8283689,29.276665
200.0,Blouberg,ssp245,near-term_2021-2040,5.7010384,-0.5434295,0.43853113,-0.1254613807245386,0.15082224,0.10039384174722496,0.05965315073397785,2.4930472,0.82398975,1.2929899,0.41809708,0.20710537,0.9224058,0.11950065252790143,-0.85107666,12.682748,-0.7431305536568694,0.7761339,0.752717,-0.13268082,11.000706,1.5451621,25.174984,8.870982,0.42531803,0.77867424,15.61894
200.0,Blouberg,ssp370,far-term_2081-2100,24.221428,-3.2840188,0.43971518,-0.26906565656565656,-0.9610596,0.636672037235947,0.39265127103472963,14.503167,3.7700338,9.4432955,2.4281523,1.7418848,6.8561645,0.36918646882639033,-8.455217,54.246017,-1.6065656565656563,4.221993,3.738065,-7.053332,37.41125,12.867865,98.12469,29.971561,2.943725,4.492786,93.72309
200.0,Blouberg,ssp370,mid-term_2041-2060,12.65884,-2.3613997,0.04873807,-0.26093073593073596,-3.6425433,0.25828857858932996,0.15204976727533115,6.5389004,1.980882,3.362906,0.98719716,0.44169575,2.5916023,0.18119510899695454,-5.052387,25.165462,-1.4803751803751803,1.9143639,1.3318956,-3.1074195,18.196339,3.5345314,48.129654,16.005608,1.1166801,1.9698486,31.119123
200.0,Blouberg,ssp370,near-term_2021-2040,4.039105,-0.7153679,0.6496781,-0.1952561327561327,5.732638,0.4614840673111349,0.1236663086287146,6.6751585,1.572808,1.9557406,0.43147963,-0.020299094,2.9829078,0.1719612841645303,-1.9704618,13.547346,-1.1041847041847042,0.95230603,0.36286736,0.02320276,10.475912,1.477587,22.478062,7.801374,0.5285301,1.0230895,14.827259
200.0,Blouberg,ssp585,far-term_2081-2100,26.04568,-3.3212662,0.33473894,-0.2691558441558441,-1.305045,0.7612781954887219,0.4794575725026853,18.82929,5.457691,10.998035,3.1256237,2.092253,6.692365,0.4744522720816562,-9.026138,61.39266,-1.6090909090909091,4.9796467,5.372452,-8.140552,47.56312,16.772104,122.06694,35.840454,3.8166347,5.565689,134.10474
200.0,Blouberg,ssp585,mid-term_2041-2060,11.282244,-2.6426008,0.38201782,-0.22365003417634996,1.0234354,0.5624686716791978,0.22129430719656287,8.439188,2.3811514,4.50367,1.2541841,0.8588069,4.0132413,0.2526849528621954,-5.35661,28.384123,-1.3153964456596035,2.0011497,2.1251495,-4.0725455,21.739702,4.9987783,58.405037,19.270662,1.5988501,2.194229,40.735847
200.0,Blouberg,ssp585,near-term_2021-2040,5.4883676,-0.69729143,0.21228933,-0.12681989063568008,5.3641443,0.4406999641962047,0.17979770855710706,7.85288,2.1086864,4.184613,1.1288245,0.807333,3.294894,0.22970126228289647,-1.4774241,13.597653,-0.7078263841421737,0.85886294,0.9635988,-0.46453413,11.945981,1.8582364,28.044855,9.886938,0.65315384,0.9183573,17.983297
201.0,Molemole,ssp126,far-term_2081-2100,7.9012957,-1.2982728,0.39528388,-0.0694090909090909,-4.7351317,-0.20148997493734272,0.17690726817042624,5.4114175,1.2231869,1.5937564,0.3848571,0.16395798,3.1115952,0.08966399378695708,-2.4581494,18.022955,-0.7827727272727272,0.56768453,0.57232666,-1.7384495,14.896567,2.5354905,37.971962,13.26362,0.91882265,1.4673302,23.565063
201.0,Molemole,ssp126,mid-term_2041-2060,5.83329,-1.4047729,0.14478397,-0.1104090909090909,-8.651819,-0.4374899749373437,-0.011092731829573977,0.47343522,0.14100227,-0.9329246,-0.19205722,-0.50488436,1.4651703,-0.017927382130263857,-2.4331722,16.919971,-0.949272727272727,0.67088455,0.4965515,-1.4782279,13.667223,2.1464903,33.603462,11.812754,0.8718449,1.2705796,19.842958
201.0,Molemole,ssp126,near-term_2021-2040,5.714792,-0.63877285,0.25878373,-0.0644090909090909,2.2099426,-0.22998997493734272,0.1569072681704266,6.5243006,1.2423576,3.5297635,0.69509906,-0.23784332,3.6238823,0.05802541997424413,-1.038632,12.483164,-0.746272727272727,0.24536495,0.096673585,-0.31612128,10.5724125,1.3899904,24.519955,8.887177,0.57125837,0.83473665,13.907694
201.0,Molemole,ssp245,far-term_2081-2100,12.081583,-3.0418181,0.30899793,-0.17863636363636362,-6.4393435,-0.215989974937343,0.27624060150375973,8.723093,1.8983791,6.377848,1.3502238,1.0887215,4.48442,0.21477597199118356,-6.218885,34.541565,-1.3568181818181817,2.2266634,2.4911945,-5.3342524,26.42415,6.8613396,74.93637,23.46352,2.0210516,2.8403764,50.645138
201.0,Molemole,ssp245,mid-term_2041-2060,7.008725,-2.2127273,0.13804531,-0.12545454545454543,-2.8676636,-0.012656641604010232,0.36385964912280694,10.502442,2.0916398,5.844653,1.1268972,0.661692,4.11446,0.19033697747400477,-3.8409007,22.00741,-1.0054545454545454,1.3502612,1.5199032,-2.6577349,17.303896,3.588445,45.742783,15.315021,1.189982,1.7926506,26.326468
201.0,Molemole,ssp245,near-term_2021-2040,5.629298,-0.57392347,0.4657839,-0.06811004784688993,-2.2933166,-0.04398997493734243,0.015407268170426081,0.6229248,0.2000721,0.4956936,0.15532103,-0.05730934,1.0225182,0.08826500763314069,-0.84465486,12.906262,-0.6984210526315787,0.6836127,0.7726719,-0.101577185,10.781479,1.6616852,24.792635,8.756162,0.42631418,0.8190918,14.025313
201.0,Molemole,ssp370,far-term_2081-2100,20.915192,-3.2900507,0.476968,-0.19979797979797978,-7.1916566,-0.032832080200500255,0.43817042606516277,15.818266,2.979845,12.947971,2.4307075,1.7093567,6.9007483,0.3204540878404799,-8.4978075,55.360573,-1.5333838383838383,3.9490929,3.5173333,-7.007584,36.946293,13.266324,105.17207,30.090015,2.943643,4.3450956,87.8498
201.0,Molemole,ssp370,mid-term_2041-2060,8.603609,-2.584495,-0.028294945,-0.19368686868686866,-10.490338,-0.42388471177944814,0.1386967418546367,5.283746,1.272788,3.3844838,0.74191046,-0.05982361,2.8798301,0.11474102585476213,-5.0461087,25.315405,-1.402272727272727,1.6962926,1.2147,-3.063311,17.969398,3.6196573,47.708183,16.058859,1.1427937,1.9890579,28.11091
201.0,Molemole,ssp370,near-term_2021-2040,3.8862488,-0.66060615,0.51275766,-0.13424242424242422,7.1195498,0.29137844611528757,0.27080200501253104,9.526244,1.435646,3.8440366,0.54613364,0.02843666,4.147335,0.17049764357806935,-1.8281338,13.675214,-1.0617171717171714,0.83585376,0.25433654,0.07252903,10.364417,1.5302126,22.305962,7.9792185,0.5852873,0.91605604,13.298134
201.0,Molemole,ssp585,far-term_2081-2100,23.433,-3.3327274,0.2532835,-0.19909090909090907,-7.785034,-0.20218045112781838,0.6424310776942356,22.89463,4.68002,16.287624,3.2652009,2.1279826,8.443381,0.5081292717350412,-8.983372,62.113865,-1.5349999999999997,4.656266,5.0630903,-8.0777025,46.920155,17.280264,135.09415,35.625477,3.7911773,5.540816,126.073135
201.0,Molemole,ssp585,mid-term_2041-2060,11.366339,-2.6047847,0.17852172,-0.15813397129186602,-3.8566527,0.21639097744360852,0.2924310776942357,8.487125,1.7964767,5.1103263,1.0551609,0.4173313,4.26343,0.2307374647765176,-5.386488,29.085163,-1.2279665071770334,1.8416772,2.0420418,-4.0479817,21.338457,5.1484213,58.66936,19.179775,1.5630316,2.2237525,36.38456
201.0,Molemole,ssp585,near-term_2021-2040,5.063965,-0.89978474,-0.105287746,-0.08179425837320572,1.8020325,0.23496240601503687,0.1752882205513787,7.801339,1.4476235,5.3833656,1.048727,0.5507633,3.878936,0.22136390365768488,-1.4719579,13.794741,-0.7173684210526314,0.7955132,0.9400032,-0.37258244,11.598202,1.8430861,27.605055,9.693044,0.62584114,0.8641327,16.252659
202.0,Polokwane,ssp126,far-term_2081-2100,8.935425,-1.397078,0.39389324,-0.33594155844155843,-5.044739,-0.1948702112423926,0.14500626566416064,4.0903153,0.88085186,2.275118,0.45498618,-0.10567065,3.0714743,0.10383218649017424,-2.456122,17.931812,-2.2052597402597405,0.53517115,0.51955575,-1.7641714,15.053474,2.478867,34.497166,13.349066,0.90310776,1.4718568,23.89506
202.0,Polokwane,ssp126,mid-term_2041-2060,6.908637,-1.5242207,0.12639359,-0.46522727272727277,-8.711809,-0.5062987826709645,-0.0274937343358393,0.53849846,0.17773941,0.7512267,0.16246928,-0.35145378,1.6645039,-0.0019730754021902086,-2.3683813,16.843964,-2.5702597402597402,0.6436412,0.4517073,-1.5206486,13.84722,2.0945814,30.560383,11.956993,0.8625356,1.2885475,19.958216
202.0,Polokwane,ssp126,near-term_2021-2040,6.483997,-0.74029213,0.28960815,-0.33022727272727276,2.9571621,-0.13844163981382046,0.18000626566416097,6.9385633,1.2256747,3.4977474,0.6333053,-0.100037985,3.8488977,0.07279090316861948,-0.9386192,12.449073,-1.9520454545454544,0.2119122,0.08901869,-0.3202459,10.604896,1.3435099,21.698605,8.916081,0.54893047,0.8061262,14.045812
202.0,Polokwane,ssp245,far-term_2081-2100,12.852138,-3.0863636,0.3397781,-0.6405844155844156,-5.1085687,-0.16339061940565738,0.24604368063014698,7.9068947,1.5631793,7.0030627,1.3369083,1.1510258,4.4239144,0.1966045144326418,-6.182632,34.5993,-3.700649350649351,2.2169995,2.407856,-5.405355,26.811708,6.895079,68.885376,23.674927,2.013954,2.810416,51.384712
202.0,Polokwane,ssp245,mid-term_2041-2060,7.8647265,-2.3483765,0.15134294,-0.47824675324675325,-2.2596393,0.08558897243107692,0.3399212316505554,9.419649,1.7375349,7.6345034,1.4126103,0.73450744,4.3849063,0.20550348135979465,-3.8251493,21.96441,-2.8899350649350652,1.349673,1.49592,-2.6731398,17.513111,3.5101335,41.740448,15.544847,1.1859468,1.7375166,26.9326
202.0,Polokwane,ssp245,near-term_2021-2040,6.448638,-0.6249487,0.52282226,-0.3236158578263842,-2.502402,-0.1523702112423909,-0.0007080200501249198,-1.0061826,-0.09048707,0.85179466,0.18257485,-0.33879226,0.8715417,0.08048418909846486,-0.8397943,12.8435955,-1.9368079289131923,0.6790218,0.78814346,-0.117386684,10.858624,1.5850364,22.219341,8.800937,0.44657654,0.8026156,14.266506
202.0,Polokwane,ssp370,far-term_2081-2100,21.423716,-3.4165223,0.41160038,-0.7151875901875903,-6.051287,0.13875760830648126,0.5010025062656643,15.936067,2.7464795,12.594249,2.1847591,1.8296329,6.5861564,0.37221304380830805,-8.481331,55.96255,-4.291450216450217,3.900613,3.4677334,-7.054315,37.638523,13.516446,99.9526,30.504354,2.9917934,4.3566613,90.04916
202.0,Polokwane,ssp370,mid-term_2041-2060,9.094394,-2.6752524,-0.14779814,-0.6755050505050504,-11.418976,-0.4751521661296107,0.24348370927318316,5.932655,1.359321,3.3065627,0.666814,0.1471029,3.0045373,0.17186824474519,-4.969042,25.476927,-3.698989898989899,1.6292082,1.1966455,-3.1436136,18.339762,3.6069226,43.584747,16.389017,1.1539983,2.0046425,28.965025
202.0,Polokwane,ssp370,near-term_2021-2040,5.7887506,-0.9014429,0.4209991,-0.48899711399711393,6.6884985,0.3560508413891869,0.30476190476190484,8.705576,1.2889713,4.3331914,0.6549841,0.12182535,4.4293528,0.1839445665239288,-1.7011015,13.635519,-2.6712121212121214,0.7479271,0.23018374,0.00776904,10.509103,1.4958116,20.08157,8.152319,0.58951515,0.8399702,13.365821
202.0,Polokwane,ssp585,far-term_2081-2100,23.384794,-3.4555194,0.24011803,-0.7162337662337662,-7.0672565,-0.23141783029001115,0.6899212316505553,22.81036,4.3198333,15.534739,2.9014614,2.0872881,8.262243,0.4754724412095177,-8.995724,62.580204,-4.3149350649350655,4.6397176,4.990105,-8.108985,47.706066,17.702991,131.05603,35.979874,3.824862,5.5569,129.25845
202.0,Polokwane,ssp585,mid-term_2041-2060,11.679358,-2.7611756,0.1217507,-0.5822795625427204,-2.6168735,0.23592910848549842,0.34842463301109944,9.714339,1.8699342,5.5180545,1.0492148,0.42108425,4.38415,0.22343428650762728,-5.381835,29.282328,-3.399248120300752,1.8475142,2.0231893,-4.123355,21.686804,5.211842,53.661446,19.420149,1.6158216,2.209727,36.978176
202.0,Polokwane,ssp585,near-term_2021-2040,5.9878583,-0.895352,-0.13981411,-0.3329972658920027,1.2759094,0.19171142141067118,0.24434300035803808,6.977349,1.2234327,5.639809,1.0378525,0.6054467,3.9924457,0.2212473001766472,-1.435027,13.911546,-2.078024606971976,0.79584837,0.93533623,-0.39391,11.798358,1.8220608,24.928764,9.887362,0.6052442,0.8420514,16.21491
203.0,Modimolle-Mookgophong,ssp126,far-term_2081-2100,8.204462,-1.3662784,0.48308975,-0.7994460227272728,-3.5829868,-0.27120574874686754,0.11973997493734345,3.6992528,0.7400542,3.022911,0.55488634,0.37607408,3.2835279,0.09210801233220028,-2.5708942,17.785706,-3.23546875,0.5368559,0.56066585,-1.9786547,16.251635,2.4482281,38.244755,14.184897,1.0287642,1.4985723,28.401974
203.0,Modimolle-Mookgophong,ssp126,mid-term_2041-2060,7.7782135,-1.1545597,0.22387117,-0.9024147727272729,-3.7451305,-0.4844869987468676,0.14270872493734346,5.0125704,0.92069095,4.137877,0.74509716,1.3395953,2.5789952,0.03041174831531701,-2.4161448,16.661793,-3.4489062500000003,0.5895741,0.41391242,-1.8026533,14.782136,2.0313532,33.508343,12.8244915,0.9340913,1.3491077,24.152796
203.0,Modimolle-Mookgophong,ssp126,near-term_2021-2040,8.80884,-0.44330972,0.4129334,-0.6811647727272729,3.0613098,-0.0046432487468685,0.15192747493734327,5.1749926,0.92209774,2.7205195,0.49389157,0.39859498,2.3623796,0.0813950492095401,-0.97325253,12.514809,-2.3564062500000005,0.15633498,0.04306066,-0.479217,11.250717,1.3480719,24.495062,9.555689,0.5864495,0.83073115,17.283716
203.0,Modimolle-Mookgophong,ssp245,far-term_2081-2100,13.116158,-2.8816762,0.38634878,-1.2926136363636365,-0.56095505,-0.032597117794486374,0.2912280701754387,7.934574,1.4534317,7.390053,1.3329567,1.331023,3.6601915,0.17346988239689481,-6.2888894,35.106754,-5.213636363636363,2.320436,2.4901245,-5.583051,28.95018,7.2953725,74.47682,24.760849,2.1883678,2.8563366,62.455624
203.0,Modimolle-Mookgophong,ssp245,mid-term_2041-2060,8.17256,-2.174574,0.2111997,-1.0355113636363638,2.2724228,0.23302788220551407,0.4662280701754386,11.490202,1.9413605,7.762203,1.3561581,1.2512679,4.925815,0.22167864861116715,-3.9374955,22.242529,-4.129545454545455,1.4684408,1.5441818,-2.844617,18.730595,3.607319,45.823605,16.334063,1.2987094,1.7478957,33.139397
203.0,Modimolle-Mookgophong,ssp245,near-term_2021-2040,7.277277,-0.4646531,0.55480886,-0.6731608851674642,1.4246674,0.03535675125313231,0.11630247493734315,3.189694,0.5819569,3.0129032,0.5304712,0.46179116,1.8620682,0.12948693337571976,-0.7717679,12.69613,-2.5888681220095697,0.71459454,0.81437993,-0.21467978,11.4782715,1.5138398,24.515453,9.223127,0.50294405,0.8162494,17.445747
203.0,Modimolle-Mookgophong,ssp370,far-term_2081-2100,22.373936,-3.3146465,0.7230734,-1.468386994949495,0.12158203,0.25075971177944756,0.5624373433583959,16.571257,2.7188659,12.009708,1.9968319,2.4567175,6.273354,0.35475239040022133,-8.519257,56.73785,-6.26875,3.9667802,3.5676537,-7.231471,40.481323,14.22427,105.42511,31.725403,3.165029,4.5685463,105.646805
203.0,Modimolle-Mookgophong,ssp370,mid-term_2041-2060,11.178377,-2.550584,0.1885339,-1.2897411616161616,-6.544956,-0.3512139724310781,0.31128602756892254,8.490298,1.6893728,4.9359455,0.94097537,1.1403915,3.2615266,0.1504888400965801,-4.9539924,25.569431,-5.120659722222221,1.5531677,1.2013409,-3.3986876,20.024967,3.8253117,48.66297,17.536446,1.2573608,1.9825933,36.3291
203.0,Modimolle-Mookgophong,ssp370,near-term_2021-2040,6.726077,-0.8981534,0.60794175,-0.857102272727273,4.992981,0.20470708020050155,0.3357926065162907,9.327668,1.5187614,5.142828,0.8692672,1.0271744,3.7151732,0.15001285053819735,-1.577852,13.461033,-3.1895833333333328,0.5974576,0.21541655,-0.1912471,11.170631,1.4636796,22.34734,8.69891,0.6188381,0.9238877,16.392122
203.0,Modimolle-Mookgophong,ssp585,far-term_2081-2100,27.019283,-3.3697443,0.32444388,-1.4819602272727277,0.19568634,0.29627192982456174,0.7296209273182956,21.48105,3.7955885,14.064216,2.5103314,2.7547593,7.483842,0.4601939982749144,-9.060321,63.439167,-6.3546875,4.835007,5.1150703,-8.261421,50.953266,18.220245,134.96933,37.301968,4.117379,5.7610745,149.86856
203.0,Modimolle-Mookgophong,ssp585,mid-term_2041-2060,11.986542,-2.629067,0.24319428,-1.1882924641148327,4.3532333,0.5493969298245607,0.5105733082706766,13.13524,2.2487867,8.368625,1.4640702,1.6024522,5.444226,0.2698006061579506,-5.449926,29.755777,-4.8749775717703345,1.963043,2.0832038,-4.31008,23.406511,5.397428,58.64539,20.436115,1.7401576,2.2170959,45.41797
203.0,Modimolle-Mookgophong,ssp585,near-term_2021-2040,7.633867,-0.79287535,-0.023472786,-0.6698116028708134,4.6476517,0.12737312030075087,0.36548402255639073,10.853756,1.8853457,9.609222,1.7049509,2.1940947,4.769844,0.2183244980868529,-1.4740919,14.17906,-2.8071845095693777,0.8413614,0.9906881,-0.53259367,12.725231,1.8747907,28.203434,10.617185,0.676385,0.93564606,19.537014
204.0,Fetakgomo Tubatse,ssp126,far-term_2081-2100,6.254596,-1.26763,0.16771834,-0.20996753246753247,-4.589068,-0.20532849982098053,0.07594880057286105,4.8562784,0.77150184,4.9935746,0.7399523,0.836883,5.0108294,0.09203855843301424,-2.4396355,18.502836,-1.3254220779220778,0.59545547,0.39243263,-1.5963196,14.9102335,2.4431868,38.233784,12.866829,0.8399725,1.5252435,20.4831
204.0,Fetakgomo Tubatse,ssp126,mid-term_2041-2060,3.5699506,-1.3176299,-0.001567568,-0.26711038961038963,-6.9819074,-0.4074713569638365,-0.0708369137128536,2.2856042,0.39100975,3.2005327,0.45630255,0.3927814,2.784752,0.014830207083008671,-2.3522809,17.361609,-1.5261363636363632,0.69239527,0.3365533,-1.308937,13.630228,2.0360441,33.756283,11.789236,0.71391255,1.3454775,16.93761
204.0,Fetakgomo Tubatse,ssp126,near-term_2021-2040,2.169596,-0.37012982,0.14557539,-0.17853896103896102,7.1251135,-0.02568564267812436,0.059163086287146935,7.0364685,0.91937625,8.439095,1.2216896,1.0085373,6.421302,0.09343773318521491,-0.9007191,12.836134,-1.0864935064935064,0.26548982,-0.011961801,-0.07987581,10.258151,1.306044,23.998077,8.539373,0.4717196,0.8360547,11.643626
204.0,Fetakgomo Tubatse,ssp245,far-term_2081-2100,6.0000753,-3.049026,0.2598106,-0.3694805194805194,-2.568621,-0.1286788399570337,0.2812209094163983,12.708602,1.8347989,11.744123,1.7248275,2.252515,7.190615,0.23259469825835005,-6.1580772,35.491028,-2.16525974025974,2.2057889,2.2056885,-5.1558785,26.14161,6.900803,76.40986,23.296938,1.8653415,2.8209076,44.605476
204.0,Fetakgomo Tubatse,ssp245,mid-term_2041-2060,3.1735425,-2.227922,-0.16365936,-0.287987012987013,-4.7152276,-0.018814894378802398,0.24380594343000336,11.121195,1.6616312,9.427193,1.3831049,1.7493112,5.745682,0.193206084026253,-3.83417,22.602087,-1.6795454545454545,1.3251531,1.4032056,-2.5420868,17.277327,3.4673102,47.043232,15.373079,1.1087036,1.7328006,23.253347
204.0,Fetakgomo Tubatse,ssp245,near-term_2021-2040,5.2067404,-0.7557929,0.2455759,-0.18477443609022556,-7.204773,-0.2617570712495524,-0.05833691371285329,-1.2372524,-0.018813405,2.0098078,0.34360033,0.5588128,1.3790654,0.07748406189722916,-0.83448327,13.1332445,-1.1390806561859192,0.7164139,0.7273513,-0.037083216,10.594561,1.5226058,24.556463,8.589476,0.5120717,0.84933853,12.439634
204.0,Fetakgomo Tubatse,ssp370,far-term_2081-2100,14.892302,-3.3987014,0.3689402,-0.4173881673881675,-8.726954,-0.12876834944504115,0.5520766201217331,22.891209,3.1805322,18.348597,2.5857787,3.4687297,7.8676224,0.40832076777332116,-8.527789,57.174892,-2.5334776334776334,3.7742138,3.2213657,-6.9067583,37.357227,13.955767,110.366684,30.323612,2.9131951,4.3292212,82.60879
204.0,Fetakgomo Tubatse,ssp370,mid-term_2041-2060,6.0415506,-2.7145743,-0.31940582,-0.3828643578643579,-16.05869,-0.7400465449337622,0.22876834944504143,10.439534,1.8722744,7.7369704,1.2355866,1.3191719,5.173184,0.17847861893662526,-5.0560055,26.924253,-2.1751443001442996,1.6547755,1.1038164,-2.97489,18.208843,3.7819567,49.39128,16.255033,1.154656,2.0386157,25.781408
204.0,Fetakgomo Tubatse,ssp370,near-term_2021-2040,2.59569,-1.072114,0.3148053,-0.2967532467532467,6.2748327,0.2941639813820269,0.3836555674901537,12.287614,1.5089905,8.135244,1.0686196,1.4107535,6.4237704,0.20276136861750046,-1.7460707,14.89757,-1.6005411255411253,0.7773127,0.1982272,0.041055407,10.37208,1.5514011,23.17938,8.061974,0.53451127,0.8476873,11.652045
204.0,Fetakgomo Tubatse,ssp585,far-term_2081-2100,14.603128,-3.4594157,0.15402767,-0.4142857142857143,-5.6505303,-0.49602577873254666,0.8376834944504117,33.003643,4.7901764,26.971327,3.8818264,4.3847084,12.864706,0.5365401956823356,-8.983447,63.43504,-2.532142857142856,4.499164,4.585266,-7.925505,46.8971,18.249453,140.28511,35.634403,3.6655867,5.548999,119.05164
204.0,Fetakgomo Tubatse,ssp585,mid-term_2041-2060,7.5718417,-2.7001367,-0.11638028,-0.34511278195488726,-2.9707904,0.0019334049409240248,0.3876834944504113,12.180117,1.7930734,9.473281,1.3757175,1.5063924,5.6426926,0.2135268830726106,-5.3991213,30.488531,-2.0188824333561173,1.8587986,1.884413,-3.9948933,21.35756,5.3139954,60.452366,19.300394,1.500432,2.248164,31.53838
204.0,Fetakgomo Tubatse,ssp585,near-term_2021-2040,4.0888476,-1.0801264,-0.34189034,-0.20731373889268623,-2.209028,-0.1419441460794835,0.14482635159326915,8.873964,1.2909497,7.8810472,1.1412482,1.4606432,5.3190722,0.15849521929132226,-1.5256376,14.670084,-1.1943267259056731,0.86630213,0.8367192,-0.3481982,11.658936,1.8342788,28.31531,9.719533,0.58950573,0.89011765,13.642803
205.0,Musina,ssp126,far-term_2081-2100,8.966041,-1.4287727,0.33232746,-0.022803030303030304,0.5148641,0.3775522138680038,0.33196365914786957,10.796418,2.6667857,4.587609,1.1233875,0.86289203,4.4872637,0.2149639364753046,-2.5384924,18.3071,-0.1665909090909091,0.5803049,0.5505553,-1.6693736,14.424065,2.5842423,36.94708,12.655723,0.98818016,1.5167819,21.928263
205.0,Musina,ssp126,mid-term_2041-2060,4.876708,-1.783606,0.0041608172,-0.02296969696969697,-6.1794415,-0.03144778613199707,0.23279699248120292,7.0798,1.7880721,1.6984859,0.4062794,0.37461168,2.8396852,0.09143130756248415,-2.5806787,17.268257,-0.18475757575757576,0.644521,0.45519078,-1.3476493,13.235739,2.154409,33.0694,11.487119,0.83176446,1.2515355,19.658964
205.0,Musina,ssp126,near-term_2021-2040,5.242711,-0.46227264,0.2403272,-0.021803030303030303,0.84980065,0.03671888053467012,0.2521303258145362,8.124035,1.9595231,4.570732,1.0992218,0.45382258,3.936711,0.10450746388200098,-1.0495088,12.93488,-0.15509090909090914,0.337759,0.10234896,-0.3522997,10.449312,1.5065758,26.048569,8.844648,0.5656849,0.89611334,13.075981
205.0,Musina,ssp245,far-term_2081-2100,10.857226,-3.4324243,0.323216,-0.04545454545454545,-7.654814,0.0667585630743527,0.40403508771929836,12.260754,3.1491008,7.238674,1.8155063,1.3107208,4.6880774,0.2773926807603768,-6.4461474,35.567535,-0.2792424242424243,2.3241947,2.5368333,-5.19693,25.36286,7.018979,68.10642,22.821136,1.9477465,2.8535705,47.379635
205.0,Musina,ssp245,mid-term_2041-2060,7.7854795,-2.2139392,0.09908943,-0.03151515151515152,-1.5139912,0.316441102756892,0.3329239766081872,10.681967,2.5964882,5.393713,1.2895999,1.1236885,3.747269,0.19617578444704412,-3.9052672,22.47709,-0.20303030303030306,1.417937,1.4756105,-2.6648366,16.758884,3.6734846,44.63996,14.771745,1.1042876,1.8501416,24.93548
205.0,Musina,ssp245,near-term_2021-2040,5.930541,-0.9842105,0.27432755,-0.018030303030303025,-1.1711365,-0.041114452798663235,0.2062969924812029,6.476896,1.7910951,4.6219754,1.2237957,1.0521239,2.401767,0.1489023348981289,-1.0705845,13.146764,-0.1326236044657097,0.770228,0.69171387,-0.13111566,10.494741,1.7059162,24.55387,8.287276,0.41560236,0.8234123,13.2509775
205.0,Musina,ssp370,far-term_2081-2100,21.110346,-3.730606,0.15555534,-0.04863636363636364,-9.528092,0.3112364243943191,0.5589724310776941,18.191261,4.4668975,10.377852,2.430744,1.7059324,6.6583705,0.4212443243639647,-8.513683,54.207592,-0.3133501683501683,3.826313,3.510991,-6.854899,35.43057,12.68702,87.92594,29.363985,2.8251958,4.3772383,83.23979
205.0,Musina,ssp370,mid-term_2041-2060,8.263684,-2.8733838,0.021345012,-0.04808080808080808,-4.3050475,0.21860484544695105,0.344235588972431,11.351533,2.8520257,6.369047,1.540837,1.1846749,4.225748,0.25440261294790734,-4.9705434,24.857668,-0.2996464646464646,1.7331759,1.2239066,-2.9210918,17.07783,3.5312796,45.874832,15.360036,1.0550901,2.0639346,26.420162
205.0,Musina,ssp370,near-term_2021-2040,3.4963155,-0.5531987,0.68538004,-0.03993265993265993,5.9807863,0.46000835421888,0.28984962406015036,10.159296,2.1202984,3.7955043,0.74763083,0.95034754,3.9840074,0.1943906367648204,-1.5467703,13.186641,-0.2314983164983165,0.73922366,0.24906082,0.031889472,10.158998,1.5253536,23.35298,7.628616,0.45554605,1.0436056,13.292015
205.0,Musina,ssp585,far-term_2081-2100,21.048336,-3.7768183,0.19972414,-0.04833333333333333,-4.8891053,0.4978696741854641,0.7581620718462824,24.423235,6.2128596,14.547458,3.6483746,2.7581036,9.256078,0.5573981940109298,-9.024446,62.553806,-0.3112121212121212,4.7256308,5.1229196,-7.932335,44.458702,16.683638,105.26362,34.851273,3.6335382,5.4441504,118.091675
205.0,Musina,ssp585,mid-term_2041-2060,9.313732,-2.9714992,0.20559749,-0.03727272727272726,-3.42477,0.2759649122807018,0.316892230576441,9.50717,2.5265853,5.332106,1.391988,0.98217255,3.6303093,0.23222529512381412,-5.427287,29.351816,-0.2582535885167464,1.9002922,2.013736,-3.8812459,20.491352,5.018421,56.003345,18.630928,1.4538062,2.2550502,34.762623
205.0,Musina,ssp585,near-term_2021-2040,4.903258,-1.037791,0.28004158,-0.014688995215311005,4.5100403,0.31421888053467,0.3495906432748538,11.400782,2.591407,6.6294665,1.5798621,1.3211727,4.539883,0.22830543168354225,-1.4990735,13.5211,-0.13402711323763955,0.76585764,0.83823013,-0.23850194,11.034188,1.9269298,26.311337,8.955163,0.6040737,0.9420232,15.581988
206.0,Thulamela,ssp126,far-term_2081-2100,8.294237,-1.3378409,0.2294414,-0.005170454545454547,0.2501831,-0.18173245614035238,0.6117731829573928,14.661776,2.6631348,6.4678073,1.1965114,1.1536531,6.3533096,0.29074682823908327,-2.5154805,18.46116,-0.07698863636363638,0.5395401,0.50300694,-1.5879569,14.124317,2.565042,39.83026,12.486896,0.9578619,1.5444603,20.466385
206.0,Thulamela,ssp126,mid-term_2041-2060,3.1823692,-1.711591,-0.121183395,-0.0070454545454545475,-8.74086,-0.5079824561403505,0.3361481829573927,8.978611,1.6658242,1.6018462,0.22282284,0.45435476,4.096388,0.10426614774890797,-2.6073313,17.441189,-0.09448863636363639,0.68190795,0.3975606,-1.245897,13.0272255,2.112542,36.01339,11.313311,0.79617214,1.3025827,17.962439
206.0,Thulamela,ssp126,near-term_2021-2040,4.7498646,-0.23846585,0.28569221,-0.006420454545454549,0.96847534,-0.4848574561403538,0.2823981829573927,10.8259945,1.8627384,6.168081,1.087356,0.8187609,5.405697,0.13326457483431398,-1.131825,13.091792,-0.0694886363636364,0.3229081,0.08364391,-0.2972579,10.214424,1.4894168,27.519003,8.68972,0.5920572,0.936182,11.629541
206.0,Thulamela,ssp245,far-term_2081-2100,8.619925,-3.3664773,0.20015621,-0.02272727272727273,-10.303513,-0.6620300751879702,0.6580827067669167,18.970797,3.5670693,10.230472,1.8707659,1.5770526,7.059307,0.3782847641542655,-6.4839396,35.97973,-0.15170454545454548,2.2400799,2.4698582,-5.1437435,24.847702,7.0099883,76.68721,22.644855,1.9511814,2.8385143,43.738693
206.0,Thulamela,ssp245,mid-term_2041-2060,6.6961155,-2.209659,-0.02186799,-0.011931818181818182,-4.3028717,-0.3929824561403503,0.5568922305764402,14.511129,2.6117923,6.7581964,1.1768049,1.4331899,5.31921,0.24444474557709683,-3.9680548,22.918549,-0.10227272727272729,1.3712769,1.4306054,-2.6657925,16.59979,3.7928827,48.955086,14.793538,1.1229401,1.8830967,23.149374
206.0,Thulamela,ssp245,near-term_2021-2040,6.342367,-0.9186303,0.18881726,0.0017045454545454564,-4.3992767,-0.42735745614035103,0.091773182957393,5.1148796,1.171365,3.0711741,0.64740026,0.63428926,2.1519089,0.182572457904697,-1.1856909,13.328404,-0.05221291866028712,0.69879,0.66669893,-0.11624789,10.369933,1.7371147,26.585527,8.201211,0.43572712,0.9057827,12.177601
206.0,Thulamela,ssp370,far-term_2081-2100,17.073748,-3.6924243,0.051941633,-0.02329545454545455,-14.652794,-0.4660087719298236,0.8211152882205507,26.676722,4.8326397,14.427315,2.4146566,2.3635283,8.407749,0.5736057751466788,-8.557032,54.527565,-0.16761363636363638,3.629095,3.4460454,-6.848837,34.882294,12.77268,102.05546,29.40739,2.8134751,4.3136654,78.44749
206.0,Thulamela,ssp370,mid-term_2041-2060,6.6171627,-2.9063132,-0.1585846,-0.02329545454545455,-8.88002,-0.38245614035087705,0.567167919799498,14.787338,2.780227,7.7234845,1.4203688,1.4282484,5.5562725,0.3391808063304147,-4.990037,25.038914,-0.16136363636363638,1.6014619,1.1944251,-2.941455,16.800594,3.5365696,50.71241,15.325721,1.1014814,2.1256847,24.596794
206.0,Thulamela,ssp370,near-term_2021-2040,4.004675,-0.53548,0.8611524,-0.021212121212121217,7.7193756,0.2649122807017523,0.5336152882205506,14.762608,2.246225,6.414191,0.94386876,1.6970439,6.044653,0.3105665278233203,-1.5231245,13.486013,-0.11761363636363639,0.658325,0.25898647,0.021380663,10.0963955,1.5768476,25.166563,7.803627,0.49247885,1.0826674,12.209989
206.0,Thulamela,ssp585,far-term_2081-2100,17.166956,-3.74375,0.0572989,-0.02329545454545455,-8.853615,-0.5864348370927317,1.1033208020050118,34.925476,6.396309,21.075298,3.7480235,3.7082682,13.246037,0.7540578996088549,-9.035758,62.926952,-0.16534090909090912,4.5486717,4.963922,-7.9385853,43.695374,16.829247,124.51361,34.676277,3.6350503,5.383726,112.64639
206.0,Thulamela,ssp585,mid-term_2041-2060,8.084814,-2.8675838,0.21325207,-0.014772727272727274,-7.133629,-0.2310776942355881,0.4443922305764405,12.17255,2.400232,6.299416,1.1903067,1.3198576,4.6718845,0.30166504885029144,-5.514168,29.787025,-0.13181818181818186,1.7885768,2.005608,-3.8996859,20.198662,5.036184,62.164055,18.594147,1.4102569,2.3388567,32.408302
206.0,Thulamela,ssp585,near-term_2021-2040,7.1330185,-1.0782596,0.1257515,-0.0011363636363636385,2.488144,-0.14774436090225596,0.49796365914786944,14.710348,2.4965856,6.1925335,1.0621289,1.0854597,5.4500637,0.28743002638126325,-1.521637,13.661086,-0.066866028708134,0.72755843,0.81674814,-0.18163848,10.686474,1.829665,28.076101,8.802104,0.58268785,0.97261524,14.10116
207.0,Makhado,ssp126,far-term_2081-2100,7.086993,-1.1791116,0.1891939,-0.029917355371900843,-3.6130815,-0.14001025290498925,0.2994429254955571,9.15244,1.8251592,4.4055147,0.88196397,0.7795391,4.601319,0.21013965838971077,-2.478324,18.304869,-0.4270041322314049,0.566183,0.6142675,-1.6783496,14.66491,2.5902054,40.193253,13.017111,0.9223019,1.4941368,22.299349
207.0,Makhado,ssp126,mid-term_2041-2060,4.3842587,-1.5532025,-0.0012606707,-0.042644628099173555,-8.904983,-0.3970557074504437,0.1783065618591933,4.7957416,0.9058239,-0.6718098,-0.19197442,-0.38703156,2.0595057,0.0823614694522614,-2.565619,17.208132,-0.5138223140495867,0.6801713,0.5190974,-1.3643714,13.418202,2.2079327,35.675747,11.657837,0.82708985,1.2955346,19.020164
207.0,Makhado,ssp126,near-term_2021-2040,4.4949403,-0.5009297,0.17601186,-0.02900826446280992,1.2623235,-0.2531920710868064,0.2587611073137385,10.684146,1.9373388,4.2035003,0.75456804,0.365353,4.933563,0.13410725158963926,-1.1290704,12.758219,-0.39950413223140485,0.3104198,0.12765087,-0.29088905,10.488668,1.4277055,26.727568,8.878677,0.5724573,0.8987455,13.005571
207.0,Makhado,ssp245,far-term_2081-2100,11.007704,-3.188843,0.374994,-0.08615702479338842,-8.366802,-0.39868990658464215,0.4410230120756435,13.886163,2.7295532,8.364233,1.638488,1.4179221,6.030255,0.31176083229294976,-6.3460655,34.916843,-0.727479338842975,2.2080443,2.5316029,-5.2516546,25.805489,6.9966183,78.050575,23.112211,1.9785606,2.8742578,48.04516
207.0,Makhado,ssp245,mid-term_2041-2060,6.1650586,-2.2502067,0.053782724,-0.05557851239669421,-4.651872,-0.12076782866256476,0.4180792891319205,11.282589,2.1557066,5.6864376,1.063592,0.8946391,4.6807446,0.2282663541646574,-3.911258,22.262222,-0.5615702479338842,1.3614666,1.5212175,-2.6340547,17.081537,3.6844823,48.15062,15.086585,1.157307,1.8556844,25.330667
207.0,Makhado,ssp245,near-term_2021-2040,5.714945,-0.618432,0.25646636,-0.019617224880382773,-3.5728037,-0.16432843472317094,0.12421565276828432,3.779946,0.9176521,2.098667,0.49593523,0.43964767,1.4690843,0.15506705416613994,-0.95795065,13.045476,-0.3998260113092649,0.7022248,0.7411549,-0.094278164,10.680521,1.7186917,26.260477,8.557051,0.38926247,0.8543694,13.390898
207.0,Makhado,ssp370,far-term_2081-2100,19.315771,-3.4197428,0.29507896,-0.09628099173553718,-10.262193,-0.28615857826383895,0.5611414900888585,21.14205,3.8142307,14.936374,2.627866,2.1876984,8.378382,0.4880788739838334,-8.514958,54.58673,-0.8218778696051423,3.8437173,3.5661218,-6.900366,36.017155,12.912857,106.42867,29.612474,2.846862,4.3200493,84.11278
207.0,Makhado,ssp370,mid-term_2041-2060,7.099022,-2.7240357,-0.04798317,-0.09527089072543618,-10.024616,-0.38783321941216625,0.33841421736158533,9.592915,1.947895,4.5643916,0.87139887,0.5183031,4.353715,0.2584586602635924,-5.045067,25.130814,-0.7728879706152434,1.6998847,1.2962314,-2.9824297,17.420162,3.5643723,50.247616,15.686505,1.0825883,2.0410216,26.790804
207.0,Makhado,ssp370,near-term_2021-2040,2.3181596,-0.64979345,0.6733084,-0.06446280991735538,7.7854695,0.3047505126452503,0.3790840738209161,12.687429,1.9136125,5.0551844,0.7133865,0.7609714,5.5496044,0.2714813595403254,-1.8284953,13.614285,-0.591574839302112,0.807283,0.31805125,0.071310475,10.279284,1.5479581,24.183226,7.828677,0.53046614,1.0225629,12.921107
207.0,Makhado,ssp585,far-term_2081-2100,21.33194,-3.4646695,0.19187762,-0.09504132231404959,-7.8011556,-0.3292093871041224,0.8282524493050807,28.277182,5.4339895,18.497807,3.4844265,2.9528615,10.82872,0.6416192190710744,-9.002033,62.068604,-0.8204545454545454,4.6151686,5.080091,-7.999259,45.615444,16.948944,133.4779,35.156143,3.708761,5.484808,120.4614
207.0,Makhado,ssp585,mid-term_2041-2060,10.826315,-2.6735754,0.25421515,-0.07396694214876032,-5.4978833,-0.009295967190701986,0.34751651856915033,9.555302,1.9540675,5.4130683,1.0675963,0.71850795,4.792334,0.2725410413988559,-5.471828,29.244394,-0.6720204436711614,1.8271042,2.0716963,-3.9644055,20.87357,5.124924,61.549473,18.914494,1.474538,2.2639983,34.879585
207.0,Makhado,ssp585,near-term_2021-2040,4.4854064,-0.9036321,0.06222361,-0.02840365376250544,2.3090403,0.1718728639781283,0.3390749601275918,10.707191,1.8860433,4.7155867,0.8152149,0.82595617,4.661684,0.2595329426227184,-1.5333362,13.753332,-0.41107003044802093,0.7736357,0.92444074,-0.28766772,11.315276,1.8813615,28.761992,9.392101,0.6141048,0.9340706,15.6114025
208.0,Collins Chabane,ssp126,far-term_2081-2100,10.92206,-1.4963962,-0.10303007,-0.010584415584415585,2.433149,0.037802542069460036,0.48889992839240953,13.37016,2.6517577,7.263608,1.4586587,1.5555621,6.693367,0.3268200602324677,-2.4671896,18.219448,-0.005909090909090908,0.53696734,0.49304035,-1.5027434,13.817486,2.4265552,38.040245,12.131631,0.9562765,1.5055788,19.763355
208.0,Collins Chabane,ssp126,mid-term_2041-2060,3.9059918,-1.8349676,-0.19267328,-0.0037987012987012983,-6.4014153,-0.3389831722162536,0.24104278553526706,8.447857,1.7347614,2.912687,0.5632003,0.868348,4.4518595,0.10895562209788068,-2.5364032,17.298733,-0.016266233766233765,0.6505341,0.3898201,-1.1803482,12.754918,2.0401263,34.528103,10.986494,0.7862892,1.2977998,17.305084
208.0,Collins Chabane,ssp126,near-term_2021-2040,5.2331324,-0.30639625,0.34875488,-0.0070129870129870125,2.9205365,-0.21648317221625213,0.24604278553526665,9.160186,1.761102,5.9605336,1.1831112,0.78633606,4.728765,0.12444015161667339,-1.09116,13.003034,-0.009837662337662336,0.31776947,0.07181549,-0.2371352,9.909783,1.3747693,26.66881,8.382884,0.6216575,0.9308744,11.014483
208.0,Collins Chabane,ssp245,far-term_2081-2100,9.056517,-3.4655843,0.18088068,-0.012012987012987014,-6.139823,-0.3796634443250971,0.5664339419978516,17.319687,3.539722,10.099824,1.9957424,2.0516834,6.9028854,0.36228797269239416,-6.4257193,35.623093,-0.04090909090909091,2.2177932,2.4499874,-5.10763,24.27738,6.7348595,70.78404,22.366465,1.9569787,2.7574234,41.92016
208.0,Collins Chabane,ssp245,mid-term_2041-2060,7.5640006,-2.453896,-0.29258865,-0.00909090909090909,-2.3668344,-0.1738811313999284,0.4361618331543145,12.945181,2.552775,6.4638877,1.2308558,1.7624228,4.72841,0.2428517768741044,-3.9797974,22.809381,-0.017532467532467535,1.3497381,1.4550639,-2.6186903,16.34475,3.6833732,46.868786,14.6175,1.1547682,1.8701477,21.993555
208.0,Collins Chabane,ssp245,near-term_2021-2040,7.963852,-1.0925152,0.048754964,-0.007142857142857141,-3.6257193,-0.20684031507339715,0.027114214106695313,3.468859,0.92735416,2.696995,0.62447613,0.48015377,2.018411,0.16805967050190862,-1.161514,13.259539,0.004545454545454547,0.6841906,0.67351943,-0.08891364,10.139776,1.6814649,25.705414,8.029166,0.5142247,0.87643975,11.853417
208.0,Collins Chabane,ssp370,far-term_2081-2100,17.646006,-3.7943723,-0.016451564,-0.012012987012987014,-11.428828,-0.17710347296813467,0.7291442892946655,23.973862,4.6527734,13.439551,2.494779,2.7356315,7.5762568,0.5668549824358143,-8.540079,54.284176,-0.04090909090909091,3.6270182,3.4020283,-6.8615294,34.328533,12.563857,92.12481,29.224941,2.828029,4.2585654,75.03919
208.0,Collins Chabane,ssp370,mid-term_2041-2060,7.435479,-3.0511181,-0.2811139,-0.012012987012987014,-8.448317,-0.17372001432151762,0.3562119584675973,11.449595,2.4244378,6.9777308,1.4455091,1.5315546,4.590721,0.33188268979074614,-4.995818,25.001213,-0.04051226551226551,1.5928086,1.1658827,-2.9056067,16.550821,3.3908408,48.107338,15.158614,1.1602699,2.1172626,23.55189
208.0,Collins Chabane,ssp370,near-term_2021-2040,4.8595376,-0.74754673,0.69181865,-0.012012987012987014,7.59719,0.2548514142499112,0.43515932688865044,13.193571,2.3126104,6.5919924,1.1352423,1.9792023,5.8618917,0.3393858292165798,-1.5723375,13.775464,-0.03336940836940837,0.6684326,0.29764175,-0.013369969,9.977154,1.4944122,24.879171,7.734854,0.5281277,1.0811806,11.873317
208.0,Collins Chabane,ssp585,far-term_2081-2100,17.751074,-3.8159091,-7.138933e-05,-0.012012987012987014,-5.499856,-0.23510562119584652,1.0371822413175802,33.135498,6.5394945,19.728754,3.7868881,3.9865947,12.76534,0.722418488856861,-9.006923,62.496265,-0.04090909090909091,4.515219,4.897716,-7.9553595,42.820442,16.6324,110.00937,34.360554,3.6057072,5.310282,107.71363
208.0,Collins Chabane,ssp585,mid-term_2041-2060,8.190191,-2.9421906,0.19584683,-0.01103896103896104,-5.2908716,-0.15143215180808994,0.3490870032223415,11.931036,2.50792,5.783403,1.1783495,1.5743395,4.3453445,0.2587959517377098,-5.49109,29.565842,-0.026623376623376625,1.7600001,1.9997194,-3.8493683,19.744356,4.911671,58.95286,18.388689,1.4542828,2.329501,30.097977
208.0,Collins Chabane,ssp585,near-term_2021-2040,7.3742013,-1.0707963,-0.08544568,-0.0006493506493506488,1.8648158,-0.034425349087001934,0.38208020050125285,11.645135,2.2329395,4.6737576,0.8943541,1.1250038,4.8478885,0.26216750507568803,-1.4625156,13.569837,0.004870129870129872,0.7356181,0.80816895,-0.12237644,10.480697,1.749607,27.092804,8.62813,0.5993944,0.9382324,13.263284
209.0,Dawid Kruiper,ssp126,far-term_2081-2100,9.240839,-0.5342631,-0.32093278,-4.415110192837465,-14.057173,-0.2938686678818259,0.0354230272651325,0.38595724,2.027194,1.0159256,1.386368,0.06269874,-0.27764377,0.1440991388197078,-1.914977,15.845105,-8.48653581267218,0.37270248,0.8028619,-0.94390374,20.968336,2.8381522,26.03532,15.384915,1.0213932,1.5895481,40.52147
209.0,Dawid Kruiper,ssp126,mid-term_2041-2060,7.7136793,-0.57683885,-0.14521319,-4.400867768595041,-3.2344582,-0.04625503151818949,0.10924878484089012,3.5562105,2.1059475,2.931084,1.6479608,0.45317444,1.5828968,0.17003450091393443,-1.9103491,14.908037,-8.422103994490357,0.329483,0.7324228,-0.43102688,18.792645,2.1487584,22.973158,14.036449,0.95967245,1.34902,34.58048
209.0,Dawid Kruiper,ssp126,near-term_2021-2040,5.600839,0.10013085,-0.07581918,-2.822761707988981,-3.3688004,-0.019929273942431887,0.09261999696210226,2.6271338,1.8390864,0.83829707,0.6078572,-0.050106887,0.6284039,0.10209182070536749,-0.63146526,11.750253,-5.118846418732785,-0.06044041,0.35110095,0.9187408,13.808582,1.5224705,15.2898655,9.827576,0.44352716,0.98161936,22.412457
209.0,Dawid Kruiper,ssp245,far-term_2081-2100,16.927444,-1.6043389,-0.15967388,-7.9810950413223125,-8.455639,-0.22015835042150844,0.1280132148553201,5.2275524,3.46396,4.835248,2.4869955,2.450267,3.3733761,0.31974157978975787,-5.829953,31.248295,-16.262293388429754,1.8671124,2.889504,-4.203558,37.109222,8.796881,52.226437,25.602184,2.1507206,3.079282,90.45888
209.0,Dawid Kruiper,ssp245,mid-term_2041-2060,10.630948,-1.0627755,-0.33398837,-5.988946280991733,-12.1851425,-0.31582934609250407,0.0783018151439204,2.1588454,2.6177986,1.9829341,1.6534635,0.24098802,1.2694879,0.1635596310300995,-3.510035,20.078428,-11.832816804407717,1.1693532,1.7202884,-1.8883727,24.777462,4.2156973,33.13217,18.167698,1.3412887,1.8766361,50.16447
209.0,Dawid Kruiper,ssp245,near-term_2021-2040,8.354968,0.30656987,-0.09301618,-3.5447622154559952,-6.174819,-0.25117927394243206,0.0906124212045265,2.7734537,2.340418,2.4536946,1.665915,0.6800775,2.4548488,0.1526340746374887,-0.52196413,11.94054,-6.791064955777874,0.5528895,1.0263267,0.4074065,14.534651,1.7240171,17.567244,10.791551,0.5764984,0.97667223,23.52271
209.0,Dawid Kruiper,ssp370,far-term_2081-2100,26.618675,-2.0089264,-0.27907076,-9.83580884603612,-19.333559,-0.4683602946760841,0.07311840206577049,1.988064,3.2150726,2.923024,2.5494967,0.014271534,1.0742619,0.2474404011340815,-8.168436,47.635475,-21.01187251300887,2.6747336,3.768631,-6.654338,52.751442,16.000235,80.91333,33.908127,3.3359356,4.5886564,157.00371
209.0,Dawid Kruiper,ssp370,mid-term_2041-2060,12.605402,-1.3136822,-0.13600862,-6.751591674318946,-2.691699,-0.0534878863826232,0.11933052327789166,4.1493435,2.3100984,2.4570444,1.4000313,0.32110047,1.4798534,0.19496110356134105,-4.306261,22.489965,-13.053076216712583,0.8507184,1.3656262,-2.3450565,26.488836,4.364882,36.000694,19.622593,1.3272824,2.0294437,54.675888
209.0,Dawid Kruiper,ssp370,near-term_2021-2040,6.3944,-0.35930517,-0.027475877,-3.841869452096724,-3.1699743,0.008513708513708437,0.057887142097668445,1.8240938,1.1181316,0.69465846,0.28348926,-0.16387558,0.30090818,0.13894755331646086,-1.0122396,12.347929,-6.580054331190696,0.26644504,0.4555572,0.43592814,14.769481,1.5141245,17.571573,10.905573,0.56177574,1.0114372,23.6612
209.0,Dawid Kruiper,ssp585,far-term_2081-2100,32.075607,-2.0961776,-0.45328858,-10.73925619834711,-24.952051,-0.5925970228601809,0.09150527834738359,1.6438423,4.0551987,2.7955146,2.8950653,0.124757886,0.11534546,0.30691648464406984,-8.894423,57.508892,-23.506060606060608,4.0366354,5.572889,-7.8335786,61.662453,20.564629,98.14364,38.015408,4.2308717,5.691488,200.69983
209.0,Dawid Kruiper,ssp585,mid-term_2041-2060,15.539244,-1.4438016,-0.24607342,-7.338377192982457,-8.446307,-0.08516556542872358,0.15672894357104877,4.3662786,3.3106763,2.941714,1.868598,0.29613683,1.1870961,0.2502469564862574,-4.96671,27.398071,-14.55513085399449,1.623437,2.4021847,-3.1776483,31.385052,7.105662,43.901245,22.258013,1.7284045,2.4440455,71.88597
209.0,Dawid Kruiper,ssp585,near-term_2021-2040,5.1224346,-0.31157207,-0.14737222,-4.447031317964332,-5.5455966,-0.1812694615326195,0.0445716564137617,1.3798205,1.6315918,1.147764,1.0194732,-0.19726956,0.24420513,0.08508794144601922,-1.5424,14.273496,-8.318482673626214,0.8162123,1.2383095,0.052350044,16.702387,2.4114797,19.894634,12.312526,0.84219503,1.1675035,28.069448
210.0,City of Mbombela,ssp126,far-term_2081-2100,3.3441222,-1.2883838,-0.08068742,-0.13613636363636367,-3.5421143,-0.5732678919521028,0.16500348092453393,9.5607195,1.1830506,8.701151,1.0416781,1.7420483,6.320574,0.11859476819428366,-2.4286883,18.881819,-0.7546717171717171,0.5536173,0.4524551,-1.2997165,14.521544,2.1798804,35.92369,12.186212,0.82758915,1.6191869,15.821624
210.0,City of Mbombela,ssp126,mid-term_2041-2060,2.0180104,-1.3894949,-0.17763138,-0.17196969696969697,-3.2340765,-0.5177123363965472,0.0005590364800887038,7.5794473,0.89752984,6.55316,0.76702076,1.6476207,4.0837197,0.031046797211745414,-2.394931,18.126175,-0.8666161616161614,0.6706146,0.30735335,-1.1167471,13.283927,1.8923805,32.110355,11.3508415,0.6510319,1.373205,13.311098
210.0,City of Mbombela,ssp126,near-term_2021-2040,1.6402346,-0.20699494,-0.117075816,-0.1053030303030303,12.736945,-0.07660122528543746,0.17222570314675517,11.794293,1.2172124,9.090706,1.0468475,1.5677834,7.3545933,0.1262403581433629,-0.83676887,13.351135,-0.5735606060606059,0.15949602,0.0004386902,0.31141916,9.888172,1.2098804,22.070358,7.9041443,0.4407568,0.9035352,8.949986
210.0,City of Mbombela,ssp245,far-term_2081-2100,2.9900713,-2.9674242,0.33255386,-0.2169191919191919,3.1911418,-0.023029796714008437,0.4929267613478139,21.616962,2.443043,16.267338,1.8700941,3.2464662,8.061102,0.23341076110380174,-6.190948,35.716923,-1.250252525252525,2.155931,2.0730176,-5.00182,24.889116,6.472382,70.70003,22.499138,1.8625599,2.7783406,36.0115
210.0,City of Mbombela,ssp245,mid-term_2041-2060,1.3673257,-1.9714646,-0.47644117,-0.17070707070707072,-5.0854897,-0.5584795321637424,0.3196463380673906,16.683094,2.062385,15.428792,1.8672627,2.4536262,6.1852374,0.1498630909013649,-3.857593,22.867239,-0.9729797979797981,1.3108814,1.309503,-2.41916,16.549614,3.1390219,43.434956,14.758175,1.0870069,1.716852,18.705305
210.0,City of Mbombela,ssp245,near-term_2021-2040,3.185791,-0.5335991,0.011812528,-0.12965178096757046,-5.783983,-0.5643790030632149,0.06583681425786701,4.881229,0.66294765,6.1609154,0.750021,1.4465898,2.7531383,0.09366773919920332,-0.7239737,12.800648,-0.6594896331738437,0.66544795,0.6535153,0.17338721,9.9897,1.2384104,22.030647,8.065271,0.56905663,0.8516553,9.480452
210.0,City of Mbombela,ssp370,far-term_2081-2100,6.940115,-3.2352974,0.063157715,-0.2534511784511784,-16.659328,-0.8983848510164303,0.5063631300473403,26.933016,3.2966144,22.082832,2.6290472,4.5961795,9.181348,0.3079776002624324,-8.57642,58.379402,-1.4758136924803589,3.6323369,3.0852299,-6.814254,36.494858,14.196485,106.82907,29.821465,2.8171036,4.4585133,71.16942
210.0,City of Mbombela,ssp370,mid-term_2041-2060,3.8506427,-2.572643,-0.53888893,-0.22536475869809205,-21.092102,-1.370314675577833,0.13443330548593627,14.341072,2.125298,11.455021,1.5105451,1.8788753,5.0695705,0.12329149829722673,-5.237686,29.11824,-1.2520482603815934,1.6715103,1.1170949,-2.8325167,17.826935,3.8662384,47.07475,15.882634,1.1814822,2.054871,21.139168
210.0,City of Mbombela,ssp370,near-term_2021-2040,2.3991818,-0.9627666,0.07514593,-0.1904882154882155,1.8132663,-0.13639654692286385,0.3002227791701476,16.308817,1.8637943,11.655967,1.3846476,1.9969755,6.367388,0.16533547531377707,-1.9267039,16.373943,-0.9677890011223345,0.78497505,0.23597357,0.10147551,10.26076,1.5529668,22.431839,7.9172306,0.5597408,0.8858359,9.53855
210.0,City of Mbombela,ssp585,far-term_2081-2100,6.573408,-3.2616162,-0.1642722,-0.25303030303030305,0.61398655,-0.6100668337510453,1.0609161793372326,47.85432,5.546026,35.9349,4.161116,6.1577396,17.050568,0.5406770355182725,-9.029954,63.982986,-1.4792929292929293,4.3522544,4.362505,-7.8355303,45.452213,18.541042,135.21754,35.03158,3.5312786,5.536986,105.83679
210.0,City of Mbombela,ssp585,mid-term_2041-2060,2.6294916,-2.521119,0.009537697,-0.20524986709197235,5.75942,0.2579225842383741,0.6667362851573384,22.185486,2.4536095,12.622139,1.4033065,2.5210683,6.201595,0.2525137311773583,-5.4166627,31.159214,-1.1546783625730994,1.8236521,1.8148229,-3.8275344,20.949612,5.1139956,57.63361,18.864252,1.4713049,2.3470242,26.116417
210.0,City of Mbombela,ssp585,near-term_2021-2040,2.4577997,-1.0203482,-0.46030372,-0.12106592238171182,0.9562107,-0.4119186856028946,0.23816485658590894,14.108631,1.6288524,9.752674,1.1413083,2.1853156,5.9508667,0.1289657337060566,-1.5749,14.87295,-0.7112838915470493,0.87032956,0.76173717,-0.3095274,11.318052,1.6444844,26.368795,9.361572,0.64218265,0.9583274,10.47885
211.0,JB Marks,ssp126,far-term_2081-2100,6.386078,-1.144841,0.2207509,-5.545863636363637,-12.070196,-0.3296065162907258,0.05082080200501271,2.208055,0.67702407,2.6319623,0.5527687,0.3431719,1.4680771,0.04908820109477467,-2.463172,18.521427,-11.244772727272725,0.4431391,0.6754385,-2.2249656,19.271135,2.8473518,38.43261,15.886141,1.2346483,1.874902,41.02555
211.0,JB Marks,ssp126,mid-term_2041-2060,6.654078,-1.050841,0.49550152,-5.330113636363636,4.251831,0.09364348370927474,0.21082080200501246,9.522363,1.4293847,8.080172,1.3224925,1.709985,3.8865333,0.09967414857456021,-2.1027932,16.62403,-10.563022727272728,0.44562173,0.4730648,-1.875529,16.922966,2.1808517,32.767357,14.376892,1.1148012,1.6849391,34.315815
211.0,JB Marks,ssp126,near-term_2021-2040,8.067825,-0.16709097,-0.016248703,-3.402363636363637,-4.8431215,-0.34910651629072476,-0.05392919799498745,1.8986168,0.5066903,2.5626173,0.51789,0.49003658,0.99028015,0.01885112279056802,-0.6947382,12.815808,-6.883772727272725,0.003670156,0.2169281,-0.512832,13.09331,1.4291016,24.518858,10.597705,0.69218504,1.1282151,25.160551
211.0,JB Marks,ssp245,far-term_2081-2100,12.029851,-2.821818,0.1126441,-9.376136363636366,1.2568543,-0.04165413533834332,0.22736842105263172,8.76311,1.4926964,7.593146,1.3342323,1.7140669,2.1988678,0.15897137420204563,-6.229342,36.12062,-21.39227272727273,2.2149072,2.6105013,-5.6590405,33.714073,8.396052,73.773865,26.832294,2.4858851,3.3082783,87.22407
211.0,JB Marks,ssp245,mid-term_2041-2060,7.382229,-1.7220454,-0.028784465,-7.298636363636364,-7.860565,-0.2307017543859647,0.12213032581453631,7.337194,1.4117281,7.1331964,1.2916268,1.9138539,3.8870597,0.10090812324979037,-3.7865746,22.861776,-16.224772727272725,1.3678595,1.5610201,-3.1766818,22.369078,4.134988,46.648785,18.564411,1.606475,2.0483584,49.190838
211.0,JB Marks,ssp245,near-term_2021-2040,7.6403275,-0.23872003,0.11400137,-4.172918660287081,-5.527234,-0.2243565162907263,0.21832080200501253,8.902681,1.6567559,7.341472,1.3336964,1.3798424,2.031131,0.11838334062398995,-0.6476219,13.229227,-8.858193779904303,0.6178969,0.8365027,-0.45716745,13.260989,1.7665246,24.617088,10.571728,0.6631591,1.1599209,25.289988
211.0,JB Marks,ssp370,far-term_2081-2100,21.672956,-3.3099241,0.21444902,-11.41441919191919,-11.144928,-0.18365914786967216,0.2691102756892231,11.407368,2.1928666,8.996024,1.6036972,2.1602888,4.3408294,0.23624260263800548,-8.3148985,56.185333,-27.66310606060606,3.202129,3.4041057,-7.442777,48.088707,15.848851,111.493935,34.7068,3.5892575,5.082487,143.50247
211.0,JB Marks,ssp370,mid-term_2041-2060,11.12349,-2.2671463,0.3081332,-8.321919191919193,-2.9124877,-0.05471177944861978,0.20989974937343336,8.328913,1.3489612,6.3932204,1.0385381,1.7817647,1.3927834,0.17109200959161655,-4.6976395,26.393103,-17.71532828282828,1.1621928,1.2220042,-3.531315,24.086098,4.5749626,49.321163,19.837769,1.5196856,2.210849,54.029133
211.0,JB Marks,ssp370,near-term_2021-2040,5.086904,-0.5990908,0.15497503,-4.515808080808081,-2.1987062,0.017130325814538237,0.1754260651629072,6.497471,1.1165049,4.4580445,0.78316015,0.9464842,2.8610306,0.12303700468783249,-1.1046882,14.013349,-9.00310606060606,0.34846422,0.25617275,-0.3939907,13.188678,1.6294072,24.083382,10.383621,0.69551545,1.217461,24.1858
211.0,JB Marks,ssp585,far-term_2081-2100,25.667236,-3.4345455,0.20573922,-11.905454545454548,-1.5292358,0.24691729323308564,0.6271303258145362,23.951942,3.965297,14.827263,2.4484134,4.019435,7.581305,0.43747949505729455,-9.0373,65.09161,-29.587272727272723,4.5544133,5.259638,-8.408748,57.79778,19.374306,141.74992,39.58193,4.666005,6.442246,188.76656
211.0,JB Marks,ssp585,mid-term_2041-2060,11.231752,-2.5439594,0.1376439,-8.662763157894737,-2.8053467,0.22334586466165476,0.3378446115288222,11.525735,1.9400222,7.958084,1.3350828,1.7534196,3.1997933,0.19773222469130233,-5.3122377,30.922903,-19.465083732057415,1.8039163,2.2026815,-4.5990605,28.411469,6.6014113,59.98241,22.93995,1.9117726,2.644177,69.8537
211.0,JB Marks,ssp585,near-term_2021-2040,6.039134,-0.60358846,0.03740568,-5.032356459330144,5.969415,0.24144110275689384,0.2797493734335842,12.693457,1.9959197,9.427151,1.5560411,2.1555517,3.5259743,0.1535669888965904,-1.3706481,14.8864355,-10.666854066985644,0.83941704,1.0458578,-0.63761616,14.646631,2.1409929,27.541515,11.631656,0.75590277,1.3481449,28.741077
212.0,Mangaung,ssp126,far-term_2081-2100,4.228323,0.18603042,-0.031193797,-7.789863636363634,-11.823364,-0.37553759398496295,0.3675597326649959,7.824075,1.76358,3.9690213,0.79227483,0.5744244,2.2083278,0.06686488832928639,-0.66567004,14.384472,-10.252045454545453,0.12493365,0.3206271,-1.6995977,17.393183,2.3536668,30.702164,13.435783,0.9734505,1.9280792,33.02746
212.0,Mangaung,ssp126,mid-term_2041-2060,5.33049,0.60753036,-0.053860854,-6.89819696969697,1.1237977,-0.06170426065162869,0.293893065998329,8.847297,1.4380163,5.104958,0.8787032,0.7403249,3.7156098,0.11293621184867,-0.2655253,13.197229,-9.225878787878786,0.07756379,0.16851743,-1.2456468,15.130542,1.942,25.860828,11.852697,0.86516654,1.6480136,27.01483
212.0,Mangaung,ssp126,near-term_2021-2040,4.3784885,1.7343638,0.06047249,-2.9591969696969698,-3.012036,-0.44753759398496223,0.1767263993316626,5.4618134,1.0728778,3.8395731,0.69285285,0.5269735,1.8768342,0.01643835305190849,1.058103,9.709942,-4.102212121212116,-0.21754691,-0.06262868,0.31526548,11.270903,1.3143333,17.26033,7.7904224,0.4224282,1.0776812,19.883076
212.0,Mangaung,ssp245,far-term_2081-2100,11.098501,-1.4853029,0.33357608,-15.82242424242424,2.4876485,0.2543274853801164,0.431988304093567,11.904929,1.9185925,7.0928016,1.2054118,1.255716,2.5570645,0.19047078178831905,-4.306327,27.92739,-24.286818181818184,1.2567426,2.2008982,-4.8808246,29.605413,6.844769,57.137512,22.68314,2.0558474,3.2096076,68.640335
212.0,Mangaung,ssp245,mid-term_2041-2060,7.4804034,0.059545714,-0.1573766,-10.950000000000001,-9.56606,-0.39583124477861226,0.24802005012531345,6.5263143,1.4423201,5.1492004,0.9744586,1.0000979,2.407371,0.07219650837194264,-1.7506077,17.35349,-16.411666666666665,0.6744418,1.1732,-2.4449334,19.882837,3.4172728,35.890728,15.254419,1.2078587,2.098998,39.262695
212.0,Mangaung,ssp245,near-term_2021-2040,3.8853247,1.9616987,-0.30569407,-4.898508771929823,-13.338246,-0.7115375939849622,0.1360597326649959,3.5683584,1.0971833,1.8357813,0.44125035,0.17009264,0.3054685,0.019305151043002646,1.476668,9.635739,-7.150079744816584,0.07425067,0.51091677,0.21156222,11.498661,1.426322,17.907602,8.231263,0.4432575,1.1394162,18.96432
212.0,Mangaung,ssp370,far-term_2081-2100,18.392342,-2.1954882,0.012832451,-23.448215488215492,-12.914154,-0.586616541353383,0.4291562238930661,15.298713,2.8612332,11.685515,2.1338367,1.9263611,3.4625704,0.2328264795180562,-7.227345,47.078793,-37.14047138047138,2.3187346,3.1005166,-6.9840126,44.199665,14.388518,91.76429,31.339546,3.1760764,5.2348123,123.63523
212.0,Mangaung,ssp370,mid-term_2041-2060,7.211638,-0.9254881,0.22669189,-12.961178451178451,6.35438,0.11390977443609056,0.4998579782790308,15.612372,2.4907937,9.041785,1.551088,1.7755771,3.585842,0.16835221580264653,-2.9180024,21.041441,-18.319175084175082,0.69401884,0.8258592,-2.7504303,21.414715,3.8012962,38.301888,16.710869,1.2119706,2.301712,42.29431
212.0,Mangaung,ssp370,near-term_2021-2040,4.013744,0.48099333,0.13932323,-5.716919191919192,-1.3687255,-0.23065162907268105,0.26073517126148693,6.3035593,1.0767645,3.3188796,0.52224725,0.585668,1.5144577,0.04679644900366527,0.22887,11.344866,-7.486582491582488,0.15641111,0.036914315,-0.08439426,11.989731,1.4981482,19.386518,8.707005,0.46368554,1.2709292,19.30135
212.0,Mangaung,ssp585,far-term_2081-2100,21.341194,-2.3787878,-0.08801181,-25.886363636363637,-6.8691487,-0.02202172096909081,0.7653216374269006,22.676512,4.131166,13.724964,2.5165493,2.3807783,5.6589923,0.4094391399069703,-8.091172,55.081814,-42.52651515151515,3.1692193,4.725257,-8.053229,52.69348,18.624546,115.324356,36.146538,4.1204042,6.444842,159.85936
212.0,Mangaung,ssp585,mid-term_2041-2060,9.229294,-0.93151516,0.05722669,-14.514673046251993,3.8363383,0.16591478696741788,0.6164327485380118,17.471348,2.8786213,9.090932,1.5543147,2.1427805,4.884081,0.23163221789297328,-3.4368563,24.42314,-21.808652312599676,1.0774232,1.8455405,-3.7137125,24.929415,5.5386124,46.455055,19.320225,1.5193151,2.7281172,54.13222
212.0,Mangaung,ssp585,near-term_2021-2040,2.288972,1.196882,0.16325817,-6.5583333333333345,-3.0795655,-0.1701169590643276,0.24690893901420216,4.958275,0.9779826,2.8894727,0.5681513,0.82830304,2.1378396,0.0427255313732059,0.6317681,11.479825,-9.575127591706535,0.33963284,0.6978863,-0.2770351,13.372092,1.8858373,21.364668,9.671297,0.5445621,1.2591308,22.217619
213.0,Walter Sisulu,ssp126,far-term_2081-2100,4.248072,0.08162183,-0.113669746,-8.370712809917359,-8.311078,0.14531897926634796,0.5056858054226474,11.531625,2.4053574,6.5450697,1.3686249,0.587565,1.7935817,0.16826824111443137,-0.3369519,13.164978,-11.057933884297526,0.29930532,0.30856374,-1.0872134,14.823896,2.0249417,24.567873,11.343079,0.8280542,1.7398067,18.113272
213.0,Walter Sisulu,ssp126,mid-term_2041-2060,4.377959,0.21434915,0.086443946,-7.436621900826449,5.094499,0.5630462519936205,0.40579944178628385,11.233372,1.8701259,5.940064,1.1341425,0.64702755,3.1759658,0.1509784464592986,-0.21401908,12.430166,-10.085888429752066,0.1755087,0.18579665,-0.6264722,13.102233,1.6960783,19.924809,9.988681,0.7715925,1.3798413,15.0910225
213.0,Walter Sisulu,ssp126,near-term_2021-2040,3.0752318,1.06094,0.08053487,-3.456167355371902,1.430395,0.01804625199362048,0.2503448963317384,6.545502,1.2422842,4.007002,0.78617334,0.46163332,2.1986344,0.07443158078995292,1.0413893,9.07645,-4.651911157024796,-0.09272391,-0.13119005,0.89937013,9.739978,1.1818736,13.182873,6.4214187,0.34160832,0.90144867,10.770688
213.0,Walter Sisulu,ssp245,far-term_2081-2100,7.6535335,-1.0286157,0.2110219,-17.379132231404956,0.9932903,0.35205058099794917,0.5967247664616085,16.407284,2.9714115,9.719663,1.8675667,1.3588458,3.269627,0.22061448249049057,-3.7226655,24.650757,-25.9353305785124,1.271978,2.0711591,-3.920305,24.295643,5.5320196,44.756557,19.172613,1.7804192,2.8294742,37.755016
213.0,Walter Sisulu,ssp245,mid-term_2041-2060,3.8264768,-0.24225214,0.16719057,-11.812086776859504,-3.722172,0.09837092731829535,0.4632832080200499,13.173776,2.612348,9.156717,1.8360846,1.3895404,3.8518915,0.18676363640106988,-1.337999,15.400845,-17.191115702479344,0.7495734,1.2172967,-1.5741787,16.529667,2.7130926,27.311693,12.581242,0.9532939,1.850843,21.125694
213.0,Walter Sisulu,ssp245,near-term_2021-2040,3.1562543,1.0771694,-0.17651077,-4.661450630709006,-5.073622,-0.14615829346092574,0.3296630781499202,8.470214,1.7952445,5.107004,1.0701665,0.5204775,0.7910685,0.11780354363956679,1.5555638,8.521361,-7.155404523705959,0.16226631,0.4914849,0.94318587,9.59137,1.0900905,12.377468,6.4137654,0.38767365,0.83787346,9.418319
213.0,Walter Sisulu,ssp370,far-term_2081-2100,11.868234,-1.4634413,0.032723796,-26.162821395775946,-15.09222,-0.22300637958532718,0.5803030303030304,17.918543,3.6034079,13.348461,2.73189,1.933717,3.3403544,0.2965617775166991,-6.6143885,41.45894,-40.14603994490358,2.2629251,3.0695403,-6.0626674,36.393776,12.267707,72.18565,26.608498,2.6901007,4.6843424,73.39775
213.0,Walter Sisulu,ssp370,mid-term_2041-2060,4.879478,-0.5933655,0.076503605,-14.628604224058773,10.952453,0.5969696969696968,0.6108054226475278,18.318798,3.0752993,11.422375,2.0899558,1.5986156,4.10222,0.2371970611373553,-2.4187887,19.534616,-20.211065197428837,0.891689,0.9358355,-1.7034192,17.947857,3.2429595,28.083248,13.600276,1.1063966,1.8451515,23.300156
213.0,Walter Sisulu,ssp370,near-term_2021-2040,3.0352206,0.4230486,0.0731543,-7.16698806244261,-0.14580883,-0.06092503987240869,0.3319776714513557,8.511641,1.5146896,7.145265,1.3747659,0.8917746,1.7591281,0.08101177565878945,0.22147208,11.03092,-9.302858126721766,0.47179312,0.09948418,0.68986565,10.464952,1.4428332,13.385904,6.8752995,0.39607862,0.9053121,11.013916
213.0,Walter Sisulu,ssp585,far-term_2081-2100,15.083727,-1.5666323,0.10442016,-29.017045454545453,-16.396038,-0.1508714969241286,0.760252904989747,22.269644,4.7846212,16.152483,3.424006,2.5240252,4.739616,0.36763638129604137,-7.4636283,47.918625,-45.57954545454546,2.8061452,4.4345856,-7.310334,43.789528,16.376522,92.8586,31.562963,3.5211391,5.782444,99.42829
213.0,Walter Sisulu,ssp585,mid-term_2041-2060,7.173555,-0.49349183,0.14024273,-15.179023488473252,-0.5382677,0.29176919571656423,0.6287593984962403,17.21169,3.1868582,10.425658,1.9974604,1.4587659,4.432331,0.2600624882231012,-2.738717,21.322165,-22.78697259678121,1.0332422,1.8071772,-2.786385,20.703146,4.501169,36.787426,15.95308,1.257067,2.5208378,29.157621
213.0,Walter Sisulu,ssp585,near-term_2021-2040,1.5671684,0.64054483,0.10755894,-7.069932579382342,-0.37190524,0.36557871952608795,0.33849965823650047,8.277027,1.6085211,5.243074,1.0303366,0.67153114,2.7320352,0.14325043873839857,0.6283629,10.422627,-10.392192257503266,0.43487892,0.6686472,0.32760486,11.3251095,1.5520444,16.136284,7.879429,0.49776044,1.1295105,11.348314
214.0,Enoch Mgijima,ssp126,far-term_2081-2100,3.8567243,-0.4453788,0.052539006,-6.6384595959595964,-10.244027,-0.1647013366750204,0.42928467000835446,11.511443,2.3464487,6.383647,1.2423487,0.5696952,1.0929521,0.13040164185158742,-0.9822596,13.829415,-10.553598484848484,0.4326054,0.33024544,-0.5734353,13.46273,1.6878521,22.10258,10.027656,0.77730656,1.5840498,10.5121975
214.0,Enoch Mgijima,ssp126,mid-term_2041-2060,3.8586667,-0.43398985,0.018650161,-5.944987373737373,0.47338697,0.08904866332497915,0.35289578111946535,10.103283,1.7415153,5.220432,0.97368747,0.79722285,2.925699,0.12139847390256753,-0.9138607,13.389075,-9.618042929292931,0.29470903,0.2888458,-0.20604679,12.092843,1.5488244,18.092716,8.845212,0.7024722,1.2606913,8.855034
214.0,Enoch Mgijima,ssp126,near-term_2021-2040,2.755334,0.24753785,0.3329556,-3.4769318181818196,2.0361073,-0.10206244778613154,0.22886800334168753,6.994583,1.2395425,4.248508,0.7485734,0.40352663,1.5242481,0.05565032658273456,0.29549488,10.048828,-5.618737373737374,0.03482385,-0.056664996,1.2637737,9.114522,1.0574355,12.166329,5.642922,0.31036288,0.8078961,6.2124896
214.0,Enoch Mgijima,ssp245,far-term_2081-2100,4.469674,-1.0484848,0.053954285,-12.290782828282827,-4.653888,-0.30421191868560205,0.42312726260094674,13.557458,2.480716,8.204015,1.5363016,0.96307206,1.7528284,0.11673541103524565,-4.1132274,24.569407,-21.42878787878788,1.4351591,2.0030756,-3.43545,21.56406,4.7112174,40.634415,17.225157,1.7117229,2.6132994,22.27885
214.0,Enoch Mgijima,ssp245,mid-term_2041-2060,2.957901,-0.46704552,0.1895364,-8.717171717171718,-5.239212,-0.21280980228348728,0.4035505430242274,13.565512,2.603778,9.9591055,1.8135562,1.8014226,4.1020904,0.1440249120822916,-1.8847885,15.8618355,-14.862121212121211,0.835762,1.2983962,-1.1260864,14.930211,2.2907562,24.575079,11.223041,0.85365057,1.6680217,12.103425
214.0,Enoch Mgijima,ssp245,near-term_2021-2040,2.4785292,0.430117,-0.07287775,-4.017683413078149,-4.6428375,-0.41942355889724353,0.20775689223057647,9.489417,1.8348727,8.078884,1.4601837,1.4040456,1.3161829,0.09680727344011676,0.7975269,8.9763,-7.03291467304625,0.30948484,0.6024847,1.1822248,8.911481,0.9372837,11.041232,5.626443,0.3799351,0.69684917,5.3234406
214.0,Enoch Mgijima,ssp370,far-term_2081-2100,7.3674107,-1.3749158,-0.040399525,-17.92867564534231,-23.607979,-0.9198621553884708,0.4125522138680035,15.925891,3.3973355,11.455425,2.2803063,1.5127506,2.1580474,0.19714301865807432,-6.9787235,40.363056,-31.671576879910212,2.3210413,2.9534166,-5.3776546,31.29394,10.334303,64.64082,23.308865,2.4262147,4.2426085,44.443703
214.0,Enoch Mgijima,ssp370,mid-term_2041-2060,4.0774975,-0.70315653,0.09702746,-10.5496632996633,6.2256436,0.31186299081035923,0.5758563074352548,16.829424,2.7820525,8.860222,1.5519626,1.4959421,2.3122897,0.2205001782167727,-2.8492315,19.602749,-17.01077441077441,0.9465598,0.9705517,-1.1073216,15.891356,2.7832227,24.925077,11.71508,0.986332,1.6833583,13.442931
214.0,Enoch Mgijima,ssp370,near-term_2021-2040,2.9875863,-0.11766269,0.09483406,-5.581453423120091,0.084365845,0.016687552213867838,0.3474937343358397,10.727361,1.848675,6.590002,1.1550541,1.012716,1.7051767,0.13921130939243045,-0.27012143,11.211073,-8.523428731762063,0.4555488,0.1883919,1.2308971,9.396822,1.1503522,11.456714,5.759393,0.32815668,0.9126489,6.0676227
214.0,Enoch Mgijima,ssp585,far-term_2081-2100,8.270731,-1.3881313,0.09879565,-19.569570707070703,-26.575708,-0.881328320802004,0.4773600668337509,17.3024,3.9338012,11.889021,2.4371374,2.0457523,2.4706569,0.17467229445504928,-7.7540655,46.80641,-35.407828282828284,2.8985844,4.179962,-6.846977,38.208603,14.490504,85.43682,28.560755,3.2662308,5.1826205,63.92948
214.0,Enoch Mgijima,ssp585,mid-term_2041-2060,5.4109435,-0.8099747,0.19244629,-10.979910951621479,-6.732932,-0.22960874408242857,0.4641325536062378,13.778998,2.6066532,6.59908,1.2541728,1.0356232,3.3967915,0.1504805276645334,-3.2742,21.199707,-18.879253056884636,1.1460357,1.7823703,-2.308185,18.52488,3.7214978,33.32494,14.202872,1.1710258,2.3089075,17.168636
214.0,Enoch Mgijima,ssp585,near-term_2021-2040,2.1537993,0.1738038,0.09800193,-5.663011695906434,0.48114523,0.2820314675577834,0.3698203842940686,10.167559,1.8253253,6.3132625,1.1199228,0.72844005,2.8442037,0.1524994738885193,-0.029613601,10.857994,-9.564712918660291,0.5762857,0.79349464,0.6334988,10.407842,1.3794525,14.339979,7.0742826,0.5484704,1.0028793,6.645224
215.0,Raymond Mhlaba,ssp126,far-term_2081-2100,1.4653698,-0.48363638,0.07227812,-2.118977272727273,-20.659185,-0.7064642857142855,0.17937781954887244,5.759555,1.559799,3.4569757,0.70874614,0.255608,0.2256073,0.02085738512713702,-1.5617802,16.121393,-4.648863636363636,0.33426055,0.6379646,0.10818653,12.549075,1.6895311,21.80149,8.951692,0.5800213,1.7038311,6.3244114
215.0,Raymond Mhlaba,ssp126,mid-term_2041-2060,2.749869,-0.59338635,0.03802805,-1.9204772727272732,-8.857214,-0.16871428571428648,0.20737781954887194,5.7094393,1.0179964,2.0695543,0.36899066,-0.23527184,0.38593522,0.03608130569006418,-1.5347757,15.81161,-4.350113636363636,0.3357078,0.594491,0.40152588,11.417644,1.6255311,18.554993,7.8686337,0.5465799,1.4224026,5.61099
215.0,Raymond Mhlaba,ssp126,near-term_2021-2040,0.76136875,0.005363637,0.27952796,-1.1292272727272732,-1.7943299,-0.10146428571428619,0.07637781954887198,2.8349953,0.59107035,1.2290398,0.25149313,0.14279786,0.26834106,0.011399102705745979,-0.21531563,12.462151,-2.6138636363636367,-7.347204e-05,0.32040024,1.7815427,9.006961,1.1112812,12.753747,5.0445685,0.14982334,1.0257161,3.6559901
215.0,Raymond Mhlaba,ssp245,far-term_2081-2100,1.842597,-1.0631819,-0.024912357,-3.596590909090909,-16.270483,-0.7202380952380963,0.09588972431077689,4.3609543,1.0804214,0.24975547,0.17026034,-0.31422576,-2.1519809,-0.01688161423861816,-4.422264,24.586075,-8.434090909090909,1.3523681,1.9568123,-3.1961803,18.695215,3.6881218,38.64676,15.659696,1.6231936,2.4321926,12.422242
215.0,Raymond Mhlaba,ssp245,mid-term_2041-2060,1.2975948,-0.5252273,0.05246868,-2.602045454545455,-12.361188,-0.4069047619047607,0.2054135338345867,9.7814665,1.9113219,10.396852,1.7665542,2.4589908,4.261635,0.0900674155218761,-2.2056606,16.097113,-6.053181818181817,0.7981921,1.2542597,-0.9613455,13.266668,1.9042584,23.20738,10.079731,0.86450565,1.5538113,6.904812
215.0,Raymond Mhlaba,ssp245,near-term_2021-2040,0.78186834,0.1939952,-0.056221865,-1.2554066985645935,-7.679364,-0.6312142857142874,0.018377819548872142,9.294009,1.6732098,9.748306,1.5532881,1.692139,1.7121785,0.04866639002760938,0.5146183,9.207048,-3.0470933014354036,0.27728128,0.6394083,1.2674389,8.222785,0.81256646,10.51847,4.9572225,0.43788385,0.66577643,3.170614
215.0,Raymond Mhlaba,ssp370,far-term_2081-2100,2.8771186,-1.3005809,-0.051353503,-5.208005050505051,-43.63144,-1.7796616541353392,-0.13545112781954835,2.6986794,1.5337675,5.538923,1.273613,0.5627201,-2.0052478,-0.036804353200115617,-7.2937064,41.622536,-12.284419191919191,2.174338,2.9175353,-4.864396,26.966808,8.855698,62.093742,20.780191,2.1059055,3.9737592,27.146955
215.0,Raymond Mhlaba,ssp370,mid-term_2041-2060,2.0189598,-0.8455808,0.029436016,-3.3143939393939403,-9.252423,-0.5522932330827068,0.34191729323308256,12.235774,2.1501963,6.6522565,1.1029061,1.4852383,0.8954567,0.0780270455808962,-3.3340557,21.384459,-7.25969696969697,0.8112917,1.1258472,-0.5676376,14.4391775,2.5873642,24.848188,10.341156,0.80805343,1.7793366,8.134455
215.0,Raymond Mhlaba,ssp370,near-term_2021-2040,1.7465935,-0.27113634,0.10101471,-1.852727272727273,-7.260089,-0.18097744360902226,0.1587593984962407,4.710786,0.9395081,3.2016847,0.5776587,0.114897534,0.52924573,0.060317685235113674,-0.51900065,12.69459,-3.8327525252525247,0.25652915,0.49395162,1.8596337,8.952507,1.1437533,11.727356,4.991351,0.20007071,1.0845394,3.6969547
215.0,Raymond Mhlaba,ssp585,far-term_2081-2100,3.2823577,-1.3061364,0.03103981,-5.509772727272728,-48.0374,-1.948095238095238,-0.21387218045112774,1.3116119,1.6479404,6.05423,1.4254458,1.025624,-1.6520329,-0.11095179563842858,-8.058219,46.577904,-13.327045454545452,2.801444,3.818721,-6.6847196,32.721676,11.841986,81.73488,26.245722,3.0076087,4.601746,39.625526
215.0,Raymond Mhlaba,ssp585,mid-term_2041-2060,2.430691,-0.8411483,0.16961113,-3.2869019138755986,-17.276611,-0.5869047619047617,0.18565162907268182,5.121071,1.1669853,3.6728227,0.69293535,0.57018167,1.0140045,0.01621864525925565,-3.5600195,20.93428,-7.582715311004785,1.0566771,1.688736,-1.9983889,16.13309,2.8755383,31.214415,12.713623,1.1224908,2.098085,9.564336
215.0,Raymond Mhlaba,ssp585,near-term_2021-2040,1.4499763,-0.010669911,0.09699254,-1.7129425837320582,-6.1244383,0.013333333333333818,0.1673182957393485,6.1783385,1.1438749,6.288153,1.0352755,0.72516555,1.976313,0.09060073730375473,-0.20169716,11.094222,-3.9553349282296635,0.56109154,0.81750697,0.7843393,9.477593,1.1400359,13.638292,6.37787,0.5569147,0.9960224,3.882193
216.0,Umvoti,ssp126,far-term_2081-2100,1.2966152,-0.9167728,0.26433086,-0.5483181818181819,5.765039,-0.2700689223057644,0.2463395989974937,7.835907,0.7436091,6.159169,0.6496654,0.5171989,1.0121276,0.03537571470601879,-3.1443706,23.757233,-2.1975000000000002,0.58204514,1.006628,-0.32521114,14.7735,2.665591,21.108265,11.288397,0.54811305,1.6654648,10.134637
216.0,Umvoti,ssp126,mid-term_2041-2060,0.4761181,-0.9347728,0.31433123,-0.5998181818181818,10.746594,0.06043107769423628,0.3063395989974933,10.000885,0.8610058,3.639135,0.32719454,0.22361985,1.0542816,0.05384443342560576,-3.1955538,23.076294,-2.325,0.60098124,0.9612133,-0.21473083,13.412967,2.377591,18.915264,10.292578,0.43902665,1.5201569,7.316215
216.0,Umvoti,ssp126,near-term_2021-2040,-0.17788276,-0.22427289,0.4073309,-0.40931818181818186,16.657385,-0.037068922305765285,0.10783959899749425,6.3575716,0.45101222,4.0872054,0.38511768,0.080056764,1.8710877,0.04180277678368949,-1.6705533,17.719187,-1.5874999999999997,0.25051063,0.66333354,1.4615589,10.802555,1.5285909,12.8587675,6.881776,0.15877704,1.1396897,5.9646363
216.0,Umvoti,ssp245,far-term_2081-2100,-0.30859527,-1.7290909,0.4637598,-0.8422727272727274,25.257532,0.4719548872180496,0.5639348370927315,18.927109,1.6101097,7.7870584,0.7177444,0.9793625,1.911879,0.12189798019838953,-5.8459773,34.735497,-3.3590909090909093,1.7677855,1.9975178,-4.586216,23.638403,5.309378,40.732204,20.8404,1.7043955,2.3669288,22.936192
216.0,Umvoti,ssp245,mid-term_2041-2060,0.2813999,-1.1777273,0.1847126,-0.6468181818181818,4.596265,-0.032330827067671916,0.2801253132832076,8.487613,0.83967054,3.9276397,0.39786506,-0.18622208,1.0809113,0.06191074343401208,-3.3711777,21.688576,-2.4918181818181817,1.1225642,1.2129879,-2.097005,15.846473,2.5045455,22.867584,13.482881,1.0820291,1.4311272,11.567945
216.0,Umvoti,ssp245,near-term_2021-2040,0.7846195,0.018755937,-0.041168977,-0.35935406698564604,-1.7423706,-0.6960689223057678,0.26883959899749355,9.800586,1.1478899,5.7359443,0.66615826,0.61803055,0.031182861,0.050514979415750005,-0.44541207,12.04314,-1.487464114832536,0.46996066,0.55611646,0.25995103,9.556992,0.9773843,10.438301,7.4376082,0.50085104,0.6929375,5.0633583
216.0,Umvoti,ssp370,far-term_2081-2100,0.14343223,-2.0789394,0.640752,-1.0640404040404041,1.6322998,-0.543358395989977,0.6447869674185462,21.277914,2.2049203,12.715713,1.3847624,1.6307976,2.7000885,0.09786171435586315,-8.480146,58.272354,-4.317777777777778,2.9907236,3.3549714,-6.0056553,34.495453,13.988535,73.307434,26.781376,2.2518675,4.178481,48.169373
216.0,Umvoti,ssp370,mid-term_2041-2060,1.2760662,-1.5339394,0.20127888,-0.8651515151515152,-7.3688354,-0.8423057644110287,0.29899749373433526,11.396726,1.389348,8.775789,1.0250278,1.3214775,2.602803,0.06142979909172954,-5.253432,32.60468,-3.3166666666666673,1.3314456,1.5442215,-1.5595833,18.268417,4.267424,27.770767,14.277367,0.82695234,2.0266623,13.489928
216.0,Umvoti,ssp370,near-term_2021-2040,2.134486,-0.8489395,0.31654185,-0.6429292929292931,-10.282971,-0.82967418546366,0.2711027568922308,6.857904,0.8935316,2.4377456,0.30337462,-0.34537584,-0.01946869,-0.00773125221752764,-2.3357644,20.129564,-2.2283333333333335,0.6061559,0.8152927,1.1281497,11.264994,1.8352021,13.890209,7.5397363,0.2962017,1.0907997,6.0149283
216.0,Umvoti,ssp585,far-term_2081-2100,-1.941452,-2.0686364,0.7823307,-1.0622727272727273,28.08789,0.690050125313283,1.0006015037593985,32.999653,3.0616097,17.203794,1.7117815,2.1087525,4.1146407,0.20755013954964507,-8.87576,62.04539,-4.423181818181819,3.7808456,3.993999,-7.679949,42.443596,17.73409,99.07576,32.804096,3.3254786,4.799052,75.71128
216.0,Umvoti,ssp585,mid-term_2041-2060,-0.27716866,-1.455,0.7185217,-0.8401913875598087,19.16953,0.3771929824561404,0.49679197994987445,15.013794,1.2825073,8.351246,0.81551176,1.1692276,2.2505555,0.0910162669115108,-5.1509047,30.176037,-3.307033492822966,1.5772876,1.7609379,-3.3848312,20.330984,4.505885,33.242374,17.408194,1.428092,2.0780418,17.386993
216.0,Umvoti,ssp585,near-term_2021-2040,-0.0819294,-0.42511967,0.251379,-0.46430622009569394,9.886353,0.04814536340852058,0.4453634085213028,15.440231,1.5439188,6.879873,0.7104504,1.2539635,2.6620927,0.09765293405066125,-1.4013965,14.725795,-1.843062200956938,0.7358679,0.7156868,-0.2949234,10.958269,1.339091,12.687584,8.751246,0.66113126,0.83874816,5.406516
217.0,Mpofana,ssp126,far-term_2081-2100,1.1762295,-0.4931816,0.49947405,-7.957727272727274,18.27069,0.6128822055137846,0.4433114035087724,15.1682205,1.3418918,10.141342,1.0361581,1.433178,2.6854477,0.09894786701286451,-1.993876,17.980257,-12.778749999999997,0.38143468,0.43532944,-1.0563836,13.807125,1.993122,12.871044,11.641447,0.8982253,1.4265289,11.372181
217.0,Mpofana,ssp126,mid-term_2041-2060,0.25997543,-0.39068162,0.34322453,-8.042727272727271,19.75055,0.8153822055137852,0.41456140350877213,14.4177475,1.1949201,4.209854,0.35357523,0.40250778,2.190117,0.09108475430227081,-1.9845867,17.300608,-12.713750000000005,0.46767306,0.3881855,-0.90150833,12.494423,1.699372,11.426047,10.624983,0.7070651,1.2553539,8.611654
217.0,Mpofana,ssp126,near-term_2021-2040,0.07247543,0.46806848,0.72447395,-4.703977272727274,22.795044,0.6278822055137869,0.2383114035087719,9.717651,0.6968708,4.07773,0.34868956,0.6031189,2.529087,0.09276803382493437,-0.37961817,12.523335,-7.420000000000005,0.051965594,0.06994343,0.7406621,9.677034,1.0843722,7.0647974,7.0619736,0.4164343,0.84064484,6.4419174
217.0,Mpofana,ssp245,far-term_2081-2100,-0.4253807,-1.8124998,0.8775697,-14.506818181818183,41.41269,1.2516917293233085,0.7959899749373436,26.744392,2.170807,11.646357,1.0550942,2.0881138,3.9703712,0.18994545054644174,-5.2978125,32.296036,-25.61022727272728,1.6127505,2.0330744,-4.520894,23.749115,5.38768,28.997425,20.877865,1.8098683,2.5398579,27.492107
217.0,Mpofana,ssp245,mid-term_2041-2060,0.42938423,-1.0977271,0.2680459,-10.23522727272727,16.754547,0.5850250626566371,0.48646616541353405,15.743286,1.427516,7.1505814,0.69685054,0.9667282,2.5410957,0.13311058800026743,-2.902455,20.051733,-17.56931818181819,1.009618,1.2095327,-1.9985604,15.811609,2.5658495,15.762978,13.498627,1.1709933,1.5551968,14.08252
217.0,Mpofana,ssp245,near-term_2021-2040,1.1337299,0.26447392,0.04822302,-5.675179425837319,3.6311035,0.049132205513783944,0.3758114035087716,12.381573,1.3619542,6.644598,0.7565222,1.3078766,0.55568314,0.09203152896264433,0.0634017,11.2161045,-9.009928229665078,0.43339086,0.57269,0.43893147,9.386177,1.0593234,6.833732,7.3729515,0.49827003,0.7736931,6.2500625
217.0,Mpofana,ssp370,far-term_2081-2100,-0.45357513,-2.1640148,0.82500076,-20.238005050505052,17.625183,0.4041979949874648,0.9192982456140344,31.41764,3.053732,19.777458,2.0936553,3.0478458,4.5163574,0.20323483004913045,-8.047245,53.514595,-37.34444444444445,2.9625144,2.951374,-6.2449718,34.546856,13.050067,54.40313,27.37539,2.6747327,4.1695786,53.441845
217.0,Mpofana,ssp370,mid-term_2041-2060,1.18853,-1.3626261,0.40526342,-13.186616161616161,5.23468,0.23314536340852143,0.4837719298245611,17.09671,1.8282423,11.384941,1.2879527,2.2275276,3.6783981,0.15168134068937889,-4.435474,27.206633,-22.07916666666667,1.224762,1.0421762,-2.026623,17.448208,3.6028442,18.057295,14.645256,1.1182852,1.8080902,15.575178
217.0,Mpofana,ssp370,near-term_2021-2040,2.3727398,-0.4001261,0.32368517,-7.758838383838381,-0.6751709,-0.01948621553885488,0.31008771929824586,9.416019,1.0214252,4.3166656,0.47045922,0.28001595,0.78785706,0.07075530799535423,-1.4632239,15.544634,-12.040277777777774,0.49893188,0.27090263,0.4928975,10.118843,1.3889554,7.967019,7.6043243,0.5636406,0.85066414,6.582123
217.0,Mpofana,ssp585,far-term_2081-2100,-2.0087128,-2.206818,1.1620932,-21.427272727272726,49.463257,2.210025062656637,1.4197994987468667,46.306908,4.074752,25.819828,2.5291247,3.3648663,7.187916,0.3260095201098099,-8.573152,59.506565,-40.429545454545455,3.7578294,4.23909,-7.4939957,42.670227,17.251076,76.17435,32.890247,3.5341086,5.2244396,82.06465
217.0,Mpofana,ssp585,mid-term_2041-2060,0.07223892,-1.5034088,0.73352146,-13.918720095693779,31.536896,1.282644110275692,0.74718045112782,23.243355,2.01785,11.637081,1.1297519,2.076622,4.091938,0.17430905508494288,-4.7127237,28.367191,-23.80358851674641,1.5502937,1.8002853,-3.2877386,20.186558,4.583433,23.34474,17.363865,1.4666686,2.1979809,20.424185
217.0,Mpofana,ssp585,near-term_2021-2040,0.028196335,-0.31363642,0.41566372,-7.686842105263156,19.09311,0.6445488721804491,0.4531328320801997,15.821159,1.4439349,8.817854,0.8997812,1.421442,3.207817,0.14284809240555418,-1.0837936,13.738695,-12.263815789473687,0.70475125,0.7465353,-0.17338705,10.852165,1.4166865,8.286842,8.8092785,0.66894436,0.89881706,7.322995
218.0,Lesedi,ssp126,far-term_2081-2100,7.657696,-0.806932,0.5204387,-6.799318181818183,4.5417175,0.39308897243107666,0.13739035087719387,6.7478333,0.8539734,5.2219048,0.7258022,0.6607008,2.7125168,0.12250761869031734,-2.204998,18.120413,-12.713863636363634,0.45495033,0.5677004,-2.2131512,17.323982,2.7233253,31.755543,14.982714,1.168581,1.8409157,31.520487
218.0,Lesedi,ssp126,mid-term_2041-2060,6.6664467,-0.37568188,0.6741891,-6.153068181818183,9.852356,0.2980889724310778,0.23989035087719368,9.106178,1.049531,7.388485,1.0087473,1.2732105,3.4574585,0.1108800093628699,-1.8270879,16.434654,-12.286363636363637,0.43203104,0.31419945,-1.971437,15.218018,2.1745753,27.566792,13.560608,1.0183043,1.5944614,26.482332
218.0,Lesedi,ssp126,near-term_2021-2040,5.695202,0.35056806,0.32043982,-4.030568181818182,6.6886597,0.4118389724310756,0.06239035087719369,4.375992,0.54945755,2.441719,0.32997322,0.46232796,1.9894257,0.07013299330286982,-0.3489108,12.33502,-7.766363636363634,-0.002793312,-3.1471252e-05,-0.53139496,11.781398,1.4670753,19.81179,9.71516,0.5917649,1.0120182,19.288906
218.0,Lesedi,ssp245,far-term_2081-2100,11.584785,-2.7954545,0.7718668,-12.446590909090911,14.871521,0.6593984962405983,0.44304511278195546,13.812683,1.6396031,8.178028,1.0731845,1.4750996,2.727024,0.1923300400163237,-6.0047307,35.762318,-26.14318181818182,2.2377915,2.3454342,-5.707859,30.662342,7.9946766,64.153725,26.10702,2.393262,3.1286545,69.411835
218.0,Lesedi,ssp245,mid-term_2041-2060,6.821682,-1.7636364,0.3623438,-9.392045454545457,4.657074,0.6546365914786971,0.2870927318295742,9.193916,1.2160063,5.9769707,0.8393953,0.34553146,4.345146,0.1570056505155235,-3.5173864,22.432262,-18.917045454545452,1.3112473,1.3924513,-3.291675,20.30666,3.825598,38.868847,17.69763,1.4375367,1.9856491,38.57312
218.0,Lesedi,ssp245,near-term_2021-2040,6.1026955,-0.20293093,0.282938,-5.352033492822968,0.39135742,0.2855889724310785,0.1598903508771936,8.735859,1.3284307,6.7483425,1.0467188,0.9872093,1.6397858,0.11220855159326204,-0.5060301,12.547607,-10.124282296650723,0.66580796,0.726244,-0.43190956,11.998481,1.6304891,20.260357,9.806786,0.59195185,1.0743904,19.808083
218.0,Lesedi,ssp370,far-term_2081-2100,18.013283,-3.3806818,0.6596494,-15.469318181818185,4.832184,0.9369047619047581,0.5785087719298252,20.894989,2.9130435,12.717684,1.82497,2.4224167,6.381172,0.33483277431564806,-8.300713,57.617683,-35.13775252525252,3.4566283,3.2498198,-7.3110743,43.530075,15.9649935,98.8143,33.378304,3.3298845,4.733616,118.078674
218.0,Lesedi,ssp370,mid-term_2041-2060,10.831715,-2.5723484,0.35043907,-12.016540404040406,-1.0904846,0.3421679197994969,0.2679824561403512,10.672157,1.5041947,6.5481033,0.9238076,0.8518963,2.1727753,0.19131020636816665,-4.9270687,28.051468,-23.630808080808084,1.5240703,1.1485786,-3.4934888,21.590614,4.877492,40.705963,18.588144,1.4113588,2.0314484,41.666176
218.0,Lesedi,ssp370,near-term_2021-2040,5.0843353,-1.2709596,0.36622906,-7.606818181818183,-0.020446777,0.38032581453633973,0.05877192982456214,4.125969,0.6178279,3.783125,0.57248807,0.09552288,2.0109901,0.09836850860208246,-1.7098904,15.375782,-13.653030303030306,0.7008779,0.18300724,-0.42957592,11.790879,1.71777,19.136517,9.484386,0.70656586,0.9742279,18.66201
218.0,Lesedi,ssp585,far-term_2081-2100,21.25026,-3.4954543,0.83853436,-16.0,17.026306,1.3308270676691727,0.7704260651629078,28.716568,3.673861,18.639868,2.4925673,2.8903408,7.6539,0.4670538537105511,-8.903548,64.777855,-37.11590909090909,4.568575,4.9224644,-8.28884,53.944595,19.339233,132.29837,38.904182,4.402417,6.2387123,163.64813
218.0,Lesedi,ssp585,mid-term_2041-2060,10.144302,-2.5345094,0.4361534,-11.976196172248805,13.785095,1.2213032581453618,0.5906641604010028,16.676548,2.068934,9.205458,1.2205813,1.5700855,3.924488,0.24590378866176765,-5.271639,31.151321,-24.451674641148326,1.9008591,2.039053,-4.633772,25.541546,6.3677635,50.759987,21.9625,1.8201108,2.5001354,53.646927
218.0,Lesedi,ssp585,near-term_2021-2040,5.625248,-0.60023916,0.21115303,-6.822727272727274,15.136139,0.9665413533834588,0.4359022556390977,16.14999,2.0583014,11.968809,1.6735287,1.9770298,3.3772583,0.18951689524682136,-1.3261623,14.843046,-12.43433014354067,0.89125985,0.9262924,-0.8057332,13.292386,2.108373,22.606339,11.061226,0.76498604,1.1664906,21.718357
219.0,Midvaal,ssp126,far-term_2081-2100,6.072521,-0.55465937,0.7733016,-6.450795454545455,3.0724487,0.2574749373433569,0.23454260651629144,8.776455,1.1695781,5.361187,0.73415184,0.6442518,2.8360481,0.12539167849136668,-2.0306172,17.519081,-11.63590909090908,0.37885392,0.5986395,-2.2416236,17.621342,2.599976,34.31375,15.099871,1.1937165,1.8654137,33.62162
219.0,Midvaal,ssp126,mid-term_2041-2060,5.28627,-0.31590903,0.8620529,-5.757045454545453,10.710358,0.24747493734335713,0.3145426065162913,12.1816635,1.4894786,8.294991,1.1234334,1.096425,3.640194,0.1255904677683799,-1.6068506,15.836969,-11.032159090909085,0.35526145,0.36015892,-1.928967,15.490904,2.0612261,29.480003,13.617304,1.0547218,1.6218204,27.690035
219.0,Midvaal,ssp126,near-term_2021-2040,6.1937675,0.5740906,0.5333028,-3.5245454545454553,4.7894287,0.14247493734335492,0.04579260651629102,4.674347,0.5995326,2.8630352,0.39438152,0.34538364,2.0700188,0.05474034074232392,-0.09169483,11.91016,-6.828409090909085,-0.06462538,0.085944176,-0.5745826,12.02261,1.389976,21.515,9.845797,0.5996609,1.0049953,20.55056
219.0,Midvaal,ssp245,far-term_2081-2100,11.470612,-2.4568186,0.7291355,-12.098863636363635,16.919617,0.48045112781954735,0.5182330827067674,16.32296,1.9411263,11.729815,1.5683429,1.8936949,3.391861,0.22338679348946666,-5.8163595,34.45871,-24.26477272727272,2.1276822,2.3689108,-5.6689467,31.060802,7.7762566,67.71318,26.013506,2.3760357,3.1519566,73.24154
219.0,Midvaal,ssp245,mid-term_2041-2060,6.2610855,-1.380682,0.46246958,-9.099999999999998,3.8925781,0.43402255639097653,0.2741854636591483,10.718494,1.4592013,5.7616615,0.7875948,0.5647993,4.4585686,0.14828720087006042,-3.3190324,21.666607,-17.740909090909085,1.2777379,1.4467735,-3.242818,20.564243,3.7415671,41.40569,17.757204,1.4495134,2.00848,40.88465
219.0,Midvaal,ssp245,near-term_2021-2040,5.780018,0.19940174,0.4283018,-4.891507177033492,-1.1149597,-0.09877506265664593,0.20454260651629097,10.135334,1.5705218,7.0764885,1.1014771,0.95969677,1.6415863,0.1180503828419166,-0.2713523,12.114599,-9.173265550239229,0.5888053,0.72148705,-0.42262983,12.118334,1.5842305,21.265133,9.806675,0.62460995,1.0800152,20.754383
219.0,Midvaal,ssp370,far-term_2081-2100,17.858837,-3.156187,0.824749,-15.52260101010101,5.2408447,0.5333959899749381,0.5709899749373442,22.423744,3.0941358,13.5697975,1.9311275,2.473218,6.538292,0.3460495825836549,-8.118424,55.42049,-33.41452020202019,3.3192332,3.237011,-7.2920504,44.378254,15.40192,103.77501,33.51561,3.3701725,4.839445,123.74736
219.0,Midvaal,ssp370,mid-term_2041-2060,9.918041,-2.0811872,0.4852767,-11.707323232323231,-0.16882324,0.15313283208020145,0.24335839598997544,12.070297,1.6549544,7.5862026,1.0288417,0.89358616,2.1981735,0.19126216351699155,-4.6603117,26.735209,-21.68257575757575,1.4043002,1.1063604,-3.4653566,21.976921,4.5283093,43.862503,18.706419,1.3996081,2.0761757,44.586243
219.0,Midvaal,ssp370,near-term_2021-2040,3.827259,-1.006187,0.5142231,-6.9795454545454545,0.55908203,0.028132832080199677,0.1459899749373439,7.1237564,1.01473,3.5985851,0.5239544,-0.014392853,2.509941,0.1084807092374982,-1.4035587,14.69565,-12.067297979797972,0.5958575,0.18656826,-0.44976377,12.032631,1.6213648,20.809723,9.6145115,0.71611786,1.045166,20.019573
219.0,Midvaal,ssp585,far-term_2081-2100,21.006329,-3.2613637,0.9291363,-16.186363636363637,15.914337,0.9447368421052627,0.6956140350877198,29.124493,3.7498593,19.182976,2.5548418,2.5692492,7.45348,0.49207026067920623,-8.821359,63.191532,-35.751136363636355,4.509487,4.992491,-8.291018,54.43726,18.975658,136.29886,38.95169,4.4513054,6.33304,167.73227
219.0,Midvaal,ssp585,mid-term_2041-2060,9.303944,-2.3436007,0.55532646,-11.60974880382775,13.570343,0.9161654135338324,0.5801378446115295,18.031338,2.267716,11.460222,1.5391402,1.5354624,4.1127243,0.26466100281711435,-5.049989,29.918865,-22.818540669856453,1.8462079,2.0616312,-4.6441727,25.989832,6.20616,54.08906,21.95407,1.8582172,2.5594387,57.17394
219.0,Midvaal,ssp585,near-term_2021-2040,5.564663,-0.2070576,0.2410407,-6.383074162679424,15.11441,0.6316416040100226,0.5051378446115289,19.027084,2.4894004,12.078545,1.671668,1.9783659,3.5714798,0.18508963715290117,-1.0951533,14.338696,-11.498863636363634,0.8656997,0.91041565,-0.76371145,13.416714,2.026316,24.071583,11.0814705,0.75124645,1.2272205,23.24179
220.0,Emfuleni,ssp126,far-term_2081-2100,5.9994774,-0.83443165,0.5709801,-5.606022727272727,-3.71344,-0.06019110275689421,0.12061716791979982,6.6066513,1.058815,2.7881365,0.43447614,0.32708263,2.0540886,0.07079434328031287,-2.1736822,17.992464,-11.059204545454552,0.40239292,0.6010332,-2.2960665,18.25338,2.7453709,36.029953,15.459093,1.231195,1.873888,36.71034
220.0,Emfuleni,ssp126,mid-term_2041-2060,5.8432236,-0.62193155,0.6747303,-5.257272727272727,7.856842,0.16355889724310124,0.25811716791979955,10.206383,1.3239498,6.2384195,0.8855579,1.1127863,3.592598,0.1049062652597974,-1.8184371,16.147482,-10.494204545454547,0.40761954,0.3789177,-1.9488468,16.069923,2.1203706,30.793694,13.9398365,1.0614061,1.6404724,30.474812
220.0,Emfuleni,ssp126,near-term_2021-2040,6.289463,0.21806836,0.27598,-3.2897727272727266,0.12478638,0.0010588972431033739,-0.015632832080200387,3.5159416,0.5838723,1.4810734,0.2542572,0.19855118,1.5142136,0.037173132505749606,-0.37311935,12.293079,-6.627954545454548,-0.020664454,0.11616421,-0.597198,12.367941,1.3853707,22.7112,10.196079,0.6408515,1.0405159,22.386656
220.0,Emfuleni,ssp245,far-term_2081-2100,11.393105,-2.5590906,0.48389626,-9.802272727272728,10.396088,0.225939849624055,0.419486215538847,13.616779,1.8195667,7.4047747,1.0781245,1.6255255,2.7938728,0.16324081492678877,-5.967922,35.184444,-21.877272727272732,2.170167,2.4425259,-5.676526,31.98339,8.063816,70.15537,26.343462,2.4077172,3.2093182,78.49599
220.0,Emfuleni,ssp245,mid-term_2041-2060,5.808586,-1.4329543,0.20532608,-7.473863636363637,-1.5305176,0.25927318295739,0.22186716791979944,9.613968,1.4639053,5.0248213,0.7838485,0.7596569,4.1651077,0.11106789867883204,-3.4780421,22.312244,-16.28409090909091,1.3278183,1.4595594,-3.2527366,21.226257,3.9278712,43.17518,18.097738,1.5106606,2.0147781,44.218864
220.0,Emfuleni,ssp245,near-term_2021-2040,5.8432236,0.03307402,0.047230244,-4.308313397129187,-3.2440796,-0.1801911027568952,0.20311716791979983,10.242172,1.707674,5.976306,0.99257064,1.0293798,1.8064079,0.10605613579418982,-0.38519,12.648617,-8.772787081339718,0.63540983,0.7399473,-0.4492321,12.483875,1.6444976,22.488453,10.135199,0.63178873,1.0950661,22.536152
220.0,Emfuleni,ssp370,far-term_2081-2100,19.395985,-3.2237372,0.61854553,-11.991161616161616,-0.71939087,0.2722431077694214,0.4310776942355894,17.115635,2.5807095,10.372684,1.5624313,2.1055555,5.449154,0.2971388338217049,-8.13662,55.82122,-28.71628787878788,3.2648153,3.2511005,-7.3970466,45.77803,15.59037,106.637184,34.102234,3.4513593,4.9521885,131.02896
220.0,Emfuleni,ssp370,mid-term_2041-2060,10.282825,-2.0390148,0.27907133,-9.216161616161617,-2.341278,0.049874686716789185,0.21002506265664223,9.461945,1.3900051,5.2842855,0.757957,0.87597466,1.4269295,0.1810778589926061,-4.648053,26.648987,-19.002398989898992,1.3001261,1.1266651,-3.5276906,22.748962,4.6223154,45.796886,19.18392,1.4294567,2.1327972,48.253975
220.0,Emfuleni,ssp370,near-term_2021-2040,3.5078354,-0.6792929,0.32775593,-5.303661616161616,-0.7267151,0.059085213032577855,0.15739348370927342,6.738365,1.0593796,2.846715,0.45128822,0.23582935,2.566616,0.0989978348795928,-1.2082248,14.398354,-10.274621212121215,0.48656064,0.17734146,-0.4475088,12.464094,1.6473153,22.2594,9.930357,0.70196056,1.1216488,22.091478
220.0,Emfuleni,ssp585,far-term_2081-2100,21.497864,-3.3488636,0.6469917,-12.480681818181818,9.306763,0.6830827067669141,0.6956766917293238,27.014614,3.7513647,14.945115,2.0930579,2.910861,7.3646507,0.4189043064038884,-8.90786,64.25191,-30.585227272727273,4.53308,5.0705442,-8.358263,55.734,19.191505,138.8638,39.325302,4.537914,6.373953,175.5284
220.0,Emfuleni,ssp585,mid-term_2041-2060,9.143112,-2.3299637,0.23627806,-9.244318181818183,6.542053,0.5926065162907239,0.46710526315789536,15.696209,2.1745367,8.031825,1.1538038,1.4769545,3.573803,0.21191209087058516,-5.150451,30.389454,-20.299880382775125,1.8182364,2.1151047,-4.657851,26.8656,6.3623805,56.197662,22.359827,1.8666363,2.577816,62.277195
220.0,Emfuleni,ssp585,near-term_2021-2040,5.471676,-0.291268,-0.016103268,-5.349342105263158,10.984161,0.5640350877192954,0.4075814536340854,15.41069,2.1194506,9.252601,1.3470128,1.9839029,3.2372818,0.1540197841155324,-1.2291579,14.561838,-10.77075358851675,0.8566537,0.950634,-0.7282076,13.790573,2.1221292,25.277458,11.266623,0.7430558,1.2708588,25.283142
221.0,Blue Crane Route,ssp126,far-term_2081-2100,2.2066455,-0.3695722,-0.06912983,-1.60114973262032,-20.742476,-0.5460397316821471,0.19082190771045257,4.0047708,2.021426,1.7411462,0.7347889,0.12310937,0.36480445,0.042631363017030015,-0.9532256,13.464145,-4.3367379679144396,0.28692037,0.401518,-0.20678419,12.158691,1.5124514,24.123194,9.086727,0.7589405,1.629217,7.276264
221.0,Blue Crane Route,ssp126,mid-term_2041-2060,3.33988,-0.506484,-0.0041297185,-1.4223262032085562,-7.229176,-0.007216202270382019,0.259498378298688,6.2046165,1.6884581,2.3803759,0.6462752,0.099359624,1.0432225,0.07537332184058045,-0.93174314,13.2104645,-3.996885026737967,0.2312541,0.3438567,0.27470633,10.921104,1.3723043,20.285988,7.8203654,0.6984033,1.3992859,6.078586
221.0,Blue Crane Route,ssp126,near-term_2021-2040,1.3417921,0.23792776,0.17763472,-0.8173262032085553,-4.81162,-0.0910397316821465,0.10758661359280565,2.4074352,0.95920193,0.7901931,0.34272066,-0.026306152,0.078427255,0.02504816446109077,0.30010667,10.315207,-2.480561497326203,-0.011853193,0.13326308,1.4819598,8.559415,0.9331867,13.604665,5.056623,0.2920192,0.9259805,3.904747
221.0,Blue Crane Route,ssp245,far-term_2081-2100,3.07731,-0.9018716,-0.05304446,-2.9248663101604273,-20.03519,-0.5051083591331272,0.04921126345274958,0.70849365,1.0339909,1.2581758,0.5965585,0.08968847,-1.2375216,0.005140288299210205,-4.036671,22.742453,-8.224732620320856,1.2556558,1.9687757,-3.0195465,18.247852,3.53896,42.618397,15.312218,1.656035,2.4756851,13.409538
221.0,Blue Crane Route,ssp245,mid-term_2041-2060,2.1833334,-0.521123,0.0008770718,-2.172860962566844,-13.784869,-0.39740527790063435,0.2090151850213771,6.5286155,2.2348716,5.7505255,1.6118121,1.4171367,2.6645565,0.09787899770239301,-1.91833,15.05915,-6.013235294117647,0.75811386,1.2849109,-0.8823505,12.95014,1.8716226,26.152431,9.945849,0.89969945,1.608371,7.6563096
221.0,Blue Crane Route,ssp245,near-term_2021-2040,1.1907634,0.23769353,0.007046503,-1.0557627357162953,-8.064091,-0.4311867905056754,0.09273367241633496,5.844955,1.7730329,4.569697,1.1862681,1.0261985,0.76309067,0.05538659315598912,0.72888845,8.730966,-2.9928229665071777,0.32236627,0.6292828,1.3807316,8.2259035,0.8681036,12.188203,4.909488,0.46117115,0.69490165,3.7805839
221.0,Blue Crane Route,ssp370,far-term_2081-2100,5.327149,-1.2779709,-0.20625836,-4.286051693404635,-40.855537,-1.3648090815273484,0.05817484888692319,1.5774633,2.2229378,3.9598665,1.5327704,0.56875926,-1.7325945,-0.0034894005913695633,-7.0051765,37.73277,-11.967260843731433,2.1023989,2.7873914,-4.9372373,26.598772,8.12853,66.83991,20.861124,2.350311,4.0118837,28.717234
221.0,Blue Crane Route,ssp370,mid-term_2041-2060,2.7348878,-0.7631016,-0.08474137,-2.8004307783719544,-11.042441,-0.314809081527348,0.28743181483119573,8.517125,2.493969,3.8895395,1.0419134,0.9790896,0.8651821,0.07689320354040273,-2.8744345,18.473375,-7.235561497326203,0.7852991,0.95429105,-0.72729635,13.95558,2.2930725,27.33501,10.293404,1.0216384,1.8078148,9.078181
221.0,Blue Crane Route,ssp370,near-term_2021-2040,2.2924743,-0.17519312,0.07206987,-1.5790255496137842,-5.891564,-0.016976264189886826,0.19780333185905952,4.8107266,1.4713414,1.1123983,0.33436662,-0.20618203,0.47662646,0.0785317843529039,-0.15685238,10.648795,-3.8460190136660732,0.26250693,0.29884854,1.5922194,8.541876,1.0115365,12.418996,4.8638887,0.37619853,0.96221024,3.914293
221.0,Blue Crane Route,ssp585,far-term_2081-2100,5.784034,-1.2906417,-0.1599072,-4.594117647058823,-46.597164,-1.507489311514079,0.018118826477959732,-0.38389274,2.17548,2.6729627,1.4191848,0.10607753,-2.1210644,-0.030141332945122765,-7.8289957,43.80599,-13.041042780748667,2.7255492,3.87326,-6.5099645,32.167458,11.279109,86.68171,26.020603,3.1041129,4.7159023,40.95435
221.0,Blue Crane Route,ssp585,mid-term_2041-2060,3.213306,-0.73126227,0.09135339,-2.6482620320855603,-17.33702,-0.39516438154209066,0.1569143446852426,2.9769797,1.4136103,2.8926802,0.9097543,0.5043041,0.97513825,0.044533724509331754,-3.053465,19.131723,-7.272086968758796,0.9887354,1.6890953,-1.8173141,15.600419,2.7555165,34.045246,12.283349,1.1677854,2.1633625,10.625637
221.0,Blue Crane Route,ssp585,near-term_2021-2040,2.022129,-0.03994511,0.06390244,-1.3676611314382208,-4.139564,-0.0017470145953123004,0.24122807017543865,6.430948,1.7830625,4.371988,1.1374111,1.1184636,2.2306879,0.11073757659421718,0.11654652,10.103633,-3.767443005910497,0.47663382,0.8232123,0.89366645,9.25878,1.1182451,15.416469,6.209858,0.56854844,1.0414103,4.4470663
222.0,City of Johannesburg,ssp126,far-term_2081-2100,8.6773405,-1.08553,0.56279945,-5.66030303030303,-2.557312,-0.16286549707602185,0.13391186299081084,4.6805673,0.6879673,3.085324,0.4523101,0.52294415,2.4546459,0.08714139656940478,-2.4781425,18.63785,-12.113560606060608,0.5291,0.6526883,-2.2393916,17.967302,2.906978,32.933144,15.323443,1.2039633,1.8606313,35.542484
222.0,City of Johannesburg,ssp126,mid-term_2041-2060,6.835673,-0.99636346,0.6752987,-5.503636363636361,7.111857,-0.0378654970760266,0.26974519632414395,9.890988,1.2165724,7.739761,1.0716058,1.6943016,3.3530476,0.12769293186834366,-2.19091,16.85793,-11.568560606060606,0.5174434,0.4604524,-1.977759,15.827299,2.2694778,28.40814,13.921524,1.0333138,1.6056162,29.4302
222.0,City of Johannesburg,ssp126,near-term_2021-2040,8.514012,-0.011363666,0.30446592,-3.611969696969696,2.570699,-0.20286549707602575,0.018078529657477322,4.4138007,0.60602254,3.4264786,0.49203858,0.7218933,1.5800222,0.06597837827929058,-0.6157341,12.725802,-7.636893939393939,0.061188024,0.080434166,-0.6477305,12.191784,1.495311,20.731478,10.180345,0.6398166,1.0058848,21.572308
222.0,City of Johannesburg,ssp245,far-term_2081-2100,12.973056,-2.846212,0.41629124,-9.203030303030303,9.121806,0.24665831244778738,0.34887218045112894,11.780678,1.4621162,8.432338,1.1738701,1.7347006,2.568039,0.18182025357753862,-6.2078266,36.29664,-22.262121212121215,2.2819016,2.478222,-5.7504067,31.616106,8.248325,64.80116,26.424208,2.371033,3.2128613,75.96119
222.0,City of Johannesburg,ssp245,mid-term_2041-2060,6.623853,-2.0106058,0.26708445,-7.140151515151515,-0.012613933,0.06253132832080037,0.2266499582289064,9.958206,1.4233946,7.947916,1.1796813,0.83834964,4.441874,0.1309142537283924,-3.7708304,22.793886,-16.90909090909091,1.3750348,1.4964892,-3.2656014,20.844484,3.9910686,39.667305,17.997404,1.4753441,1.9860853,41.8543
222.0,City of Johannesburg,ssp245,near-term_2021-2040,7.209849,-0.37763128,0.3044653,-4.428349282296649,-2.4366658,-0.15036549707602612,0.18807852965747726,9.46172,1.4744434,6.604275,1.0460768,1.2259483,1.8753738,0.1216752468122797,-0.64675426,12.954479,-9.22755183413078,0.7145694,0.80478984,-0.466252,12.308079,1.7172159,21.161287,10.002982,0.5836153,1.0797285,22.01917
222.0,City of Johannesburg,ssp370,far-term_2081-2100,21.230326,-3.417845,0.5773595,-11.018265993265992,3.0417888,0.5309941520467826,0.5638680033416881,21.530357,2.9960625,13.555071,1.9579402,3.002341,6.6427207,0.38743658889778904,-8.316693,57.675476,-28.64217171717172,3.4932637,3.4274762,-7.4102426,44.860146,15.815311,98.82287,33.84908,3.3774176,4.857506,126.255486
222.0,City of Johannesburg,ssp370,mid-term_2041-2060,11.659268,-2.4567337,0.28437772,-8.84882154882155,-1.9741211,0.0888888888888862,0.23755221386800418,10.539256,1.4513359,7.580192,1.0550574,1.4520569,2.239708,0.20969807340407667,-4.878338,27.428524,-20.002356902356905,1.4037993,1.17656,-3.560346,22.37011,4.775496,41.671925,19.12114,1.4110485,2.0989354,46.286972
222.0,City of Johannesburg,ssp370,near-term_2021-2040,4.9890924,-0.8428448,0.3668343,-5.331228956228956,-0.78584796,-0.0198830409356745,0.15685045948203902,7.5725045,1.1382746,4.987103,0.7845402,0.7340571,2.0861893,0.12020595700793724,-1.4301485,14.586267,-10.978282828282829,0.58219564,0.17746861,-0.47915015,12.2368145,1.7041999,19.884901,9.781498,0.68157035,1.08085,20.976791
222.0,City of Johannesburg,ssp585,far-term_2081-2100,24.396875,-3.4992423,0.66867286,-11.326515151515151,12.592061,0.5982456140350862,0.7528404344193822,29.881159,3.896843,19.667679,2.6670175,3.7175229,8.149409,0.516447488212413,-8.956881,65.256004,-29.981060606060606,4.6689925,5.0974007,-8.381498,55.238106,19.244856,131.05518,39.213444,4.482364,6.2916985,172.36938
222.0,City of Johannesburg,ssp585,mid-term_2041-2060,9.934166,-2.6216903,0.3829578,-8.742304625199361,7.892863,0.5164995822890562,0.498078529657477,16.653418,2.1952503,9.719966,1.3317386,1.9475046,4.072169,0.2485288170401662,-5.3846807,31.230206,-20.658572567783093,1.8776917,2.135786,-4.67227,26.294567,6.44992,51.4187,22.234747,1.8329529,2.4962513,58.738434
222.0,City of Johannesburg,ssp585,near-term_2021-2040,6.58655,-0.5847686,0.051211994,-5.264274322169059,10.78418,0.5236424394319114,0.3012531328320813,15.004433,1.9348894,13.295594,1.8843285,2.4226277,3.1153157,0.16924416419064178,-1.4015611,14.889527,-11.371132376395538,0.8670899,0.9879322,-0.7055127,13.613144,2.1742826,23.236996,11.247552,0.7600031,1.1808103,24.09954
223.0,Ekurhuleni,ssp126,far-term_2081-2100,8.878906,-0.76674247,0.4764875,-4.984621212121212,1.4378256,0.00031746031745782943,0.16382623224728507,6.872368,0.9028136,5.8705125,0.8214383,0.73815155,2.7749074,0.1323705978272137,-2.3932607,18.504133,-11.320075757575763,0.5200988,0.6209056,-2.2222905,17.586557,2.8727832,32.4722,15.063775,1.1759189,1.8514799,32.777485
223.0,Ekurhuleni,ssp126,mid-term_2041-2060,7.029737,-0.5317425,0.5514867,-4.75128787878788,8.286194,0.09531746031746025,0.26382623224728485,10.063464,1.1970825,8.804423,1.1980009,1.5779546,3.3914769,0.14326834687660472,-2.0724406,16.785162,-10.705075757575763,0.49304175,0.40354347,-1.992157,15.490387,2.2761164,28.105541,13.698503,1.0224756,1.5911942,27.525728
223.0,Ekurhuleni,ssp126,near-term_2021-2040,7.2214,0.2882575,0.2539873,-3.2204545454545452,5.0053916,0.0986507936507941,0.06882623224728501,4.535576,0.56666183,3.6620967,0.4997827,0.76484936,1.9274546,0.09106706677035763,-0.5497882,12.597793,-7.142575757575763,0.043557923,0.047814053,-0.6116641,11.963364,1.5161164,20.3472,9.92216,0.611049,1.0075175,20.19854
223.0,Ekurhuleni,ssp245,far-term_2081-2100,12.918706,-2.6666667,0.571805,-8.143939393939394,12.156311,0.31825396825396624,0.3828738512949042,13.032453,1.5345026,9.851215,1.3140455,1.7581354,2.8011627,0.21617561996949686,-6.129393,36.18634,-20.82575757575758,2.2707088,2.42533,-5.754896,31.08795,8.151036,64.81208,26.234547,2.3644674,3.1706429,72.286255
223.0,Ekurhuleni,ssp245,mid-term_2041-2060,6.246485,-1.7340909,0.29085287,-6.2643939393939405,2.541402,0.2690476190476178,0.25112781954887203,9.503189,1.2773443,8.403987,1.1999141,0.6408119,4.5344467,0.16021141772966155,-3.6720772,22.71294,-15.787121212121216,1.3561589,1.4690933,-3.3048851,20.50697,3.9215713,39.52365,17.816046,1.4443477,1.9890327,39.888638
223.0,Ekurhuleni,ssp245,near-term_2021-2040,6.323069,-0.23046239,0.3573214,-3.886323763955343,-1.1468302,0.042817460317458256,0.1929928989139514,9.217547,1.4005356,7.6141496,1.172532,1.2537308,1.7131805,0.129182133592062,-0.60722256,12.751532,-8.626156299840519,0.70332235,0.77530795,-0.45509243,12.109694,1.6926988,20.85929,9.849832,0.5718911,1.0693983,20.576693
223.0,Ekurhuleni,ssp370,far-term_2081-2100,19.167368,-3.239983,0.52376777,-9.71952861952862,5.06545,0.6866332497911442,0.6120718462823729,22.011887,2.9918537,14.697868,2.067403,2.940749,7.020823,0.39064341522950635,-8.325873,57.96838,-26.65387205387206,3.519011,3.384412,-7.3671675,43.985573,15.843708,99.42601,33.57271,3.3421707,4.7758408,120.65848
223.0,Ekurhuleni,ssp370,mid-term_2041-2060,10.894565,-2.4223905,0.35271516,-7.962121212121214,-1.4591879,0.1804928989139493,0.2655806182121971,11.144893,1.5135034,9.167899,1.2722583,1.3740984,2.4584427,0.21808554916701764,-4.9595747,27.960043,-19.195538720538725,1.4866948,1.2019304,-3.5568259,21.880266,4.8464866,41.27785,18.84826,1.4035543,2.073241,43.294586
223.0,Ekurhuleni,ssp370,near-term_2021-2040,5.8577247,-0.8973906,0.27552223,-5.202861952861954,-0.51938885,0.1682121971595644,0.0918964076858814,5.5289383,0.81970596,5.751718,0.87521905,0.5772069,1.936409,0.13498615754794852,-1.622006,15.035236,-11.334427609427616,0.6705496,0.19587517,-0.4687818,11.964428,1.7038941,19.596373,9.584445,0.6910178,1.0265999,19.372368
223.0,Ekurhuleni,ssp585,far-term_2081-2100,22.520294,-3.3227272,0.6567262,-9.933333333333335,15.475383,0.9373015873015854,0.7582706766917293,29.556786,3.7330163,22.401062,2.9820487,3.4755642,8.198413,0.5309755368718084,-8.936349,65.20612,-27.725000000000005,4.6325884,5.0244937,-8.3304825,54.445213,19.298086,132.98274,39.037773,4.4261537,6.2597985,167.14339
223.0,Ekurhuleni,ssp585,mid-term_2041-2060,9.552841,-2.3590908,0.37497997,-7.834011164274322,11.45166,0.8095238095238054,0.5416040100250626,16.988451,2.1271603,11.6576185,1.5428509,2.0074375,4.194163,0.26903129952165816,-5.3538857,31.287573,-19.62978468899522,1.901311,2.103613,-4.663235,25.808477,6.420375,51.492905,22.099691,1.8283857,2.4797974,55.704514
223.0,Ekurhuleni,ssp585,near-term_2021-2040,5.914734,-0.44980073,0.08212312,-4.7318181818181815,12.980164,0.673015873015873,0.3892230576441107,15.485217,1.9301567,14.250714,1.9720365,2.4151142,3.2293522,0.19271602609886487,-1.4144999,14.922963,-10.808014354066993,0.87237227,0.9697946,-0.7883787,13.403351,2.1681418,22.9494,11.155372,0.758523,1.1668587,22.46959
